vehicle_id,evaluation_timestamp,prediction_horizon,speed,speed_limit,event_type,gps_freshness,traffic_level,weather,zone_historical_risk,restriction_level,slow_down_zone_active,pedestrian_exposure,speed_over_limit,speed_over_limit_band,speeding_ratio_5m,speeding_ratio_10m,mean_speed_5m,mean_speed_30m,max_speed_5m,speed_std_10m,speed_delta_last_3_events,harsh_brake_count_10m,sharp_turn_count_10m,recent_harsh_brake_count_10m,recent_sharp_turn_count_10m,alert_density_30m,risk_escalation_rate,shift_hours,night_flag,time_since_last_intervention,post_intervention_noncompliance,traffic_weather_compound_index,zone_transition_risk,previous_risk,risk_trend,latent_synthetic_risk,near_miss_within_next_15m
PM-SYN-000,2026-08-19T07:40:00+08:00,15m,21,25,normal_update,fresh,high,rain,0.72,caution,False,medium,0,none,0.333,0.4,24.67,26.8,29.0,3.5,-8.0,1,0,1,0,6.0,0.0,0.5,False,999.0,False,0.75,0.35,0.123,decreasing,0.138,0
PM-SYN-000,2026-08-19T07:42:00+08:00,15m,17,25,normal_update,delayed,high,rain,0.72,caution,False,medium,0,none,0.0,0.2,20.67,25.33,24.0,3.92,-7.0,1,0,1,0,6.0,0.0,0.53,False,999.0,False,0.75,0.35,0.138,decreasing,0.082,0
PM-SYN-000,2026-08-19T07:44:00+08:00,15m,24,25,normal_update,delayed,high,rain,0.72,caution,False,medium,0,none,0.0,0.2,20.67,25.33,24.0,3.95,3.0,0,0,0,0,6.0,0.0,0.57,False,999.0,False,0.75,0.35,0.082,decreasing,0.034,0
PM-SYN-000,2026-08-19T07:46:00+08:00,15m,25,25,normal_update,fresh,high,rain,0.72,caution,False,medium,0,none,0.0,0.0,22.0,24.67,25.0,2.93,8.0,0,0,0,0,4.0,0.0,0.6,False,999.0,False,0.75,0.35,0.034,stable,0.057,0
PM-SYN-000,2026-08-19T07:48:00+08:00,15m,21,25,normal_update,fresh,high,rain,0.72,caution,False,medium,0,none,0.0,0.0,23.33,24.67,25.0,2.8,-3.0,0,0,0,0,4.0,0.0,0.63,False,999.0,False,0.75,0.35,0.057,decreasing,0.029,0
PM-SYN-000,2026-08-19T07:50:00+08:00,15m,25,25,normal_update,fresh,high,rain,0.72,caution,False,medium,0,none,0.0,0.0,23.67,25.07,25.0,3.07,0.0,0,0,0,0,4.0,0.0,0.67,False,999.0,False,0.75,0.35,0.029,stable,0.026,0
PM-SYN-000,2026-08-19T07:52:00+08:00,15m,31,25,harsh_brake,fresh,high,rain,0.72,caution,False,medium,6,minor,0.333,0.2,25.67,25.6,31.0,3.25,10.0,1,0,1,0,6.0,0.294,0.7,False,999.0,False,0.75,0.35,0.026,increasing,0.05,1
PM-SYN-000,2026-08-19T07:54:00+08:00,15m,31,25,normal_update,fresh,high,rain,0.72,caution,False,medium,6,minor,0.667,0.4,29.0,26.0,31.0,3.88,6.0,1,0,1,0,6.0,0.27,0.73,False,0,True,0.75,0.35,0.05,increasing,0.151,1
PM-SYN-000,2026-08-19T07:56:00+08:00,15m,33,25,normal_update,fresh,high,rain,0.72,caution,False,medium,8,minor,1.0,0.6,31.67,25.93,33.0,4.49,2.0,1,0,1,0,4.0,0.249,0.77,False,2,True,0.75,0.35,0.151,increasing,0.124,1
PM-SYN-000,2026-08-19T07:58:00+08:00,15m,22,25,normal_update,fresh,high,rain,0.72,caution,False,medium,0,none,0.667,0.6,28.67,26.07,33.0,4.18,-9.0,1,0,1,0,4.0,0.0,0.8,False,4,True,0.75,0.35,0.124,decreasing,0.159,1
PM-SYN-000,2026-08-19T08:00:00+08:00,15m,25,25,normal_update,fresh,high,rain,0.72,caution,False,medium,0,none,0.333,0.6,26.67,25.4,33.0,4.18,-8.0,1,0,1,0,4.0,0.0,0.83,False,6,True,0.75,0.35,0.159,decreasing,0.095,1
PM-SYN-000,2026-08-19T08:02:00+08:00,15m,26,25,harsh_brake,fresh,high,rain,0.72,caution,False,medium,1,minor,0.333,0.6,24.33,25.13,26.0,4.03,4.0,1,0,1,0,6.0,0.025,0.87,False,0,False,0.75,0.35,0.095,stable,0.101,1
PM-SYN-000,2026-08-19T08:04:00+08:00,15m,21,25,normal_update,fresh,high,rain,0.72,caution,False,medium,0,none,0.333,0.4,24.0,25.0,26.0,4.22,-4.0,1,0,1,0,4.0,0.0,0.9,False,2,False,0.75,0.35,0.101,stable,0.098,1
PM-SYN-000,2026-08-19T08:06:00+08:00,15m,30,25,speeding,fresh,high,rain,0.72,caution,False,medium,5,minor,0.667,0.4,25.67,25.07,30.0,3.19,4.0,1,0,1,0,6.0,0.182,0.93,False,4,False,0.75,0.35,0.098,increasing,0.079,1
PM-SYN-000,2026-08-19T08:08:00+08:00,15m,30,25,normal_update,fresh,high,rain,0.72,caution,False,medium,5,minor,0.667,0.6,27.0,25.47,30.0,3.38,9.0,1,0,1,0,6.0,0.201,0.97,False,0,False,0.75,0.35,0.079,increasing,0.193,1
PM-SYN-000,2026-08-19T08:10:00+08:00,15m,25,25,normal_update,fresh,high,rain,0.72,caution,False,medium,0,none,0.667,0.6,28.33,25.73,30.0,3.38,-5.0,1,0,1,0,6.0,0.0,1.0,False,2,False,0.75,0.35,0.193,decreasing,0.135,1
PM-SYN-000,2026-08-19T08:12:00+08:00,15m,21,25,normal_update,fresh,high,rain,0.72,caution,False,medium,0,none,0.333,0.4,25.33,26.0,30.0,4.03,-9.0,0,0,0,0,6.0,0.0,1.03,False,4,False,0.75,0.35,0.135,decreasing,0.038,1
PM-SYN-000,2026-08-19T08:14:00+08:00,15m,23,25,normal_update,fresh,high,rain,0.72,caution,False,medium,0,none,0.0,0.4,23.0,25.93,25.0,3.66,-2.0,0,0,0,0,6.0,0.0,1.07,False,6,False,0.75,0.35,0.038,stable,0.107,1
PM-SYN-000,2026-08-19T08:16:00+08:00,15m,22,25,normal_update,fresh,high,rain,0.72,caution,False,medium,0,none,0.0,0.2,22.0,25.73,23.0,3.19,1.0,0,0,0,0,6.0,0.0,1.1,False,8,False,0.75,0.35,0.107,decreasing,0.029,0
PM-SYN-000,2026-08-19T08:18:00+08:00,15m,23,25,normal_update,fresh,high,rain,0.72,caution,False,medium,0,none,0.0,0.0,22.67,25.87,23.0,1.33,0.0,0,0,0,0,6.0,0.0,1.13,False,10,False,0.75,0.35,0.029,stable,0.029,0
PM-SYN-000,2026-08-19T08:20:00+08:00,15m,28,25,normal_update,delayed,high,rain,0.72,caution,False,medium,3,minor,0.333,0.2,24.33,26.07,28.0,2.42,6.0,0,0,0,0,6.0,0.091,1.17,False,12,False,0.75,0.35,0.029,increasing,0.049,0
PM-SYN-000,2026-08-19T08:22:00+08:00,15m,23,25,normal_update,fresh,high,rain,0.72,caution,False,medium,0,none,0.333,0.2,24.67,25.53,28.0,2.14,0.0,0,0,0,0,4.0,0.0,1.2,False,14,False,0.75,0.35,0.049,decreasing,0.055,0
PM-SYN-000,2026-08-19T08:24:00+08:00,15m,24,25,sharp_turn,fresh,high,rain,0.72,caution,False,medium,0,none,0.333,0.2,25.0,25.07,28.0,2.1,-4.0,0,1,0,1,6.0,0.025,1.23,False,16,False,0.75,0.35,0.055,stable,0.055,0
PM-SYN-000,2026-08-19T08:26:00+08:00,15m,22,25,normal_update,fresh,high,rain,0.72,caution,False,medium,0,none,0.0,0.2,23.0,24.33,24.0,2.1,-1.0,0,1,0,1,6.0,0.025,1.27,False,18,False,0.75,0.35,0.055,stable,0.101,0
PM-SYN-000,2026-08-19T08:28:00+08:00,15m,21,25,stale_gps,stale,high,rain,0.72,caution,False,medium,0,none,0.0,0.2,22.33,24.27,24.0,2.42,-3.0,0,1,0,1,8.0,0.0,1.3,False,20,False,0.75,0.35,0.101,stable,0.085,0
PM-SYN-000,2026-08-19T08:30:00+08:00,15m,24,25,normal_update,fresh,high,rain,0.72,caution,False,medium,0,none,0.0,0.0,22.33,24.2,24.0,1.17,2.0,0,1,0,1,8.0,0.0,1.33,False,22,False,0.75,0.35,0.085,stable,0.042,1
PM-SYN-000,2026-08-19T08:32:00+08:00,15m,24,25,harsh_brake,fresh,high,rain,0.72,caution,False,medium,0,none,0.0,0.0,23.0,24.07,24.0,1.26,3.0,1,1,1,1,8.0,0.118,1.37,False,0,True,0.75,0.35,0.042,increasing,0.071,1
PM-SYN-000,2026-08-19T08:34:00+08:00,15m,26,25,normal_update,fresh,high,rain,0.72,caution,False,medium,1,minor,0.333,0.2,24.67,24.4,26.0,1.74,2.0,1,0,1,0,8.0,0.049,1.4,False,2,True,0.75,0.35,0.071,increasing,0.082,1
PM-SYN-000,2026-08-19T08:36:00+08:00,15m,36,25,normal_update,delayed,high,rain,0.72,caution,False,medium,11,moderate,0.667,0.4,28.67,24.8,36.0,5.15,12.0,1,0,1,0,6.0,0.438,1.43,False,0,True,0.75,0.35,0.082,increasing,0.269,1
PM-SYN-000,2026-08-19T08:38:00+08:00,15m,26,25,normal_update,fresh,high,rain,0.72,caution,False,medium,1,minor,1.0,0.6,29.33,24.53,36.0,4.49,0.0,1,0,1,0,6.0,0.0,1.47,False,0,False,0.75,0.35,0.269,decreasing,0.099,1
PM-SYN-000,2026-08-19T08:40:00+08:00,15m,23,25,normal_update,fresh,high,rain,0.72,caution,False,medium,0,none,0.667,0.6,28.33,24.4,36.0,4.65,-13.0,1,0,1,0,6.0,0.0,1.5,False,0,False,0.75,0.35,0.099,stable,0.146,1
PM-SYN-000,2026-08-19T08:42:00+08:00,15m,25,25,normal_update,fresh,high,rain,0.72,caution,False,medium,0,none,0.333,0.6,24.67,24.67,26.0,4.53,-1.0,0,0,0,0,6.0,0.0,1.53,False,2,False,0.75,0.35,0.146,decreasing,0.08,1
PM-SYN-000,2026-08-19T08:44:00+08:00,15m,32,25,normal_update,fresh,high,rain,0.72,caution,False,medium,7,minor,0.333,0.6,26.67,25.27,32.0,4.84,9.0,0,0,0,0,6.0,0.2,1.57,False,4,False,0.75,0.35,0.08,increasing,0.099,1
PM-SYN-000,2026-08-19T08:46:00+08:00,15m,25,25,normal_update,fresh,high,rain,0.72,caution,False,medium,0,none,0.333,0.4,27.33,25.47,32.0,3.06,0.0,0,0,0,0,6.0,0.0,1.6,False,6,False,0.75,0.35,0.099,decreasing,0.09,1
PM-SYN-000,2026-08-19T08:48:00+08:00,15m,20,25,normal_update,fresh,high,rain,0.72,caution,False,medium,0,none,0.333,0.2,25.67,25.27,32.0,3.95,-12.0,0,0,0,0,6.0,0.0,1.63,False,8,False,0.75,0.35,0.09,decreasing,0.032,1
PM-SYN-000,2026-08-19T08:50:00+08:00,15m,27,25,normal_update,fresh,high,rain,0.72,caution,False,medium,2,minor,0.333,0.4,24.0,25.2,27.0,3.87,2.0,0,0,0,0,6.0,0.048,1.67,False,10,False,0.75,0.35,0.032,increasing,0.109,1
PM-SYN-000,2026-08-19T08:52:00+08:00,15m,33,25,normal_update,fresh,high,rain,0.72,caution,False,medium,8,minor,0.667,0.6,26.67,25.87,33.0,4.76,13.0,0,0,0,0,6.0,0.211,1.7,False,12,False,0.75,0.35,0.109,increasing,0.125,0
PM-SYN-000,2026-08-19T08:54:00+08:00,15m,32,25,normal_update,delayed,high,rain,0.72,caution,False,medium,7,minor,1.0,0.6,30.67,26.4,33.0,4.76,5.0,0,0,0,0,4.0,0.155,1.73,False,14,False,0.75,0.35,0.125,increasing,0.066,0
PM-SYN-000,2026-08-19T08:56:00+08:00,15m,26,25,normal_update,fresh,high,rain,0.72,caution,False,medium,1,minor,1.0,0.8,30.33,26.67,33.0,4.67,-7.0,0,0,0,0,4.0,0.0,1.77,False,16,False,0.75,0.35,0.066,stable,0.086,1
PM-SYN-000,2026-08-19T08:58:00+08:00,15m,33,25,speeding,fresh,high,rain,0.72,caution,False,medium,8,minor,1.0,1.0,30.33,27.47,33.0,3.06,1.0,0,0,0,0,4.0,0.234,1.8,False,0,True,0.75,0.35,0.086,increasing,0.157,1
PM-SYN-000,2026-08-19T09:00:00+08:00,15m,20,25,normal_update,delayed,high,rain,0.72,caution,False,medium,0,none,0.667,0.8,26.33,27.2,33.0,5.11,-6.0,0,0,0,0,4.0,0.0,1.83,False,2,True,0.75,0.35,0.157,decreasing,0.259,1
PM-SYN-000,2026-08-19T09:02:00+08:00,15m,29,25,normal_update,delayed,high,rain,0.72,caution,False,medium,4,minor,0.667,0.8,27.33,27.53,33.0,4.69,-4.0,0,0,0,0,2.0,0.0,1.87,False,0,False,0.75,0.35,0.259,decreasing,0.149,1
PM-SYN-000,2026-08-19T09:04:00+08:00,15m,19,25,harsh_brake,fresh,high,rain,0.72,caution,False,medium,0,none,0.333,0.6,22.67,27.07,29.0,5.31,-1.0,1,0,1,0,4.0,0.0,1.9,False,2,False,0.75,0.35,0.149,decreasing,0.1,1
PM-SYN-000,2026-08-19T09:06:00+08:00,15m,19,25,normal_update,stale,high,rain,0.72,caution,False,medium,0,none,0.333,0.4,22.33,25.93,29.0,5.87,-10.0,1,0,1,0,4.0,0.0,1.93,False,4,False,0.75,0.35,0.1,stable,0.119,1
PM-SYN-000,2026-08-19T09:08:00+08:00,15m,26,25,normal_update,fresh,high,rain,0.72,caution,False,medium,1,minor,0.333,0.4,21.33,25.93,26.0,4.13,7.0,1,0,1,0,4.0,0.001,1.97,False,0,True,0.75,0.35,0.119,stable,0.103,1
PM-SYN-000,2026-08-19T09:10:00+08:00,15m,27,25,normal_update,fresh,high,rain,0.72,caution,False,medium,2,minor,0.667,0.6,24.0,26.2,27.0,4.2,8.0,1,0,1,0,4.0,0.057,2.0,False,2,True,0.75,0.35,0.103,increasing,0.2,1
PM-SYN-000,2026-08-19T09:12:00+08:00,15m,22,25,normal_update,delayed,high,rain,0.72,caution,False,medium,0,none,0.667,0.4,25.0,26.0,27.0,3.38,-4.0,1,0,1,0,4.0,0.0,2.03,False,4,True,0.75,0.35,0.2,decreasing,0.126,1
PM-SYN-000,2026-08-19T09:14:00+08:00,15m,23,25,stale_gps,stale,high,rain,0.72,caution,False,medium,0,none,0.333,0.4,24.0,25.4,27.0,2.87,-4.0,0,0,0,0,6.0,0.0,2.07,False,0,False,0.75,0.35,0.126,decreasing,0.052,1
PM-SYN-000,2026-08-19T09:16:00+08:00,15m,22,25,normal_update,fresh,high,rain,0.72,caution,False,medium,0,none,0.0,0.4,22.33,25.2,23.0,2.1,0.0,0,0,0,0,6.0,0.0,2.1,False,2,False,0.75,0.35,0.052,decreasing,0.08,1
PM-SYN-000,2026-08-19T09:18:00+08:00,15m,26,25,normal_update,fresh,high,rain,0.72,caution,False,medium,1,minor,0.333,0.4,23.67,25.6,26.0,2.1,3.0,0,0,0,0,6.0,0.0,2.13,False,4,False,0.75,0.35,0.08,decreasing,0.09,0
PM-SYN-000,2026-08-19T09:20:00+08:00,15m,21,25,normal_update,delayed,high,rain,0.72,caution,False,medium,0,none,0.333,0.2,23.0,25.2,26.0,1.72,-1.0,0,0,0,0,6.0,0.0,2.17,False,6,False,0.75,0.35,0.09,decreasing,0.087,0
PM-SYN-000,2026-08-19T09:22:00+08:00,15m,23,25,normal_update,fresh,high,rain,0.72,caution,False,medium,0,none,0.333,0.2,23.33,24.53,26.0,1.67,-3.0,0,0,0,0,6.0,0.0,2.2,False,8,False,0.75,0.35,0.087,decreasing,0.083,0
PM-SYN-000,2026-08-19T09:24:00+08:00,15m,20,25,normal_update,fresh,high,rain,0.72,caution,False,medium,0,none,0.0,0.2,21.33,23.73,23.0,2.06,-1.0,0,0,0,0,6.0,0.0,2.23,False,10,False,0.75,0.35,0.083,decreasing,0.038,0
PM-SYN-000,2026-08-19T09:26:00+08:00,15m,20,25,normal_update,fresh,high,rain,0.72,caution,False,medium,0,none,0.0,0.2,21.0,23.33,23.0,2.28,-3.0,0,0,0,0,6.0,0.0,2.27,False,12,False,0.75,0.35,0.038,stable,0.036,0
PM-SYN-000,2026-08-19T09:28:00+08:00,15m,33,25,normal_update,fresh,high,rain,0.72,caution,False,medium,8,minor,0.333,0.2,24.33,23.33,33.0,4.92,13.0,0,0,0,0,4.0,0.284,2.3,False,14,False,0.75,0.35,0.036,increasing,0.061,0
PM-SYN-000,2026-08-19T09:30:00+08:00,15m,23,25,harsh_brake,fresh,high,rain,0.72,caution,False,medium,0,none,0.333,0.2,25.33,23.53,33.0,4.79,3.0,1,0,1,0,6.0,0.019,2.33,False,16,False,0.75,0.35,0.061,stable,0.059,0
PM-SYN-000,2026-08-19T09:32:00+08:00,15m,36,25,normal_update,fresh,high,rain,0.72,caution,False,medium,11,moderate,0.667,0.4,30.67,24.0,36.0,6.77,3.0,1,0,1,0,6.0,0.461,2.37,False,18,False,0.75,0.35,0.059,increasing,0.17,0
PM-SYN-001,2026-08-19T07:00:00+08:00,15m,24,25,normal_update,fresh,medium,clear,0.78,wharf,False,high,0,none,0.333,0.2,22.33,25.27,26.0,3.03,7.0,0,0,0,0,4.0,0.0,0.5,False,999.0,False,0.25,1.0,0.266,decreasing,0.048,0
PM-SYN-001,2026-08-19T07:02:00+08:00,15m,32,25,normal_update,fresh,medium,clear,0.78,wharf,False,high,7,minor,0.667,0.4,27.33,25.0,32.0,5.02,6.0,0,0,0,0,2.0,0.232,0.53,False,999.0,False,0.25,1.0,0.048,increasing,0.065,0
PM-SYN-001,2026-08-19T07:04:00+08:00,15m,22,25,normal_update,fresh,medium,clear,0.78,wharf,False,high,0,none,0.333,0.4,26.0,24.93,32.0,4.92,-2.0,0,0,0,0,2.0,0.0,0.57,False,999.0,False,0.25,1.0,0.065,decreasing,0.098,0
PM-SYN-001,2026-08-19T07:06:00+08:00,15m,19,25,normal_update,fresh,medium,clear,0.78,wharf,False,high,0,none,0.333,0.4,24.33,24.73,32.0,4.36,-13.0,0,0,0,0,2.0,0.0,0.6,False,999.0,False,0.25,1.0,0.098,decreasing,0.126,0
PM-SYN-001,2026-08-19T07:08:00+08:00,15m,26,25,normal_update,delayed,medium,clear,0.78,wharf,False,high,1,minor,0.333,0.4,22.33,24.67,26.0,4.36,4.0,0,0,0,0,2.0,0.0,0.63,False,999.0,False,0.25,1.0,0.126,decreasing,0.116,0
PM-SYN-001,2026-08-19T07:10:00+08:00,15m,19,25,normal_update,fresh,medium,clear,0.78,wharf,False,high,0,none,0.333,0.4,21.33,24.33,26.0,4.92,0.0,0,0,0,0,2.0,0.0,0.67,False,999.0,False,0.25,1.0,0.116,decreasing,0.102,0
PM-SYN-001,2026-08-19T07:12:00+08:00,15m,24,25,normal_update,fresh,medium,clear,0.78,wharf,False,high,0,none,0.333,0.2,23.0,23.87,26.0,2.76,-2.0,0,0,0,0,2.0,0.0,0.7,False,999.0,False,0.25,1.0,0.102,decreasing,0.097,0
PM-SYN-001,2026-08-19T07:14:00+08:00,15m,33,25,speeding,fresh,medium,clear,0.78,wharf,False,high,8,minor,0.333,0.4,25.33,23.73,33.0,5.19,14.0,0,0,0,0,2.0,0.223,0.73,False,999.0,False,0.25,1.0,0.097,increasing,0.062,0
PM-SYN-001,2026-08-19T07:16:00+08:00,15m,24,25,normal_update,delayed,medium,clear,0.78,wharf,False,high,0,none,0.333,0.4,27.0,23.93,33.0,4.53,0.0,0,0,0,0,2.0,0.0,0.77,False,999.0,False,0.25,1.0,0.062,decreasing,0.047,0
PM-SYN-001,2026-08-19T07:18:00+08:00,15m,19,25,normal_update,fresh,medium,clear,0.78,wharf,False,high,0,none,0.333,0.2,25.33,23.87,33.0,5.11,-14.0,0,0,0,0,2.0,0.0,0.8,False,999.0,False,0.25,1.0,0.047,decreasing,0.07,0
PM-SYN-001,2026-08-19T07:20:00+08:00,15m,33,25,normal_update,delayed,medium,clear,0.78,wharf,False,high,8,minor,0.333,0.4,25.33,24.07,33.0,5.54,9.0,0,0,0,0,2.0,0.25,0.83,False,999.0,False,0.25,1.0,0.07,increasing,0.067,0
PM-SYN-001,2026-08-19T07:22:00+08:00,15m,22,25,normal_update,fresh,medium,clear,0.78,wharf,False,high,0,none,0.333,0.4,24.67,24.07,33.0,5.78,3.0,0,0,0,0,2.0,0.0,0.87,False,999.0,False,0.25,1.0,0.067,decreasing,0.096,1
PM-SYN-001,2026-08-19T07:24:00+08:00,15m,22,25,normal_update,fresh,medium,clear,0.78,wharf,False,high,0,none,0.333,0.2,25.67,24.13,33.0,4.77,-11.0,0,0,0,0,2.0,0.0,0.9,False,0,False,0.25,1.0,0.096,decreasing,0.07,1
PM-SYN-001,2026-08-19T07:26:00+08:00,15m,19,25,normal_update,fresh,medium,clear,0.78,wharf,False,high,0,none,0.0,0.2,21.0,24.27,22.0,5.18,-3.0,0,0,0,0,2.0,0.0,0.93,False,2,False,0.25,1.0,0.07,decreasing,0.048,0
PM-SYN-001,2026-08-19T07:28:00+08:00,15m,22,25,normal_update,fresh,medium,clear,0.78,wharf,False,high,0,none,0.0,0.2,21.0,24.0,22.0,4.84,0.0,0,0,0,0,2.0,0.0,0.97,False,4,False,0.25,1.0,0.048,decreasing,0.057,0
PM-SYN-001,2026-08-19T07:30:00+08:00,15m,21,25,normal_update,fresh,medium,clear,0.78,wharf,False,high,0,none,0.0,0.0,20.67,23.8,22.0,1.17,2.0,0,0,0,0,2.0,0.0,1.0,False,6,False,0.25,1.0,0.057,decreasing,0.052,0
PM-SYN-001,2026-08-19T07:32:00+08:00,15m,23,25,normal_update,fresh,medium,clear,0.78,wharf,False,high,0,none,0.0,0.0,22.0,23.2,23.0,1.36,1.0,0,0,0,0,2.0,0.0,1.03,False,8,False,0.25,1.0,0.052,decreasing,0.05,0
PM-SYN-001,2026-08-19T07:34:00+08:00,15m,24,25,normal_update,fresh,medium,clear,0.78,wharf,False,high,0,none,0.0,0.0,22.67,23.33,24.0,1.72,3.0,0,0,0,0,2.0,0.0,1.07,False,10,False,0.25,1.0,0.05,decreasing,0.074,0
PM-SYN-001,2026-08-19T07:36:00+08:00,15m,24,25,normal_update,delayed,medium,clear,0.78,wharf,False,high,0,none,0.0,0.0,23.67,23.67,24.0,1.17,1.0,0,0,0,0,2.0,0.0,1.1,False,12,False,0.25,1.0,0.074,decreasing,0.085,0
PM-SYN-001,2026-08-19T07:38:00+08:00,15m,20,25,normal_update,fresh,medium,clear,0.78,wharf,False,high,0,none,0.0,0.0,22.67,23.27,24.0,1.62,-4.0,0,0,0,0,2.0,0.0,1.13,False,14,False,0.25,1.0,0.085,decreasing,0.039,0
PM-SYN-001,2026-08-19T07:40:00+08:00,15m,28,25,normal_update,fresh,medium,clear,0.78,wharf,False,high,3,minor,0.333,0.2,24.0,23.87,28.0,2.56,4.0,0,0,0,0,2.0,0.081,1.17,False,16,False,0.25,1.0,0.039,increasing,0.08,0
PM-SYN-001,2026-08-19T07:42:00+08:00,15m,20,25,normal_update,fresh,medium,clear,0.78,wharf,False,high,0,none,0.333,0.2,22.67,23.6,28.0,2.99,0.0,0,0,0,0,2.0,0.0,1.2,False,18,False,0.25,1.0,0.08,decreasing,0.077,0
PM-SYN-001,2026-08-19T07:44:00+08:00,15m,19,25,normal_update,fresh,medium,clear,0.78,wharf,False,high,0,none,0.333,0.2,22.33,22.67,28.0,3.37,-9.0,0,0,0,0,0.0,0.0,1.23,False,20,False,0.25,1.0,0.077,decreasing,0.064,0
PM-SYN-001,2026-08-19T07:46:00+08:00,15m,25,25,normal_update,fresh,medium,clear,0.78,wharf,False,high,0,none,0.0,0.2,21.33,22.73,25.0,3.5,5.0,0,0,0,0,0.0,0.0,1.27,False,22,False,0.25,1.0,0.064,decreasing,0.04,0
PM-SYN-001,2026-08-19T07:48:00+08:00,15m,26,25,sharp_turn,fresh,medium,clear,0.78,wharf,False,high,1,minor,0.333,0.4,23.33,23.2,26.0,3.5,7.0,0,1,0,1,2.0,0.08,1.3,False,24,False,0.25,1.0,0.04,increasing,0.088,1
PM-SYN-001,2026-08-19T07:50:00+08:00,15m,33,25,speeding,fresh,medium,clear,0.78,wharf,False,high,8,minor,0.667,0.4,28.0,23.2,33.0,5.0,8.0,0,1,0,1,4.0,0.312,1.33,False,0,True,0.25,1.0,0.088,increasing,0.131,1
PM-SYN-001,2026-08-19T07:52:00+08:00,15m,19,25,normal_update,fresh,medium,clear,0.78,wharf,False,high,0,none,0.667,0.4,26.0,23.0,33.0,5.2,-7.0,0,1,0,1,4.0,0.0,1.37,False,2,True,0.25,1.0,0.131,decreasing,0.117,1
PM-SYN-001,2026-08-19T07:54:00+08:00,15m,27,25,normal_update,fresh,medium,clear,0.78,wharf,False,high,2,minor,0.667,0.6,26.33,23.33,33.0,4.47,-6.0,0,1,0,1,4.0,0.043,1.4,False,4,True,0.25,1.0,0.117,increasing,0.203,1
PM-SYN-001,2026-08-19T07:56:00+08:00,15m,22,25,normal_update,fresh,medium,clear,0.78,wharf,False,high,0,none,0.333,0.6,22.67,23.53,27.0,4.76,3.0,0,1,0,1,4.0,0.0,1.43,False,0,False,0.25,1.0,0.203,decreasing,0.107,1
PM-SYN-001,2026-08-19T07:58:00+08:00,15m,31,25,speeding,fresh,medium,clear,0.78,wharf,False,high,6,minor,0.667,0.6,26.67,24.13,31.0,5.28,4.0,0,0,0,0,6.0,0.133,1.47,False,2,False,0.25,1.0,0.107,increasing,0.151,1
PM-SYN-001,2026-08-19T08:00:00+08:00,15m,26,25,normal_update,fresh,medium,clear,0.78,wharf,False,high,1,minor,0.667,0.6,26.33,24.47,31.0,4.15,4.0,0,0,0,0,6.0,0.0,1.5,False,0,True,0.25,1.0,0.151,decreasing,0.235,1
PM-SYN-001,2026-08-19T08:02:00+08:00,15m,20,25,normal_update,fresh,medium,clear,0.78,wharf,False,high,0,none,0.667,0.6,25.67,24.27,31.0,3.87,-11.0,0,0,0,0,6.0,0.0,1.53,False,2,True,0.25,1.0,0.235,decreasing,0.175,1
PM-SYN-001,2026-08-19T08:04:00+08:00,15m,25,25,normal_update,fresh,medium,clear,0.78,wharf,False,high,0,none,0.333,0.4,23.67,24.33,26.0,3.76,-1.0,0,0,0,0,6.0,0.0,1.57,False,4,True,0.25,1.0,0.175,decreasing,0.113,1
PM-SYN-001,2026-08-19T08:06:00+08:00,15m,29,25,normal_update,fresh,medium,clear,0.78,wharf,False,high,4,minor,0.333,0.6,24.67,24.67,29.0,3.76,9.0,0,0,0,0,6.0,0.047,1.6,False,6,True,0.25,1.0,0.113,increasing,0.102,1
PM-SYN-001,2026-08-19T08:08:00+08:00,15m,21,25,normal_update,delayed,medium,clear,0.78,wharf,False,high,0,none,0.333,0.4,25.0,24.73,29.0,3.31,-4.0,0,0,0,0,6.0,0.0,1.63,False,8,True,0.25,1.0,0.102,decreasing,0.171,1
PM-SYN-001,2026-08-19T08:10:00+08:00,15m,21,25,normal_update,delayed,medium,clear,0.78,wharf,False,high,0,none,0.333,0.2,23.67,24.27,29.0,3.37,-8.0,0,0,0,0,6.0,0.0,1.67,False,10,True,0.25,1.0,0.171,decreasing,0.057,1
PM-SYN-001,2026-08-19T08:12:00+08:00,15m,25,25,normal_update,fresh,medium,clear,0.78,wharf,False,high,0,none,0.0,0.2,22.33,24.6,25.0,2.99,4.0,0,0,0,0,6.0,0.0,1.7,False,12,True,0.25,1.0,0.057,decreasing,0.14,0
PM-SYN-001,2026-08-19T08:14:00+08:00,15m,21,25,normal_update,fresh,medium,clear,0.78,wharf,False,high,0,none,0.0,0.2,22.33,24.73,25.0,3.2,0.0,0,0,0,0,6.0,0.0,1.73,False,14,False,0.25,1.0,0.14,decreasing,0.055,0
PM-SYN-001,2026-08-19T08:16:00+08:00,15m,25,25,normal_update,fresh,medium,clear,0.78,wharf,False,high,0,none,0.0,0.0,23.67,24.73,25.0,1.96,0.0,0,0,0,0,6.0,0.0,1.77,False,16,False,0.25,1.0,0.055,decreasing,0.06,0
PM-SYN-001,2026-08-19T08:18:00+08:00,15m,21,25,normal_update,fresh,medium,clear,0.78,wharf,False,high,0,none,0.0,0.0,22.33,24.4,25.0,1.96,0.0,0,0,0,0,4.0,0.0,1.8,False,18,False,0.25,1.0,0.06,decreasing,0.058,0
PM-SYN-001,2026-08-19T08:20:00+08:00,15m,20,25,normal_update,fresh,medium,clear,0.78,wharf,False,high,0,none,0.0,0.0,22.0,23.53,25.0,2.15,-5.0,0,0,0,0,2.0,0.0,1.83,False,20,False,0.25,1.0,0.058,decreasing,0.028,0
PM-SYN-001,2026-08-19T08:22:00+08:00,15m,28,25,normal_update,fresh,medium,clear,0.78,wharf,False,high,3,minor,0.333,0.2,23.0,24.13,28.0,3.03,7.0,0,0,0,0,2.0,0.092,1.87,False,22,False,0.25,1.0,0.028,increasing,0.083,0
PM-SYN-001,2026-08-19T08:24:00+08:00,15m,22,25,normal_update,fresh,medium,clear,0.78,wharf,False,high,0,none,0.333,0.2,23.33,23.8,28.0,2.93,2.0,0,0,0,0,2.0,0.0,1.9,False,24,False,0.25,1.0,0.083,decreasing,0.077,0
PM-SYN-001,2026-08-19T08:26:00+08:00,15m,19,25,normal_update,fresh,medium,clear,0.78,wharf,False,high,0,none,0.333,0.2,23.0,23.6,28.0,3.16,-9.0,0,0,0,0,2.0,0.0,1.93,False,26,False,0.25,1.0,0.077,decreasing,0.06,0
PM-SYN-001,2026-08-19T08:28:00+08:00,15m,31,25,normal_update,delayed,medium,clear,0.78,wharf,False,high,6,minor,0.333,0.4,24.0,23.6,31.0,4.69,9.0,0,0,0,0,0.0,0.18,1.97,False,28,False,0.25,1.0,0.06,increasing,0.074,0
PM-SYN-001,2026-08-19T08:30:00+08:00,15m,29,25,normal_update,fresh,medium,clear,0.78,wharf,False,high,4,minor,0.667,0.6,26.33,23.8,31.0,4.53,10.0,0,0,0,0,0.0,0.086,2.0,False,30,False,0.25,1.0,0.074,increasing,0.067,0
PM-SYN-001,2026-08-19T08:32:00+08:00,15m,21,25,normal_update,fresh,medium,clear,0.78,wharf,False,high,0,none,0.667,0.4,27.0,23.87,31.0,4.72,-10.0,0,0,0,0,0.0,0.0,2.03,False,32,False,0.25,1.0,0.067,decreasing,0.061,0
PM-SYN-001,2026-08-19T08:34:00+08:00,15m,21,25,normal_update,delayed,medium,clear,0.78,wharf,False,high,0,none,0.333,0.4,23.67,23.6,29.0,4.83,-8.0,0,0,0,0,0.0,0.0,2.07,False,34,False,0.25,1.0,0.061,decreasing,0.067,0
PM-SYN-001,2026-08-19T08:36:00+08:00,15m,26,25,normal_update,fresh,medium,clear,0.78,wharf,False,high,1,minor,0.333,0.6,22.67,23.4,26.0,4.08,5.0,0,0,0,0,0.0,0.0,2.1,False,36,False,0.25,1.0,0.067,stable,0.06,1
PM-SYN-001,2026-08-19T08:38:00+08:00,15m,18,25,normal_update,fresh,medium,clear,0.78,wharf,False,high,0,none,0.333,0.4,21.67,23.2,26.0,3.95,-3.0,0,0,0,0,0.0,0.0,2.13,False,0,False,0.25,1.0,0.06,decreasing,0.076,1
PM-SYN-001,2026-08-19T08:40:00+08:00,15m,27,25,normal_update,fresh,medium,clear,0.78,wharf,False,high,2,minor,0.667,0.4,23.67,23.6,27.0,3.38,1.0,0,0,0,0,0.0,0.004,2.17,False,2,False,0.25,1.0,0.076,stable,0.078,1
PM-SYN-001,2026-08-19T08:42:00+08:00,15m,30,25,normal_update,fresh,medium,clear,0.78,wharf,False,high,5,minor,0.667,0.6,25.0,23.93,30.0,4.32,12.0,0,0,0,0,0.0,0.122,2.2,False,4,False,0.25,1.0,0.078,increasing,0.112,1
PM-SYN-001,2026-08-19T08:44:00+08:00,15m,24,25,normal_update,fresh,medium,clear,0.78,wharf,False,high,0,none,0.667,0.6,27.0,24.13,30.0,4.0,-3.0,0,0,0,0,0.0,0.0,2.23,False,6,False,0.25,1.0,0.112,decreasing,0.119,1
PM-SYN-001,2026-08-19T08:46:00+08:00,15m,19,25,normal_update,fresh,medium,clear,0.78,wharf,False,high,0,none,0.333,0.4,24.33,23.73,30.0,4.59,-11.0,0,0,0,0,0.0,0.0,2.27,False,0,False,0.25,1.0,0.119,decreasing,0.067,1
PM-SYN-001,2026-08-19T08:48:00+08:00,15m,28,25,normal_update,fresh,medium,clear,0.78,wharf,False,high,3,minor,0.333,0.6,23.67,24.2,28.0,3.83,4.0,0,0,0,0,0.0,0.053,2.3,False,2,False,0.25,1.0,0.067,increasing,0.115,1
PM-SYN-001,2026-08-19T08:50:00+08:00,15m,19,25,normal_update,fresh,medium,clear,0.78,wharf,False,high,0,none,0.333,0.4,22.0,24.13,28.0,4.52,0.0,0,0,0,0,0.0,0.0,2.33,False,4,False,0.25,1.0,0.115,decreasing,0.076,1
PM-SYN-001,2026-08-19T08:52:00+08:00,15m,24,25,normal_update,fresh,medium,clear,0.78,wharf,False,high,0,none,0.333,0.2,23.67,23.87,28.0,3.43,-4.0,0,0,0,0,0.0,0.0,2.37,False,6,False,0.25,1.0,0.076,decreasing,0.082,0
PM-SYN-002,2026-08-19T06:53:00+08:00,15m,29,25,harsh_brake,fresh,high,rain,0.72,caution,False,medium,4,minor,0.667,0.4,27.0,25.0,31.0,4.5,8.0,1,0,1,0,2.0,0.06,0.5,True,999.0,False,0.75,0.35,0.18,increasing,0.178,0
PM-SYN-002,2026-08-19T06:55:00+08:00,15m,24,25,normal_update,fresh,high,rain,0.72,caution,False,medium,0,none,0.667,0.4,28.0,25.27,31.0,3.93,-7.0,1,0,1,0,2.0,0.0,0.53,True,999.0,False,0.75,0.35,0.178,decreasing,0.152,0
PM-SYN-002,2026-08-19T06:57:00+08:00,15m,26,25,normal_update,fresh,high,rain,0.72,caution,False,medium,1,minor,0.667,0.6,26.33,25.0,29.0,3.54,-3.0,1,0,1,0,2.0,0.0,0.57,True,999.0,False,0.75,0.35,0.152,stable,0.094,0
PM-SYN-002,2026-08-19T06:59:00+08:00,15m,22,25,normal_update,fresh,high,rain,0.72,caution,False,medium,0,none,0.333,0.6,24.0,24.73,26.0,3.26,-2.0,1,0,1,0,2.0,0.0,0.6,True,999.0,False,0.75,0.35,0.094,stable,0.156,0
PM-SYN-002,2026-08-19T07:01:00+08:00,15m,28,25,normal_update,fresh,high,rain,0.72,caution,False,medium,3,minor,0.667,0.6,25.33,24.87,28.0,2.56,2.0,1,0,1,0,2.0,0.044,0.63,False,999.0,False,0.75,0.35,0.156,increasing,0.112,0
PM-SYN-002,2026-08-19T07:03:00+08:00,15m,26,25,normal_update,fresh,high,rain,0.72,caution,False,medium,1,minor,0.667,0.6,25.33,25.27,28.0,2.04,4.0,0,0,0,0,2.0,0.0,0.67,False,999.0,False,0.75,0.35,0.112,decreasing,0.09,0
PM-SYN-002,2026-08-19T07:05:00+08:00,15m,17,25,normal_update,fresh,high,rain,0.72,caution,False,medium,0,none,0.667,0.6,23.67,25.07,28.0,3.92,-11.0,0,0,0,0,2.0,0.0,0.7,False,999.0,False,0.75,0.35,0.09,decreasing,0.07,0
PM-SYN-002,2026-08-19T07:07:00+08:00,15m,26,25,normal_update,delayed,high,rain,0.72,caution,False,medium,1,minor,0.667,0.6,23.0,24.67,26.0,3.92,0.0,0,0,0,0,2.0,0.0,0.73,False,999.0,False,0.75,0.35,0.07,stable,0.087,0
PM-SYN-002,2026-08-19T07:09:00+08:00,15m,24,25,normal_update,fresh,high,rain,0.72,caution,False,medium,0,none,0.333,0.6,22.33,24.53,26.0,3.82,7.0,0,0,0,0,2.0,0.0,0.77,False,999.0,False,0.75,0.35,0.087,decreasing,0.067,0
PM-SYN-002,2026-08-19T07:11:00+08:00,15m,22,25,normal_update,fresh,high,rain,0.72,caution,False,medium,0,none,0.333,0.4,24.0,24.4,26.0,3.35,-4.0,0,0,0,0,2.0,0.0,0.8,False,999.0,False,0.75,0.35,0.067,decreasing,0.05,0
PM-SYN-002,2026-08-19T07:13:00+08:00,15m,21,25,normal_update,fresh,high,rain,0.72,caution,False,medium,0,none,0.0,0.2,22.33,23.93,24.0,3.03,-3.0,0,0,0,0,2.0,0.0,0.83,False,999.0,False,0.75,0.35,0.05,decreasing,0.064,0
PM-SYN-002,2026-08-19T07:15:00+08:00,15m,22,25,normal_update,fresh,high,rain,0.72,caution,False,medium,0,none,0.0,0.2,21.67,24.07,22.0,1.79,0.0,0,0,0,0,2.0,0.0,0.87,False,999.0,False,0.75,0.35,0.064,decreasing,0.031,0
PM-SYN-002,2026-08-19T07:17:00+08:00,15m,26,25,normal_update,fresh,high,rain,0.72,caution,False,medium,1,minor,0.333,0.2,23.0,24.33,26.0,1.79,5.0,0,0,0,0,2.0,0.009,0.9,False,999.0,False,0.75,0.35,0.031,stable,0.086,0
PM-SYN-002,2026-08-19T07:19:00+08:00,15m,22,25,normal_update,delayed,high,rain,0.72,caution,False,medium,0,none,0.333,0.2,23.33,24.4,26.0,1.74,0.0,0,0,0,0,2.0,0.0,0.93,False,999.0,False,0.75,0.35,0.086,decreasing,0.075,0
PM-SYN-002,2026-08-19T07:21:00+08:00,15m,25,25,normal_update,fresh,high,rain,0.72,caution,False,medium,0,none,0.333,0.2,24.33,24.0,26.0,1.94,-1.0,0,0,0,0,2.0,0.0,0.97,False,999.0,False,0.75,0.35,0.075,decreasing,0.075,0
PM-SYN-002,2026-08-19T07:23:00+08:00,15m,28,25,normal_update,fresh,high,rain,0.72,caution,False,medium,3,minor,0.333,0.4,25.0,23.93,28.0,2.33,6.0,0,0,0,0,0.0,0.045,1.0,False,999.0,False,0.75,0.35,0.075,increasing,0.09,0
PM-SYN-002,2026-08-19T07:25:00+08:00,15m,26,25,normal_update,delayed,high,rain,0.72,caution,False,medium,1,minor,0.667,0.6,26.33,24.07,28.0,1.96,1.0,0,0,0,0,0.0,0.0,1.03,False,999.0,False,0.75,0.35,0.09,decreasing,0.099,0
PM-SYN-002,2026-08-19T07:27:00+08:00,15m,21,25,normal_update,fresh,high,rain,0.72,caution,False,medium,0,none,0.667,0.4,25.0,23.73,28.0,2.58,-7.0,0,0,0,0,0.0,0.0,1.07,False,999.0,False,0.75,0.35,0.099,decreasing,0.045,0
PM-SYN-002,2026-08-19T07:29:00+08:00,15m,33,25,normal_update,delayed,high,rain,0.72,caution,False,medium,8,minor,0.667,0.6,26.67,24.47,33.0,3.93,7.0,0,0,0,0,0.0,0.275,1.1,False,999.0,False,0.75,0.35,0.045,increasing,0.063,0
PM-SYN-002,2026-08-19T07:31:00+08:00,15m,21,25,normal_update,fresh,high,rain,0.72,caution,False,medium,0,none,0.333,0.6,25.0,24.0,33.0,4.53,0.0,0,0,0,0,0.0,0.0,1.13,False,999.0,False,0.75,0.35,0.063,decreasing,0.139,0
PM-SYN-002,2026-08-19T07:33:00+08:00,15m,32,25,harsh_brake,stale,high,rain,0.72,caution,False,medium,7,minor,0.667,0.6,28.67,24.4,33.0,5.16,-1.0,1,0,1,0,2.0,0.221,1.17,False,999.0,False,0.75,0.35,0.139,increasing,0.198,0
PM-SYN-002,2026-08-19T07:35:00+08:00,15m,30,25,speeding,fresh,high,rain,0.72,caution,False,medium,5,minor,0.667,0.6,27.67,25.27,32.0,5.31,9.0,1,0,1,0,4.0,0.082,1.2,False,999.0,False,0.75,0.35,0.198,increasing,0.159,0
PM-SYN-002,2026-08-19T07:37:00+08:00,15m,29,25,normal_update,fresh,high,rain,0.72,caution,False,medium,4,minor,1.0,0.8,30.33,25.47,32.0,4.24,-3.0,1,0,1,0,4.0,0.081,1.23,False,999.0,False,0.75,0.35,0.159,increasing,0.138,0
PM-SYN-002,2026-08-19T07:39:00+08:00,15m,28,25,normal_update,delayed,high,rain,0.72,caution,False,medium,3,minor,1.0,0.8,29.0,25.73,30.0,3.74,-2.0,1,0,1,0,4.0,0.062,1.27,False,999.0,False,0.75,0.35,0.138,increasing,0.224,0
PM-SYN-002,2026-08-19T07:41:00+08:00,15m,26,25,normal_update,fresh,high,rain,0.72,caution,False,medium,1,minor,1.0,1.0,27.67,26.0,29.0,2.0,-3.0,1,0,1,0,4.0,0.0,1.3,False,999.0,False,0.75,0.35,0.224,decreasing,0.122,0
PM-SYN-002,2026-08-19T07:43:00+08:00,15m,25,25,normal_update,fresh,high,rain,0.72,caution,False,medium,0,none,0.667,0.8,26.33,26.27,28.0,1.85,-3.0,0,0,0,0,4.0,0.0,1.33,False,999.0,False,0.75,0.35,0.122,decreasing,0.056,0
PM-SYN-002,2026-08-19T07:45:00+08:00,15m,23,25,normal_update,fresh,high,rain,0.72,caution,False,medium,0,none,0.333,0.6,24.67,26.33,26.0,2.14,-3.0,0,0,0,0,4.0,0.0,1.37,False,999.0,False,0.75,0.35,0.056,decreasing,0.059,0
PM-SYN-002,2026-08-19T07:47:00+08:00,15m,23,25,normal_update,fresh,high,rain,0.72,caution,False,medium,0,none,0.0,0.4,23.67,26.13,25.0,1.9,-2.0,0,0,0,0,4.0,0.0,1.4,False,999.0,False,0.75,0.35,0.059,decreasing,0.075,0
PM-SYN-002,2026-08-19T07:49:00+08:00,15m,19,25,harsh_brake,delayed,high,rain,0.72,caution,False,medium,0,none,0.0,0.2,21.67,25.93,23.0,2.4,-4.0,1,0,1,0,6.0,0.005,1.43,False,999.0,False,0.75,0.35,0.075,stable,0.095,0
PM-SYN-002,2026-08-19T07:51:00+08:00,15m,27,25,normal_update,delayed,high,rain,0.72,caution,False,medium,2,minor,0.333,0.2,23.0,26.07,27.0,2.65,4.0,1,0,1,0,6.0,0.065,1.47,False,999.0,False,0.75,0.35,0.095,increasing,0.075,0
PM-SYN-002,2026-08-19T07:53:00+08:00,15m,25,25,normal_update,fresh,high,rain,0.72,caution,False,medium,0,none,0.333,0.2,23.67,25.87,27.0,2.65,6.0,1,0,1,0,6.0,0.005,1.5,False,999.0,False,0.75,0.35,0.075,stable,0.061,0
PM-SYN-002,2026-08-19T07:55:00+08:00,15m,23,25,normal_update,fresh,high,rain,0.72,caution,False,medium,0,none,0.333,0.2,25.0,25.67,27.0,2.65,-4.0,1,0,1,0,6.0,0.019,1.53,False,999.0,False,0.75,0.35,0.061,stable,0.099,0
PM-SYN-002,2026-08-19T07:57:00+08:00,15m,22,25,normal_update,fresh,high,rain,0.72,caution,False,medium,0,none,0.0,0.2,23.33,25.73,25.0,2.71,-3.0,1,0,1,0,6.0,0.0,1.57,False,999.0,False,0.75,0.35,0.099,stable,0.083,0
PM-SYN-002,2026-08-19T07:59:00+08:00,15m,20,25,harsh_brake,fresh,high,rain,0.72,caution,False,medium,0,none,0.0,0.2,21.67,24.87,23.0,2.42,-3.0,1,0,1,0,8.0,0.0,1.6,False,999.0,False,0.75,0.35,0.083,stable,0.105,0
PM-SYN-002,2026-08-19T08:01:00+08:00,15m,27,25,normal_update,fresh,high,rain,0.72,caution,False,medium,2,minor,0.333,0.2,23.0,25.27,27.0,2.42,5.0,1,0,1,0,8.0,0.055,1.63,False,999.0,False,0.75,0.35,0.105,increasing,0.04,0
PM-SYN-002,2026-08-19T08:03:00+08:00,15m,27,25,normal_update,fresh,high,rain,0.72,caution,False,medium,2,minor,0.667,0.4,24.67,24.93,27.0,2.79,7.0,1,0,1,0,6.0,0.12,1.67,False,999.0,False,0.75,0.35,0.04,increasing,0.106,0
PM-SYN-002,2026-08-19T08:05:00+08:00,15m,23,25,normal_update,fresh,high,rain,0.72,caution,False,medium,0,none,0.667,0.4,25.67,24.47,27.0,2.79,-4.0,1,0,1,0,4.0,0.0,1.7,False,999.0,False,0.75,0.35,0.106,stable,0.067,0
PM-SYN-002,2026-08-19T08:07:00+08:00,15m,24,25,normal_update,delayed,high,rain,0.72,caution,False,medium,0,none,0.333,0.4,24.67,24.13,27.0,2.64,-3.0,1,0,1,0,4.0,0.013,1.73,False,999.0,False,0.75,0.35,0.067,stable,0.111,0
PM-SYN-002,2026-08-19T08:09:00+08:00,15m,28,25,normal_update,delayed,high,rain,0.72,caution,False,medium,3,minor,0.333,0.6,25.0,24.13,28.0,1.94,5.0,0,0,0,0,4.0,0.009,1.77,False,999.0,False,0.75,0.35,0.111,stable,0.075,0
PM-SYN-002,2026-08-19T08:11:00+08:00,15m,23,25,normal_update,fresh,high,rain,0.72,caution,False,medium,0,none,0.333,0.4,25.0,23.93,28.0,2.1,-1.0,0,0,0,0,4.0,0.0,1.8,False,999.0,False,0.75,0.35,0.075,decreasing,0.083,0
PM-SYN-002,2026-08-19T08:13:00+08:00,15m,20,25,normal_update,stale,high,rain,0.72,caution,False,medium,0,none,0.333,0.2,23.67,23.6,28.0,2.58,-8.0,0,0,0,0,4.0,0.0,1.83,False,999.0,False,0.75,0.35,0.083,decreasing,0.043,0
PM-SYN-002,2026-08-19T08:15:00+08:00,15m,22,25,harsh_brake,delayed,high,rain,0.72,caution,False,medium,0,none,0.0,0.2,21.67,23.53,23.0,2.65,-1.0,1,0,1,0,6.0,0.037,1.87,False,999.0,False,0.75,0.35,0.043,stable,0.062,0
PM-SYN-002,2026-08-19T08:17:00+08:00,15m,24,25,normal_update,fresh,high,rain,0.72,caution,False,medium,0,none,0.0,0.2,22.0,23.6,24.0,2.65,4.0,1,0,1,0,6.0,0.018,1.9,False,999.0,False,0.75,0.35,0.062,stable,0.041,0
PM-SYN-002,2026-08-19T08:19:00+08:00,15m,23,25,normal_update,fresh,high,rain,0.72,caution,False,medium,0,none,0.0,0.0,23.0,23.87,24.0,1.36,1.0,1,0,1,0,4.0,0.039,1.93,False,999.0,False,0.75,0.35,0.041,stable,0.033,0
PM-SYN-002,2026-08-19T08:21:00+08:00,15m,23,25,normal_update,fresh,high,rain,0.72,caution,False,medium,0,none,0.0,0.0,23.33,23.6,24.0,1.36,-1.0,1,0,1,0,4.0,0.047,1.97,False,999.0,False,0.75,0.35,0.033,increasing,0.044,0
PM-SYN-002,2026-08-19T08:23:00+08:00,15m,24,25,normal_update,stale,high,rain,0.72,caution,False,medium,0,none,0.0,0.0,23.33,23.53,24.0,0.75,1.0,1,0,1,0,4.0,0.036,2.0,False,999.0,False,0.75,0.35,0.044,stable,0.031,0
PM-SYN-002,2026-08-19T08:25:00+08:00,15m,22,25,normal_update,fresh,high,rain,0.72,caution,False,medium,0,none,0.0,0.0,23.0,23.47,24.0,0.75,-1.0,0,0,0,0,4.0,0.0,2.03,False,999.0,False,0.75,0.35,0.031,stable,0.063,1
PM-SYN-002,2026-08-19T08:27:00+08:00,15m,26,25,harsh_brake,fresh,high,rain,0.72,caution,False,medium,1,minor,0.333,0.2,24.0,23.73,26.0,1.36,2.0,1,0,1,0,6.0,0.057,2.07,False,0,True,0.75,0.35,0.063,increasing,0.154,1
PM-SYN-002,2026-08-19T08:29:00+08:00,15m,24,25,normal_update,fresh,high,rain,0.72,caution,False,medium,0,none,0.333,0.2,24.0,24.0,26.0,1.33,2.0,1,0,1,0,4.0,0.0,2.1,False,2,True,0.75,0.35,0.154,decreasing,0.063,0
PM-SYN-002,2026-08-19T08:31:00+08:00,15m,36,25,normal_update,fresh,high,rain,0.72,caution,False,medium,11,moderate,0.667,0.4,28.67,24.6,36.0,4.96,10.0,1,0,1,0,4.0,0.457,2.13,False,4,True,0.75,0.35,0.063,increasing,0.12,0
PM-SYN-002,2026-08-19T08:33:00+08:00,15m,25,25,normal_update,fresh,high,rain,0.72,caution,False,medium,0,none,0.333,0.4,28.33,24.47,36.0,4.88,1.0,1,0,1,0,4.0,0.0,2.17,False,6,True,0.75,0.35,0.12,stable,0.221,0
PM-SYN-002,2026-08-19T08:35:00+08:00,15m,27,25,normal_update,fresh,high,rain,0.72,caution,False,medium,2,minor,0.667,0.6,29.33,24.73,36.0,4.32,-9.0,1,0,1,0,4.0,0.0,2.2,False,8,True,0.75,0.35,0.221,decreasing,0.275,0
PM-SYN-002,2026-08-19T08:37:00+08:00,15m,27,25,normal_update,fresh,high,rain,0.72,caution,False,medium,2,minor,0.667,0.6,26.33,24.93,27.0,4.26,2.0,0,0,0,0,4.0,0.0,2.23,False,10,True,0.75,0.35,0.275,decreasing,0.076,0
PM-SYN-002,2026-08-19T08:39:00+08:00,15m,20,25,harsh_brake,fresh,high,rain,0.72,caution,False,medium,0,none,0.667,0.6,24.67,24.4,27.0,5.18,-7.0,1,0,1,0,6.0,0.004,2.27,False,12,True,0.75,0.35,0.076,stable,0.111,0
PM-SYN-002,2026-08-19T08:41:00+08:00,15m,21,25,harsh_brake,fresh,high,rain,0.72,caution,False,medium,0,none,0.333,0.4,22.67,24.27,27.0,2.97,-6.0,2,0,2,0,8.0,0.049,2.3,False,14,False,0.75,0.35,0.111,increasing,0.127,0
PM-SYN-002,2026-08-19T08:43:00+08:00,15m,34,25,normal_update,fresh,high,rain,0.72,caution,False,medium,9,minor,0.333,0.6,25.0,25.2,34.0,5.04,14.0,2,0,2,0,8.0,0.393,2.33,False,16,False,0.75,0.35,0.127,increasing,0.308,0
PM-SYN-002,2026-08-19T08:45:00+08:00,15m,20,25,normal_update,fresh,high,rain,0.72,caution,False,medium,0,none,0.333,0.4,25.0,25.07,34.0,5.46,-1.0,2,0,2,0,6.0,0.0,2.37,False,18,False,0.75,0.35,0.308,decreasing,0.074,0
PM-SYN-003,2026-08-19T08:42:00+08:00,15m,39,40,normal_update,fresh,medium,clear,0.78,wharf,False,high,0,none,0.0,0.0,37.33,37.47,39.0,2.4,1.0,0,0,0,0,4.0,0.0,0.5,False,999.0,False,0.25,1.0,0.187,decreasing,0.039,0
PM-SYN-003,2026-08-19T08:44:00+08:00,15m,50,40,normal_update,fresh,medium,clear,0.78,wharf,False,high,10,minor,0.333,0.2,41.33,38.2,50.0,5.9,15.0,0,0,0,0,4.0,0.361,0.53,False,999.0,False,0.25,1.0,0.039,increasing,0.076,0
PM-SYN-003,2026-08-19T08:46:00+08:00,15m,47,40,normal_update,fresh,medium,clear,0.78,wharf,False,high,7,minor,0.667,0.4,45.33,38.8,50.0,5.71,8.0,0,0,0,0,4.0,0.204,0.57,False,999.0,False,0.25,1.0,0.076,increasing,0.136,0
PM-SYN-003,2026-08-19T08:48:00+08:00,15m,48,40,speeding,fresh,medium,clear,0.78,wharf,False,high,8,minor,1.0,0.6,48.33,39.73,50.0,5.78,-2.0,0,0,0,0,6.0,0.184,0.6,False,999.0,False,0.25,1.0,0.136,increasing,0.166,0
PM-SYN-003,2026-08-19T08:50:00+08:00,15m,40,40,normal_update,fresh,medium,clear,0.78,wharf,False,high,0,none,0.667,0.6,45.0,39.8,48.0,4.45,-7.0,0,0,0,0,6.0,0.0,0.63,False,999.0,False,0.25,1.0,0.166,decreasing,0.067,0
PM-SYN-003,2026-08-19T08:52:00+08:00,15m,38,40,stale_gps,stale,medium,clear,0.78,wharf,False,high,0,none,0.333,0.6,42.0,39.8,48.0,4.72,-10.0,0,0,0,0,8.0,0.0,0.67,False,999.0,False,0.25,1.0,0.067,decreasing,0.129,0
PM-SYN-003,2026-08-19T08:54:00+08:00,15m,34,40,normal_update,fresh,medium,clear,0.78,wharf,False,high,0,none,0.0,0.4,37.33,39.47,40.0,5.35,-6.0,0,0,0,0,8.0,0.0,0.7,False,999.0,False,0.25,1.0,0.129,decreasing,0.069,1
PM-SYN-003,2026-08-19T08:56:00+08:00,15m,36,40,normal_update,fresh,medium,clear,0.78,wharf,False,high,0,none,0.0,0.2,36.0,39.53,38.0,4.83,-2.0,0,0,0,0,8.0,0.0,0.73,False,0,True,0.25,1.0,0.069,decreasing,0.166,1
PM-SYN-003,2026-08-19T08:58:00+08:00,15m,41,40,normal_update,delayed,medium,clear,0.78,wharf,False,high,1,minor,0.333,0.2,37.0,39.53,41.0,2.56,7.0,0,0,0,0,6.0,0.0,0.77,False,0,False,0.25,1.0,0.166,decreasing,0.034,1
PM-SYN-003,2026-08-19T09:00:00+08:00,15m,38,40,normal_update,fresh,medium,clear,0.78,wharf,False,high,0,none,0.333,0.2,38.33,39.6,41.0,2.33,2.0,0,0,0,0,6.0,0.0,0.8,False,2,False,0.25,1.0,0.034,stable,0.066,1
PM-SYN-003,2026-08-19T09:02:00+08:00,15m,38,40,normal_update,fresh,medium,clear,0.78,wharf,False,high,0,none,0.333,0.2,39.0,39.6,41.0,2.33,-3.0,0,0,0,0,6.0,0.0,0.83,False,4,False,0.25,1.0,0.066,decreasing,0.05,1
PM-SYN-003,2026-08-19T09:04:00+08:00,15m,34,40,normal_update,fresh,medium,clear,0.78,wharf,False,high,0,none,0.0,0.2,36.67,39.27,38.0,2.33,-4.0,0,0,0,0,6.0,0.0,0.87,False,6,False,0.25,1.0,0.05,decreasing,0.067,1
PM-SYN-003,2026-08-19T09:06:00+08:00,15m,40,40,normal_update,delayed,medium,clear,0.78,wharf,False,high,0,none,0.0,0.2,37.33,39.73,40.0,2.4,2.0,0,0,0,0,6.0,0.0,0.9,False,8,False,0.25,1.0,0.067,decreasing,0.063,1
PM-SYN-003,2026-08-19T09:08:00+08:00,15m,44,40,normal_update,fresh,medium,clear,0.78,wharf,False,high,4,minor,0.333,0.2,39.33,40.13,44.0,3.25,10.0,0,0,0,0,6.0,0.097,0.93,False,10,False,0.25,1.0,0.063,increasing,0.051,1
PM-SYN-003,2026-08-19T09:10:00+08:00,15m,36,40,normal_update,fresh,medium,clear,0.78,wharf,False,high,0,none,0.333,0.2,40.0,40.2,44.0,3.44,-4.0,0,0,0,0,4.0,0.0,0.97,False,12,False,0.25,1.0,0.051,decreasing,0.049,0
PM-SYN-003,2026-08-19T09:12:00+08:00,15m,42,40,normal_update,fresh,medium,clear,0.78,wharf,False,high,2,minor,0.667,0.4,40.67,40.4,44.0,3.71,-2.0,0,0,0,0,4.0,0.031,1.0,False,14,False,0.25,1.0,0.049,stable,0.085,0
PM-SYN-003,2026-08-19T09:14:00+08:00,15m,39,40,normal_update,delayed,medium,clear,0.78,wharf,False,high,0,none,0.333,0.4,39.0,39.67,42.0,2.71,3.0,0,0,0,0,4.0,0.0,1.03,False,16,False,0.25,1.0,0.085,decreasing,0.091,0
PM-SYN-003,2026-08-19T09:16:00+08:00,15m,38,40,normal_update,fresh,medium,clear,0.78,wharf,False,high,0,none,0.333,0.4,39.67,39.07,42.0,2.86,-4.0,0,0,0,0,4.0,0.0,1.07,False,18,False,0.25,1.0,0.091,decreasing,0.072,0
PM-SYN-003,2026-08-19T09:18:00+08:00,15m,39,40,normal_update,fresh,medium,clear,0.78,wharf,False,high,0,none,0.0,0.2,38.67,38.47,39.0,1.94,0.0,0,0,0,0,2.0,0.0,1.1,False,20,False,0.25,1.0,0.072,decreasing,0.045,0
PM-SYN-003,2026-08-19T09:20:00+08:00,15m,40,40,normal_update,fresh,medium,clear,0.78,wharf,False,high,0,none,0.0,0.2,39.0,38.47,40.0,1.36,2.0,0,0,0,0,2.0,0.0,1.13,False,22,False,0.25,1.0,0.045,decreasing,0.065,1
PM-SYN-003,2026-08-19T09:22:00+08:00,15m,36,40,normal_update,fresh,medium,clear,0.78,wharf,False,high,0,none,0.0,0.0,38.33,38.33,40.0,1.36,-3.0,0,0,0,0,0.0,0.0,1.17,False,0,False,0.25,1.0,0.065,decreasing,0.044,1
PM-SYN-003,2026-08-19T09:24:00+08:00,15m,36,40,normal_update,fresh,medium,clear,0.78,wharf,False,high,0,none,0.0,0.0,37.33,38.47,40.0,1.6,-4.0,0,0,0,0,0.0,0.0,1.2,False,2,False,0.25,1.0,0.044,decreasing,0.03,1
PM-SYN-003,2026-08-19T09:26:00+08:00,15m,47,40,normal_update,delayed,medium,clear,0.78,wharf,False,high,7,minor,0.333,0.2,39.67,39.2,47.0,4.03,11.0,0,0,0,0,0.0,0.25,1.23,False,4,False,0.25,1.0,0.03,increasing,0.114,1
PM-SYN-003,2026-08-19T09:28:00+08:00,15m,43,40,normal_update,fresh,medium,clear,0.78,wharf,False,high,3,minor,0.667,0.4,42.0,39.33,47.0,4.22,7.0,0,0,0,0,0.0,0.006,1.27,False,6,False,0.25,1.0,0.114,stable,0.05,1
PM-SYN-003,2026-08-19T09:30:00+08:00,15m,43,40,normal_update,fresh,medium,clear,0.78,wharf,False,high,3,minor,1.0,0.6,44.33,39.67,47.0,4.34,-4.0,0,0,0,0,0.0,0.07,1.3,False,8,False,0.25,1.0,0.05,increasing,0.19,1
PM-SYN-003,2026-08-19T09:32:00+08:00,15m,36,40,normal_update,fresh,medium,clear,0.78,wharf,False,high,0,none,0.667,0.6,40.67,39.53,43.0,4.34,-7.0,0,0,0,0,0.0,0.0,1.33,False,10,False,0.25,1.0,0.19,decreasing,0.093,1
PM-SYN-003,2026-08-19T09:34:00+08:00,15m,37,40,normal_update,fresh,medium,clear,0.78,wharf,False,high,0,none,0.333,0.6,38.67,39.73,43.0,4.12,-6.0,0,0,0,0,0.0,0.0,1.37,False,0,False,0.25,1.0,0.093,decreasing,0.093,1
PM-SYN-003,2026-08-19T09:36:00+08:00,15m,41,40,normal_update,fresh,medium,clear,0.78,wharf,False,high,1,minor,0.333,0.6,38.0,39.8,41.0,2.97,5.0,0,0,0,0,0.0,0.0,1.4,False,2,False,0.25,1.0,0.093,decreasing,0.123,1
PM-SYN-003,2026-08-19T09:38:00+08:00,15m,33,40,normal_update,fresh,medium,clear,0.78,wharf,False,high,0,none,0.333,0.4,37.0,39.07,41.0,3.58,-4.0,0,0,0,0,0.0,0.0,1.43,False,4,False,0.25,1.0,0.123,decreasing,0.063,1
PM-SYN-003,2026-08-19T09:40:00+08:00,15m,49,40,sharp_turn,fresh,medium,clear,0.78,wharf,False,high,9,minor,0.667,0.4,41.0,39.93,49.0,5.53,8.0,0,1,0,1,2.0,0.377,1.47,False,6,False,0.25,1.0,0.063,increasing,0.1,1
PM-SYN-003,2026-08-19T09:42:00+08:00,15m,41,40,sharp_turn,fresh,medium,clear,0.78,wharf,False,high,1,minor,0.667,0.6,41.0,39.87,49.0,5.31,8.0,0,2,0,2,4.0,0.1,1.5,False,8,False,0.25,1.0,0.1,increasing,0.228,1
PM-SYN-003,2026-08-19T09:44:00+08:00,15m,41,40,normal_update,delayed,medium,clear,0.78,wharf,False,high,1,minor,1.0,0.8,43.67,40.0,49.0,5.06,-8.0,0,2,0,2,4.0,0.0,1.53,False,10,False,0.25,1.0,0.228,stable,0.205,1
PM-SYN-003,2026-08-19T09:46:00+08:00,15m,50,40,speeding,fresh,medium,clear,0.78,wharf,False,high,10,minor,1.0,0.8,44.0,40.8,50.0,6.21,9.0,0,2,0,2,6.0,0.355,1.57,False,12,False,0.25,1.0,0.205,increasing,0.211,1
PM-SYN-003,2026-08-19T09:48:00+08:00,15m,40,40,normal_update,stale,medium,clear,0.78,wharf,False,high,0,none,0.667,0.8,43.67,40.87,50.0,4.35,-1.0,0,2,0,2,6.0,0.0,1.6,False,0,False,0.25,1.0,0.211,decreasing,0.226,1
PM-SYN-003,2026-08-19T09:50:00+08:00,15m,46,40,normal_update,fresh,medium,clear,0.78,wharf,False,high,6,minor,0.667,0.8,45.33,41.27,50.0,3.83,-4.0,0,1,0,1,6.0,0.094,1.63,False,2,False,0.25,1.0,0.226,increasing,0.155,1
PM-SYN-003,2026-08-19T09:52:00+08:00,15m,38,40,normal_update,fresh,medium,clear,0.78,wharf,False,high,0,none,0.333,0.6,41.33,41.4,46.0,4.38,-2.0,0,0,0,0,6.0,0.0,1.67,False,0,True,0.25,1.0,0.155,decreasing,0.103,1
PM-SYN-003,2026-08-19T09:54:00+08:00,15m,39,40,normal_update,fresh,medium,clear,0.78,wharf,False,high,0,none,0.333,0.4,41.0,41.6,46.0,4.63,-7.0,0,0,0,0,6.0,0.0,1.7,False,2,True,0.25,1.0,0.103,decreasing,0.093,1
PM-SYN-003,2026-08-19T09:56:00+08:00,15m,42,40,normal_update,fresh,medium,clear,0.78,wharf,False,high,2,minor,0.333,0.4,39.67,41.27,42.0,2.83,4.0,0,0,0,0,6.0,0.0,1.73,False,4,True,0.25,1.0,0.093,stable,0.169,1
PM-SYN-003,2026-08-19T09:58:00+08:00,15m,37,40,normal_update,delayed,medium,clear,0.78,wharf,False,high,0,none,0.333,0.4,39.33,40.87,42.0,3.26,-2.0,0,0,0,0,6.0,0.0,1.77,False,0,False,0.25,1.0,0.169,decreasing,0.1,1
PM-SYN-003,2026-08-19T10:00:00+08:00,15m,37,40,normal_update,fresh,medium,clear,0.78,wharf,False,high,0,none,0.333,0.2,38.67,40.47,42.0,1.85,-5.0,0,0,0,0,6.0,0.0,1.8,False,2,False,0.25,1.0,0.1,decreasing,0.043,1
PM-SYN-003,2026-08-19T10:02:00+08:00,15m,42,40,normal_update,fresh,medium,clear,0.78,wharf,False,high,2,minor,0.333,0.4,38.67,40.87,42.0,2.24,5.0,0,0,0,0,6.0,0.037,1.83,False,4,False,0.25,1.0,0.043,stable,0.091,1
PM-SYN-003,2026-08-19T10:04:00+08:00,15m,41,40,normal_update,fresh,medium,clear,0.78,wharf,False,high,1,minor,0.667,0.6,40.0,41.13,42.0,2.32,4.0,0,0,0,0,6.0,0.0,1.87,False,6,False,0.25,1.0,0.091,decreasing,0.117,1
PM-SYN-003,2026-08-19T10:06:00+08:00,15m,37,40,normal_update,fresh,medium,clear,0.78,wharf,False,high,0,none,0.667,0.4,40.0,40.87,42.0,2.23,-5.0,0,0,0,0,6.0,0.0,1.9,False,8,False,0.25,1.0,0.117,decreasing,0.102,0
PM-SYN-003,2026-08-19T10:08:00+08:00,15m,36,40,sharp_turn,fresh,medium,clear,0.78,wharf,False,high,0,none,0.333,0.4,38.0,41.07,41.0,2.42,-5.0,0,1,0,1,8.0,0.0,1.93,False,10,False,0.25,1.0,0.102,stable,0.148,0
PM-SYN-003,2026-08-19T10:10:00+08:00,15m,50,40,speeding,fresh,medium,clear,0.78,wharf,False,high,10,minor,0.333,0.6,41.0,41.13,50.0,4.96,13.0,0,1,0,1,8.0,0.332,1.97,False,12,False,0.25,1.0,0.148,increasing,0.117,0
PM-SYN-003,2026-08-19T10:12:00+08:00,15m,35,40,normal_update,fresh,medium,clear,0.78,wharf,False,high,0,none,0.333,0.4,40.33,40.73,50.0,5.49,-1.0,0,1,0,1,6.0,0.0,2.0,False,14,False,0.25,1.0,0.117,stable,0.092,0
PM-SYN-003,2026-08-19T10:14:00+08:00,15m,38,40,normal_update,fresh,medium,clear,0.78,wharf,False,high,0,none,0.333,0.2,41.0,40.53,50.0,5.49,-12.0,0,1,0,1,6.0,0.0,2.03,False,16,False,0.25,1.0,0.092,stable,0.116,0
PM-SYN-003,2026-08-19T10:16:00+08:00,15m,38,40,normal_update,fresh,medium,clear,0.78,wharf,False,high,0,none,0.0,0.2,37.0,39.73,38.0,5.43,3.0,0,1,0,1,4.0,0.0,2.07,False,18,False,0.25,1.0,0.116,stable,0.155,0
PM-SYN-003,2026-08-19T10:18:00+08:00,15m,42,40,normal_update,fresh,medium,clear,0.78,wharf,False,high,2,minor,0.333,0.4,39.33,39.87,42.0,5.2,4.0,0,0,0,0,4.0,0.0,2.1,False,20,False,0.25,1.0,0.155,decreasing,0.08,0
PM-SYN-003,2026-08-19T10:20:00+08:00,15m,40,40,normal_update,fresh,medium,clear,0.78,wharf,False,high,0,none,0.333,0.2,40.0,39.47,42.0,2.33,2.0,0,0,0,0,4.0,0.0,2.13,False,22,False,0.25,1.0,0.08,decreasing,0.036,0
PM-SYN-003,2026-08-19T10:22:00+08:00,15m,37,40,sharp_turn,fresh,medium,clear,0.78,wharf,False,high,0,none,0.333,0.2,39.67,39.4,42.0,1.79,-5.0,0,1,0,1,6.0,0.044,2.17,False,24,False,0.25,1.0,0.036,increasing,0.083,1
PM-SYN-003,2026-08-19T10:24:00+08:00,15m,32,40,normal_update,fresh,medium,clear,0.78,wharf,False,high,0,none,0.0,0.2,36.33,38.93,40.0,3.37,-8.0,0,1,0,1,6.0,0.0,2.2,False,0,False,0.25,1.0,0.083,stable,0.075,1
PM-SYN-003,2026-08-19T10:26:00+08:00,15m,43,40,normal_update,fresh,medium,clear,0.78,wharf,False,high,3,minor,0.333,0.4,37.33,39.0,43.0,3.97,6.0,0,1,0,1,6.0,0.125,2.23,False,2,False,0.25,1.0,0.075,increasing,0.116,1
PM-SYN-003,2026-08-19T10:28:00+08:00,15m,34,40,normal_update,fresh,medium,clear,0.78,wharf,False,high,0,none,0.333,0.2,36.33,38.8,43.0,3.97,2.0,0,1,0,1,6.0,0.0,2.27,False,4,False,0.25,1.0,0.116,stable,0.09,1
PM-SYN-003,2026-08-19T10:30:00+08:00,15m,44,40,stale_gps,stale,medium,clear,0.78,wharf,False,high,4,minor,0.667,0.4,40.33,39.27,44.0,4.77,1.0,0,1,0,1,8.0,0.15,2.3,False,6,False,0.25,1.0,0.09,increasing,0.106,1
PM-SYN-003,2026-08-19T10:32:00+08:00,15m,41,40,normal_update,fresh,medium,clear,0.78,wharf,False,high,1,minor,0.667,0.6,39.67,39.2,44.0,4.87,7.0,0,0,0,0,8.0,0.0,2.33,False,8,False,0.25,1.0,0.106,decreasing,0.101,1
PM-SYN-003,2026-08-19T10:34:00+08:00,15m,32,40,normal_update,delayed,medium,clear,0.78,wharf,False,high,0,none,0.667,0.6,39.0,38.6,44.0,4.87,-12.0,0,0,0,0,8.0,0.0,2.37,False,10,False,0.25,1.0,0.101,decreasing,0.079,0
PM-SYN-004,2026-08-19T06:41:00+08:00,15m,9,15,normal_update,fresh,high,rain,0.66,restricted,False,medium,0,none,0.333,0.6,13.0,14.07,16.0,2.87,-7.0,0,0,0,0,0.0,0.0,0.5,True,999.0,False,0.75,0.7,0.327,decreasing,0.139,0
PM-SYN-004,2026-08-19T06:43:00+08:00,15m,9,15,normal_update,delayed,high,rain,0.66,restricted,False,medium,0,none,0.0,0.4,10.67,13.67,14.0,3.19,-5.0,0,0,0,0,0.0,0.0,0.53,True,999.0,False,0.75,0.7,0.139,decreasing,0.093,0
PM-SYN-004,2026-08-19T06:45:00+08:00,15m,27,15,normal_update,fresh,high,rain,0.66,restricted,False,medium,12,moderate,0.333,0.4,15.0,14.13,27.0,6.6,18.0,0,0,0,0,0.0,0.387,0.57,True,999.0,False,0.75,0.7,0.093,increasing,0.184,0
PM-SYN-004,2026-08-19T06:47:00+08:00,15m,20,15,normal_update,fresh,high,rain,0.66,restricted,False,medium,5,minor,0.667,0.4,18.67,14.73,27.0,6.91,11.0,0,0,0,0,0.0,0.016,0.6,True,999.0,False,0.75,0.7,0.184,stable,0.113,0
PM-SYN-004,2026-08-19T06:49:00+08:00,15m,12,15,harsh_brake,fresh,high,rain,0.66,restricted,False,medium,0,none,0.667,0.4,19.67,14.87,27.0,7.06,-15.0,1,0,1,0,2.0,0.0,0.63,True,999.0,False,0.75,0.7,0.113,stable,0.217,0
PM-SYN-004,2026-08-19T06:51:00+08:00,15m,7,15,normal_update,fresh,high,rain,0.66,restricted,False,medium,0,none,0.333,0.4,13.0,14.6,20.0,7.46,-13.0,1,0,1,0,2.0,0.0,0.67,True,999.0,False,0.75,0.7,0.217,decreasing,0.157,1
PM-SYN-004,2026-08-19T06:53:00+08:00,15m,14,15,harsh_brake,fresh,high,rain,0.66,restricted,False,medium,0,none,0.0,0.4,11.0,14.73,14.0,6.9,2.0,2,0,2,0,4.0,0.003,0.7,True,0,False,0.75,0.7,0.157,stable,0.129,1
PM-SYN-004,2026-08-19T06:55:00+08:00,15m,8,15,normal_update,fresh,high,rain,0.66,restricted,False,medium,0,none,0.0,0.2,9.67,14.6,14.0,4.66,1.0,2,0,2,0,4.0,0.031,0.73,True,2,False,0.75,0.7,0.129,stable,0.14,1
PM-SYN-004,2026-08-19T06:57:00+08:00,15m,11,15,normal_update,fresh,high,rain,0.66,restricted,False,medium,0,none,0.0,0.0,11.0,14.27,14.0,2.58,-3.0,2,0,2,0,4.0,0.02,0.77,True,4,False,0.75,0.7,0.14,stable,0.154,1
PM-SYN-004,2026-08-19T06:59:00+08:00,15m,10,15,normal_update,fresh,high,rain,0.66,restricted,False,medium,0,none,0.0,0.0,9.67,13.47,11.0,2.45,2.0,1,0,1,0,4.0,0.0,0.8,True,0,True,0.75,0.7,0.154,decreasing,0.08,1
PM-SYN-004,2026-08-19T07:01:00+08:00,15m,24,15,normal_update,delayed,high,rain,0.66,restricted,False,medium,9,minor,0.333,0.2,15.0,14.27,24.0,5.64,13.0,1,0,1,0,4.0,0.36,0.83,False,2,True,0.75,0.7,0.08,increasing,0.156,1
PM-SYN-004,2026-08-19T07:03:00+08:00,15m,11,15,normal_update,fresh,high,rain,0.66,restricted,False,medium,0,none,0.333,0.2,15.0,13.87,24.0,5.71,1.0,0,0,0,0,4.0,0.0,0.87,False,4,True,0.75,0.7,0.156,decreasing,0.08,1
PM-SYN-004,2026-08-19T07:05:00+08:00,15m,10,15,normal_update,fresh,high,rain,0.66,restricted,False,medium,0,none,0.333,0.2,15.0,13.47,24.0,5.42,-14.0,0,0,0,0,4.0,0.0,0.9,False,6,True,0.75,0.7,0.08,decreasing,0.129,1
PM-SYN-004,2026-08-19T07:07:00+08:00,15m,15,15,normal_update,fresh,high,rain,0.66,restricted,False,medium,0,none,0.0,0.2,12.0,13.4,15.0,5.33,4.0,0,0,0,0,4.0,0.0,0.93,False,0,False,0.75,0.7,0.129,decreasing,0.072,1
PM-SYN-004,2026-08-19T07:09:00+08:00,15m,16,15,normal_update,fresh,high,rain,0.66,restricted,False,medium,1,minor,0.333,0.4,13.67,13.53,16.0,4.96,6.0,0,0,0,0,4.0,0.0,0.97,False,2,False,0.75,0.7,0.072,stable,0.108,0
PM-SYN-004,2026-08-19T07:11:00+08:00,15m,13,15,normal_update,fresh,high,rain,0.66,restricted,False,medium,0,none,0.333,0.2,14.67,13.8,16.0,2.28,-2.0,0,0,0,0,4.0,0.0,1.0,False,4,False,0.75,0.7,0.108,decreasing,0.054,0
PM-SYN-004,2026-08-19T07:13:00+08:00,15m,13,15,normal_update,fresh,high,rain,0.66,restricted,False,medium,0,none,0.333,0.2,14.0,14.07,16.0,2.06,-3.0,0,0,0,0,4.0,0.0,1.03,False,6,False,0.75,0.7,0.054,decreasing,0.097,0
PM-SYN-004,2026-08-19T07:15:00+08:00,15m,16,15,normal_update,fresh,high,rain,0.66,restricted,False,medium,1,minor,0.333,0.4,14.0,13.33,16.0,1.36,3.0,0,0,0,0,4.0,0.0,1.07,False,8,False,0.75,0.7,0.097,decreasing,0.064,0
PM-SYN-004,2026-08-19T07:17:00+08:00,15m,11,15,normal_update,fresh,high,rain,0.66,restricted,False,medium,0,none,0.333,0.4,13.33,12.73,16.0,1.94,-2.0,0,0,0,0,4.0,0.0,1.1,False,10,False,0.75,0.7,0.064,decreasing,0.062,0
PM-SYN-004,2026-08-19T07:19:00+08:00,15m,15,15,normal_update,fresh,high,rain,0.66,restricted,False,medium,0,none,0.333,0.2,14.0,12.93,16.0,1.74,-1.0,0,0,0,0,2.0,0.0,1.13,False,12,False,0.75,0.7,0.062,decreasing,0.057,0
PM-SYN-004,2026-08-19T07:21:00+08:00,15m,11,15,normal_update,fresh,high,rain,0.66,restricted,False,medium,0,none,0.0,0.2,12.33,13.2,15.0,2.04,0.0,0,0,0,0,2.0,0.0,1.17,False,14,False,0.75,0.7,0.057,decreasing,0.078,1
PM-SYN-004,2026-08-19T07:23:00+08:00,15m,14,15,harsh_brake,delayed,high,rain,0.66,restricted,False,medium,0,none,0.0,0.2,13.33,13.2,15.0,2.06,-1.0,1,0,1,0,2.0,0.002,1.2,False,0,False,0.75,0.7,0.078,stable,0.053,1
PM-SYN-004,2026-08-19T07:25:00+08:00,15m,17,15,normal_update,delayed,high,rain,0.66,restricted,False,medium,2,minor,0.333,0.2,14.0,13.8,17.0,2.33,6.0,1,0,1,0,2.0,0.107,1.23,False,2,False,0.75,0.7,0.053,increasing,0.095,1
PM-SYN-004,2026-08-19T07:27:00+08:00,15m,8,15,normal_update,delayed,high,rain,0.66,restricted,False,medium,0,none,0.333,0.2,13.0,13.6,17.0,3.16,-6.0,1,0,1,0,2.0,0.0,1.27,False,4,False,0.75,0.7,0.095,stable,0.08,1
PM-SYN-004,2026-08-19T07:29:00+08:00,15m,12,15,normal_update,fresh,high,rain,0.66,restricted,False,medium,0,none,0.333,0.2,12.33,13.73,17.0,3.01,-5.0,1,0,1,0,2.0,0.0,1.3,False,6,False,0.75,0.7,0.08,stable,0.074,1
PM-SYN-004,2026-08-19T07:31:00+08:00,15m,22,15,speeding,delayed,high,rain,0.66,restricted,False,medium,7,minor,0.333,0.4,14.0,13.6,22.0,4.72,14.0,1,0,1,0,4.0,0.286,1.33,False,8,False,0.75,0.7,0.074,increasing,0.177,1
PM-SYN-004,2026-08-19T07:33:00+08:00,15m,14,15,normal_update,fresh,high,rain,0.66,restricted,False,medium,0,none,0.333,0.4,16.0,13.8,22.0,4.72,2.0,0,0,0,0,4.0,0.0,1.37,False,10,False,0.75,0.7,0.177,decreasing,0.087,1
PM-SYN-004,2026-08-19T07:35:00+08:00,15m,11,15,normal_update,fresh,high,rain,0.66,restricted,False,medium,0,none,0.333,0.2,15.67,13.87,22.0,4.72,-11.0,0,0,0,0,4.0,0.0,1.4,False,12,False,0.75,0.7,0.087,decreasing,0.093,0
PM-SYN-004,2026-08-19T07:37:00+08:00,15m,14,15,normal_update,stale,high,rain,0.66,restricted,False,medium,0,none,0.0,0.2,13.0,13.8,14.0,3.88,0.0,0,0,0,0,4.0,0.0,1.43,False,14,False,0.75,0.7,0.093,decreasing,0.082,0
PM-SYN-004,2026-08-19T07:39:00+08:00,15m,10,15,normal_update,delayed,high,rain,0.66,restricted,False,medium,0,none,0.0,0.2,11.67,13.4,14.0,4.21,-1.0,0,0,0,0,4.0,0.0,1.47,False,16,False,0.75,0.7,0.082,decreasing,0.063,0
PM-SYN-004,2026-08-19T07:41:00+08:00,15m,9,15,normal_update,fresh,high,rain,0.66,restricted,False,medium,0,none,0.0,0.0,11.0,13.13,14.0,2.06,-5.0,0,0,0,0,4.0,0.0,1.5,False,18,False,0.75,0.7,0.063,decreasing,0.026,0
PM-SYN-004,2026-08-19T07:43:00+08:00,15m,11,15,normal_update,fresh,high,rain,0.66,restricted,False,medium,0,none,0.0,0.0,10.0,13.0,11.0,1.67,1.0,0,0,0,0,4.0,0.0,1.53,False,20,False,0.75,0.7,0.026,stable,0.049,0
PM-SYN-004,2026-08-19T07:45:00+08:00,15m,19,15,normal_update,fresh,high,rain,0.66,restricted,False,medium,4,minor,0.333,0.2,13.0,13.2,19.0,3.61,10.0,0,0,0,0,4.0,0.111,1.57,False,22,False,0.75,0.7,0.049,increasing,0.071,0
PM-SYN-004,2026-08-19T07:47:00+08:00,15m,11,15,harsh_brake,fresh,high,rain,0.66,restricted,False,medium,0,none,0.333,0.2,13.67,13.2,19.0,3.58,0.0,1,0,1,0,6.0,0.009,1.6,False,24,False,0.75,0.7,0.071,stable,0.084,0
PM-SYN-004,2026-08-19T07:49:00+08:00,15m,22,15,speeding,fresh,high,rain,0.66,restricted,False,medium,7,minor,0.667,0.4,17.33,13.67,22.0,5.12,3.0,1,0,1,0,8.0,0.276,1.63,False,26,False,0.75,0.7,0.084,increasing,0.072,0
PM-SYN-004,2026-08-19T07:51:00+08:00,15m,20,15,normal_update,fresh,high,rain,0.66,restricted,False,medium,5,minor,0.667,0.6,17.67,14.27,22.0,4.67,9.0,1,0,1,0,8.0,0.208,1.67,False,28,False,0.75,0.7,0.072,increasing,0.169,1
PM-SYN-004,2026-08-19T07:53:00+08:00,15m,15,15,normal_update,fresh,high,rain,0.66,restricted,False,medium,0,none,0.667,0.6,19.0,14.33,22.0,3.93,-7.0,1,0,1,0,6.0,0.0,1.7,False,0,True,0.75,0.7,0.169,decreasing,0.16,1
PM-SYN-004,2026-08-19T07:55:00+08:00,15m,18,15,normal_update,fresh,high,rain,0.66,restricted,False,medium,3,minor,0.667,0.6,17.67,14.4,20.0,3.87,-2.0,1,0,1,0,6.0,0.04,1.73,False,2,True,0.75,0.7,0.16,stable,0.132,1
PM-SYN-004,2026-08-19T07:57:00+08:00,15m,14,15,sharp_turn,fresh,high,rain,0.66,restricted,False,medium,0,none,0.333,0.6,15.67,14.8,18.0,2.99,-1.0,0,1,0,1,8.0,0.0,1.77,False,4,True,0.75,0.7,0.132,decreasing,0.226,1
PM-SYN-004,2026-08-19T07:59:00+08:00,15m,15,15,normal_update,fresh,high,rain,0.66,restricted,False,medium,0,none,0.333,0.4,15.67,15.0,18.0,2.24,-3.0,0,1,0,1,8.0,0.0,1.8,False,6,True,0.75,0.7,0.226,decreasing,0.17,1
PM-SYN-004,2026-08-19T08:01:00+08:00,15m,18,15,normal_update,fresh,high,rain,0.66,restricted,False,medium,3,minor,0.333,0.4,15.67,14.73,18.0,1.67,4.0,0,1,0,1,6.0,0.03,1.83,False,8,True,0.75,0.7,0.17,stable,0.197,1
PM-SYN-004,2026-08-19T08:03:00+08:00,15m,13,15,sharp_turn,fresh,high,rain,0.66,restricted,False,medium,0,none,0.333,0.4,15.33,14.67,18.0,2.06,-2.0,0,2,0,2,8.0,0.0,1.87,False,0,False,0.75,0.7,0.197,stable,0.074,1
PM-SYN-004,2026-08-19T08:05:00+08:00,15m,12,15,normal_update,fresh,high,rain,0.66,restricted,False,medium,0,none,0.333,0.2,14.33,14.73,18.0,2.06,-6.0,0,2,0,2,8.0,0.086,1.9,False,2,False,0.75,0.7,0.074,increasing,0.103,1
PM-SYN-004,2026-08-19T08:07:00+08:00,15m,25,15,speeding,fresh,high,rain,0.66,restricted,False,medium,10,minor,0.333,0.4,16.67,15.47,25.0,4.67,12.0,0,1,0,1,10.0,0.377,1.93,False,4,False,0.75,0.7,0.103,increasing,0.13,1
PM-SYN-004,2026-08-19T08:09:00+08:00,15m,26,15,speeding,fresh,high,rain,0.66,restricted,False,medium,11,moderate,0.667,0.6,21.0,16.53,26.0,5.84,14.0,0,1,0,1,12.0,0.39,1.97,False,6,False,0.75,0.7,0.13,increasing,0.24,1
PM-SYN-004,2026-08-19T08:11:00+08:00,15m,10,15,normal_update,fresh,high,rain,0.66,restricted,False,medium,0,none,0.667,0.4,20.33,16.6,26.0,6.85,-15.0,0,1,0,1,12.0,0.0,2.0,False,0,False,0.75,0.7,0.24,decreasing,0.068,1
PM-SYN-004,2026-08-19T08:13:00+08:00,15m,9,15,normal_update,fresh,high,rain,0.66,restricted,False,medium,0,none,0.333,0.4,15.0,16.47,26.0,7.5,-17.0,0,0,0,0,12.0,0.0,2.03,False,2,False,0.75,0.7,0.068,decreasing,0.064,1
PM-SYN-004,2026-08-19T08:15:00+08:00,15m,15,15,normal_update,fresh,high,rain,0.66,restricted,False,medium,0,none,0.0,0.4,11.33,16.2,15.0,7.24,5.0,0,0,0,0,12.0,0.0,2.07,False,4,False,0.75,0.7,0.064,decreasing,0.05,1
PM-SYN-004,2026-08-19T08:17:00+08:00,15m,22,15,speeding,fresh,high,rain,0.66,restricted,False,medium,7,minor,0.333,0.4,15.33,16.93,22.0,6.65,13.0,0,0,0,0,12.0,0.23,2.1,False,6,False,0.75,0.7,0.05,increasing,0.102,1
PM-SYN-004,2026-08-19T08:19:00+08:00,15m,12,15,normal_update,fresh,high,rain,0.66,restricted,False,medium,0,none,0.333,0.2,16.33,16.27,22.0,4.67,-3.0,0,0,0,0,10.0,0.0,2.13,False,8,False,0.75,0.7,0.102,decreasing,0.04,1
PM-SYN-004,2026-08-19T08:21:00+08:00,15m,16,15,normal_update,fresh,high,rain,0.66,restricted,False,medium,1,minor,0.667,0.4,16.67,16.0,22.0,4.35,-6.0,0,0,0,0,10.0,0.0,2.17,False,10,False,0.75,0.7,0.04,stable,0.12,0
PM-SYN-004,2026-08-19T08:23:00+08:00,15m,13,15,sharp_turn,fresh,high,rain,0.66,restricted,False,medium,0,none,0.333,0.4,13.67,15.87,16.0,3.5,1.0,0,1,0,1,12.0,0.0,2.2,False,12,False,0.75,0.7,0.12,decreasing,0.079,0
PM-SYN-004,2026-08-19T08:25:00+08:00,15m,9,15,harsh_brake,fresh,high,rain,0.66,restricted,False,medium,0,none,0.333,0.4,12.67,15.27,16.0,4.41,-7.0,1,1,1,1,14.0,0.081,2.23,False,14,False,0.75,0.7,0.079,increasing,0.089,0
PM-SYN-004,2026-08-19T08:27:00+08:00,15m,11,15,normal_update,fresh,high,rain,0.66,restricted,False,medium,0,none,0.0,0.2,11.0,15.07,13.0,2.32,-2.0,1,1,1,1,12.0,0.071,2.27,False,16,False,0.75,0.7,0.089,increasing,0.064,0
PM-SYN-004,2026-08-19T08:29:00+08:00,15m,26,15,harsh_brake,fresh,high,rain,0.66,restricted,False,medium,11,moderate,0.333,0.4,15.33,15.8,26.0,5.97,17.0,2,1,2,1,14.0,0.616,2.3,False,18,False,0.75,0.7,0.064,increasing,0.197,0
PM-SYN-004,2026-08-19T08:31:00+08:00,15m,8,15,normal_update,fresh,high,rain,0.66,restricted,False,medium,0,none,0.333,0.2,15.0,15.13,26.0,6.53,-3.0,2,1,2,1,14.0,0.043,2.33,False,20,False,0.75,0.7,0.197,increasing,0.229,0
PM-SYN-004,2026-08-19T08:33:00+08:00,15m,18,15,normal_update,fresh,high,rain,0.66,restricted,False,medium,3,minor,0.667,0.4,17.33,15.47,26.0,6.77,-8.0,2,0,2,0,12.0,0.051,2.37,False,22,False,0.75,0.7,0.229,increasing,0.237,1
PM-SYN-005,2026-08-19T09:01:00+08:00,15m,32,25,normal_update,fresh,high,rain,0.66,restricted,False,medium,7,minor,0.333,0.2,25.67,27.13,32.0,4.12,9.0,1,0,1,0,10.0,0.14,0.5,False,999.0,False,0.75,0.7,0.22,increasing,0.062,0
PM-SYN-005,2026-08-19T09:03:00+08:00,15m,17,25,normal_update,fresh,high,rain,0.66,restricted,False,medium,0,none,0.333,0.2,23.67,26.47,32.0,4.84,-5.0,1,0,1,0,10.0,0.018,0.53,False,999.0,False,0.75,0.7,0.062,stable,0.139,0
PM-SYN-005,2026-08-19T09:05:00+08:00,15m,37,25,harsh_brake,fresh,high,rain,0.66,restricted,False,medium,12,moderate,0.667,0.4,28.67,26.87,37.0,7.25,5.0,2,0,2,0,12.0,0.501,0.57,False,999.0,False,0.75,0.7,0.139,increasing,0.233,0
PM-SYN-005,2026-08-19T09:07:00+08:00,15m,29,25,normal_update,delayed,high,rain,0.66,restricted,False,medium,4,minor,0.667,0.6,27.67,26.93,37.0,7.12,12.0,2,0,2,0,12.0,0.087,0.6,False,999.0,False,0.75,0.7,0.233,increasing,0.181,1
PM-SYN-005,2026-08-19T09:09:00+08:00,15m,27,25,normal_update,delayed,high,rain,0.66,restricted,False,medium,2,minor,1.0,0.8,31.0,26.87,37.0,6.62,-10.0,1,0,1,0,12.0,0.0,0.63,False,0,False,0.75,0.7,0.181,stable,0.225,1
PM-SYN-005,2026-08-19T09:11:00+08:00,15m,34,25,normal_update,fresh,high,rain,0.66,restricted,False,medium,9,minor,1.0,0.8,30.0,26.93,34.0,6.88,5.0,1,0,1,0,10.0,0.215,0.67,False,2,False,0.75,0.7,0.225,increasing,0.164,1
PM-SYN-005,2026-08-19T09:13:00+08:00,15m,20,25,normal_update,fresh,high,rain,0.66,restricted,False,medium,0,none,0.667,0.8,27.0,26.73,34.0,5.89,-7.0,1,0,1,0,10.0,0.0,0.7,False,4,False,0.75,0.7,0.164,decreasing,0.217,0
PM-SYN-005,2026-08-19T09:15:00+08:00,15m,34,25,speeding,delayed,high,rain,0.66,restricted,False,medium,9,minor,0.667,0.8,29.33,27.47,34.0,5.19,0.0,0,0,0,0,12.0,0.143,0.73,False,6,False,0.75,0.7,0.217,increasing,0.144,0
PM-SYN-005,2026-08-19T09:17:00+08:00,15m,20,25,normal_update,fresh,high,rain,0.66,restricted,False,medium,0,none,0.333,0.6,24.67,26.8,34.0,6.26,0.0,0,0,0,0,10.0,0.0,0.77,False,8,False,0.75,0.7,0.144,decreasing,0.088,0
PM-SYN-005,2026-08-19T09:19:00+08:00,15m,35,25,speeding,stale,high,rain,0.66,restricted,False,medium,10,minor,0.667,0.6,29.67,26.67,35.0,7.03,1.0,0,0,0,0,10.0,0.312,0.8,False,10,False,0.75,0.7,0.088,increasing,0.202,1
PM-SYN-005,2026-08-19T09:21:00+08:00,15m,19,25,normal_update,delayed,high,rain,0.66,restricted,False,medium,0,none,0.333,0.4,24.67,26.2,35.0,7.28,-1.0,0,0,0,0,8.0,0.0,0.83,False,0,True,0.75,0.7,0.202,decreasing,0.1,1
PM-SYN-005,2026-08-19T09:23:00+08:00,15m,26,25,normal_update,fresh,high,rain,0.66,restricted,False,medium,1,minor,0.667,0.6,26.67,26.6,35.0,6.73,-9.0,0,0,0,0,8.0,0.0,0.87,False,0,True,0.75,0.7,0.1,decreasing,0.241,1
PM-SYN-005,2026-08-19T09:25:00+08:00,15m,21,25,normal_update,fresh,high,rain,0.66,restricted,False,medium,0,none,0.333,0.4,22.0,26.4,26.0,5.91,2.0,0,0,0,0,8.0,0.0,0.9,False,2,True,0.75,0.7,0.241,decreasing,0.136,1
PM-SYN-005,2026-08-19T09:27:00+08:00,15m,20,25,normal_update,fresh,high,rain,0.66,restricted,False,medium,0,none,0.333,0.4,22.33,26.2,26.0,5.91,-6.0,0,0,0,0,8.0,0.0,0.93,False,4,True,0.75,0.7,0.136,decreasing,0.069,1
PM-SYN-005,2026-08-19T09:29:00+08:00,15m,22,25,normal_update,fresh,high,rain,0.66,restricted,False,medium,0,none,0.0,0.2,21.0,26.2,22.0,2.42,1.0,0,0,0,0,6.0,0.0,0.97,False,6,True,0.75,0.7,0.069,decreasing,0.101,1
PM-SYN-005,2026-08-19T09:31:00+08:00,15m,20,25,normal_update,fresh,high,rain,0.66,restricted,False,medium,0,none,0.0,0.2,20.67,25.4,22.0,2.23,0.0,0,0,0,0,6.0,0.0,1.0,False,8,True,0.75,0.7,0.101,decreasing,0.1,1
PM-SYN-005,2026-08-19T09:33:00+08:00,15m,24,25,normal_update,fresh,high,rain,0.66,restricted,False,medium,0,none,0.0,0.0,22.0,25.87,24.0,1.5,2.0,0,0,0,0,6.0,0.0,1.03,False,10,True,0.75,0.7,0.1,decreasing,0.04,0
PM-SYN-005,2026-08-19T09:35:00+08:00,15m,30,25,speeding,fresh,high,rain,0.66,restricted,False,medium,5,minor,0.333,0.2,24.67,25.4,30.0,3.71,10.0,0,0,0,0,6.0,0.16,1.07,False,12,True,0.75,0.7,0.04,increasing,0.072,0
PM-SYN-005,2026-08-19T09:37:00+08:00,15m,35,25,normal_update,fresh,high,rain,0.66,restricted,False,medium,10,minor,0.667,0.4,29.67,25.8,35.0,5.53,11.0,0,0,0,0,6.0,0.328,1.1,False,14,False,0.75,0.7,0.072,increasing,0.083,0
PM-SYN-005,2026-08-19T09:39:00+08:00,15m,37,25,speeding,fresh,high,rain,0.66,restricted,False,medium,12,moderate,1.0,0.6,34.0,26.47,37.0,6.43,7.0,0,0,0,0,8.0,0.397,1.13,False,16,False,0.75,0.7,0.083,increasing,0.17,0
PM-SYN-005,2026-08-19T09:41:00+08:00,15m,24,25,normal_update,stale,high,rain,0.66,restricted,False,medium,0,none,0.667,0.6,32.0,25.8,37.0,5.4,-11.0,0,0,0,0,8.0,0.0,1.17,False,18,False,0.75,0.7,0.17,decreasing,0.139,0
PM-SYN-005,2026-08-19T09:43:00+08:00,15m,21,25,normal_update,delayed,high,rain,0.66,restricted,False,medium,0,none,0.333,0.6,27.33,25.87,37.0,6.15,-16.0,0,0,0,0,8.0,0.0,1.2,False,20,False,0.75,0.7,0.139,decreasing,0.157,0
PM-SYN-005,2026-08-19T09:45:00+08:00,15m,21,25,normal_update,fresh,high,rain,0.66,restricted,False,medium,0,none,0.0,0.4,22.0,25.0,24.0,6.97,-3.0,0,0,0,0,6.0,0.0,1.23,False,22,False,0.75,0.7,0.157,decreasing,0.111,0
PM-SYN-005,2026-08-19T09:47:00+08:00,15m,21,25,harsh_brake,fresh,high,rain,0.66,restricted,False,medium,0,none,0.0,0.2,21.0,25.07,21.0,6.21,0.0,1,0,1,0,8.0,0.0,1.27,False,24,False,0.75,0.7,0.111,stable,0.103,0
PM-SYN-005,2026-08-19T09:49:00+08:00,15m,25,25,harsh_brake,delayed,high,rain,0.66,restricted,False,medium,0,none,0.0,0.0,22.33,24.4,25.0,1.74,4.0,2,0,2,0,8.0,0.057,1.3,False,26,False,0.75,0.7,0.103,increasing,0.066,0
PM-SYN-005,2026-08-19T09:51:00+08:00,15m,25,25,normal_update,fresh,high,rain,0.66,restricted,False,medium,0,none,0.0,0.0,23.67,24.8,25.0,1.96,4.0,2,0,2,0,8.0,0.094,1.33,False,28,False,0.75,0.7,0.066,increasing,0.108,0
PM-SYN-005,2026-08-19T09:53:00+08:00,15m,32,25,normal_update,delayed,high,rain,0.66,restricted,False,medium,7,minor,0.333,0.2,27.33,25.2,32.0,4.02,7.0,2,0,2,0,8.0,0.332,1.37,False,30,False,0.75,0.7,0.108,increasing,0.128,0
PM-SYN-005,2026-08-19T09:55:00+08:00,15m,31,25,speeding,fresh,high,rain,0.66,restricted,False,medium,6,minor,0.667,0.4,29.33,25.87,32.0,4.12,6.0,2,0,2,0,10.0,0.272,1.4,False,32,False,0.75,0.7,0.128,increasing,0.098,0
PM-SYN-005,2026-08-19T09:57:00+08:00,15m,26,25,normal_update,fresh,high,rain,0.66,restricted,False,medium,1,minor,1.0,0.6,29.67,26.27,32.0,3.06,-6.0,1,0,1,0,10.0,0.022,1.43,False,34,False,0.75,0.7,0.098,stable,0.066,0
PM-SYN-005,2026-08-19T09:59:00+08:00,15m,34,25,normal_update,fresh,high,rain,0.66,restricted,False,medium,9,minor,1.0,0.8,30.33,27.07,34.0,3.5,3.0,0,0,0,0,10.0,0.294,1.47,False,36,False,0.75,0.7,0.066,increasing,0.126,0
PM-SYN-005,2026-08-19T10:01:00+08:00,15m,19,25,normal_update,fresh,high,rain,0.66,restricted,False,medium,0,none,0.667,0.8,26.33,27.0,34.0,5.39,-7.0,0,0,0,0,10.0,0.0,1.5,False,38,False,0.75,0.7,0.126,decreasing,0.158,0
PM-SYN-005,2026-08-19T10:03:00+08:00,15m,20,25,normal_update,fresh,high,rain,0.66,restricted,False,medium,0,none,0.333,0.6,24.33,26.73,34.0,5.9,-14.0,0,0,0,0,10.0,0.0,1.53,False,40,False,0.75,0.7,0.158,decreasing,0.136,0
PM-SYN-005,2026-08-19T10:05:00+08:00,15m,24,25,normal_update,delayed,high,rain,0.66,restricted,False,medium,0,none,0.0,0.4,21.0,26.33,24.0,5.35,5.0,0,0,0,0,8.0,0.0,1.57,False,42,False,0.75,0.7,0.136,decreasing,0.125,0
PM-SYN-005,2026-08-19T10:07:00+08:00,15m,22,25,sharp_turn,fresh,high,rain,0.66,restricted,False,medium,0,none,0.0,0.2,22.0,25.47,24.0,5.38,2.0,0,1,0,1,10.0,0.0,1.6,False,44,False,0.75,0.7,0.125,decreasing,0.065,0
PM-SYN-005,2026-08-19T10:09:00+08:00,15m,24,25,normal_update,fresh,high,rain,0.66,restricted,False,medium,0,none,0.0,0.0,23.33,24.6,24.0,2.04,0.0,0,1,0,1,8.0,0.015,1.63,False,46,False,0.75,0.7,0.065,stable,0.072,0
PM-SYN-005,2026-08-19T10:11:00+08:00,15m,26,25,normal_update,fresh,high,rain,0.66,restricted,False,medium,1,minor,0.333,0.2,24.0,24.73,26.0,2.04,4.0,0,1,0,1,8.0,0.048,1.67,False,48,False,0.75,0.7,0.072,increasing,0.049,0
PM-SYN-005,2026-08-19T10:13:00+08:00,15m,24,25,normal_update,fresh,high,rain,0.66,restricted,False,medium,0,none,0.333,0.2,24.67,24.93,26.0,1.26,0.0,0,1,0,1,8.0,0.031,1.7,False,50,False,0.75,0.7,0.049,stable,0.044,0
PM-SYN-005,2026-08-19T10:15:00+08:00,15m,32,25,normal_update,fresh,high,rain,0.66,restricted,False,medium,7,minor,0.667,0.4,27.33,25.67,32.0,3.44,6.0,0,1,0,1,8.0,0.316,1.73,False,52,False,0.75,0.7,0.044,increasing,0.081,0
PM-SYN-005,2026-08-19T10:17:00+08:00,15m,17,25,normal_update,fresh,high,rain,0.66,restricted,False,medium,0,none,0.333,0.4,24.33,25.4,32.0,4.8,-7.0,0,0,0,0,6.0,0.0,1.77,False,54,False,0.75,0.7,0.081,decreasing,0.112,0
PM-SYN-005,2026-08-19T10:19:00+08:00,15m,17,25,normal_update,fresh,high,rain,0.66,restricted,False,medium,0,none,0.333,0.4,22.0,24.87,32.0,5.71,-15.0,0,0,0,0,4.0,0.0,1.8,False,56,False,0.75,0.7,0.112,decreasing,0.063,0
PM-SYN-005,2026-08-19T10:21:00+08:00,15m,30,25,normal_update,delayed,high,rain,0.66,restricted,False,medium,5,minor,0.333,0.4,21.33,25.2,30.0,6.29,13.0,0,0,0,0,4.0,0.137,1.83,False,58,False,0.75,0.7,0.063,increasing,0.108,0
PM-SYN-005,2026-08-19T10:23:00+08:00,15m,21,25,normal_update,fresh,high,rain,0.66,restricted,False,medium,0,none,0.333,0.4,22.67,24.47,30.0,6.41,4.0,0,0,0,0,4.0,0.0,1.87,False,60,False,0.75,0.7,0.108,decreasing,0.142,0
PM-SYN-005,2026-08-19T10:25:00+08:00,15m,23,25,normal_update,fresh,high,rain,0.66,restricted,False,medium,0,none,0.333,0.2,24.67,23.93,30.0,4.8,-7.0,0,0,0,0,2.0,0.0,1.9,False,62,False,0.75,0.7,0.142,decreasing,0.05,0
PM-SYN-005,2026-08-19T10:27:00+08:00,15m,21,25,normal_update,fresh,high,rain,0.66,restricted,False,medium,0,none,0.0,0.2,21.67,23.6,23.0,4.27,0.0,0,0,0,0,2.0,0.0,1.93,False,64,False,0.75,0.7,0.05,decreasing,0.076,0
PM-SYN-005,2026-08-19T10:29:00+08:00,15m,25,25,normal_update,fresh,high,rain,0.66,restricted,False,medium,0,none,0.0,0.2,23.0,23.0,25.0,3.35,2.0,0,0,0,0,2.0,0.0,1.97,False,66,False,0.75,0.7,0.076,decreasing,0.044,0
PM-SYN-005,2026-08-19T10:31:00+08:00,15m,22,25,normal_update,delayed,high,rain,0.66,restricted,False,medium,0,none,0.0,0.0,22.67,23.2,25.0,1.5,1.0,0,0,0,0,2.0,0.0,2.0,False,68,False,0.75,0.7,0.044,decreasing,0.045,0
PM-SYN-005,2026-08-19T10:33:00+08:00,15m,21,25,normal_update,delayed,high,rain,0.66,restricted,False,medium,0,none,0.0,0.0,22.67,23.27,25.0,1.5,-4.0,0,0,0,0,2.0,0.0,2.03,False,70,False,0.75,0.7,0.045,decreasing,0.023,0
PM-SYN-005,2026-08-19T10:35:00+08:00,15m,24,25,normal_update,delayed,high,rain,0.66,restricted,False,medium,0,none,0.0,0.0,22.33,23.27,24.0,1.62,2.0,0,0,0,0,2.0,0.0,2.07,False,72,False,0.75,0.7,0.023,stable,0.064,0
PM-SYN-005,2026-08-19T10:37:00+08:00,15m,22,25,harsh_brake,fresh,high,rain,0.66,restricted,False,medium,0,none,0.0,0.0,22.33,23.27,24.0,1.47,1.0,1,0,1,0,2.0,0.016,2.1,False,74,False,0.75,0.7,0.064,stable,0.052,0
PM-SYN-005,2026-08-19T10:39:00+08:00,15m,26,25,normal_update,fresh,high,rain,0.66,restricted,False,medium,1,minor,0.333,0.2,24.0,23.4,26.0,1.79,2.0,1,0,1,0,2.0,0.068,2.13,False,76,False,0.75,0.7,0.052,increasing,0.085,0
PM-SYN-005,2026-08-19T10:41:00+08:00,15m,25,25,harsh_brake,fresh,high,rain,0.66,restricted,False,medium,0,none,0.333,0.2,24.33,23.33,26.0,1.85,3.0,2,0,2,0,4.0,0.075,2.17,False,78,False,0.75,0.7,0.085,increasing,0.078,0
PM-SYN-005,2026-08-19T10:43:00+08:00,15m,24,25,normal_update,fresh,high,rain,0.66,restricted,False,medium,0,none,0.333,0.2,25.0,23.33,26.0,1.33,-2.0,2,0,2,0,4.0,0.082,2.2,False,80,False,0.75,0.7,0.078,increasing,0.059,0
PM-SYN-005,2026-08-19T10:45:00+08:00,15m,24,25,normal_update,fresh,high,rain,0.66,restricted,False,medium,0,none,0.0,0.2,24.33,22.8,25.0,1.33,-1.0,2,0,2,0,4.0,0.101,2.23,False,82,False,0.75,0.7,0.059,increasing,0.088,0
PM-SYN-005,2026-08-19T10:47:00+08:00,15m,22,25,normal_update,fresh,high,rain,0.66,restricted,False,medium,0,none,0.0,0.2,23.33,23.13,24.0,1.33,-2.0,1,0,1,0,4.0,0.0,2.27,False,84,False,0.75,0.7,0.088,stable,0.099,1
PM-SYN-005,2026-08-19T10:49:00+08:00,15m,24,25,normal_update,fresh,high,rain,0.66,restricted,False,medium,0,none,0.0,0.0,23.33,23.6,24.0,0.98,0.0,1,0,1,0,4.0,0.0,2.3,False,0,False,0.75,0.7,0.099,stable,0.045,1
PM-SYN-005,2026-08-19T10:51:00+08:00,15m,17,25,sharp_turn,fresh,high,rain,0.66,restricted,False,medium,0,none,0.0,0.0,21.0,22.73,24.0,2.71,-5.0,0,1,0,1,6.0,0.035,2.33,False,2,False,0.75,0.7,0.045,stable,0.069,1
PM-SYN-005,2026-08-19T10:53:00+08:00,15m,26,25,sharp_turn,fresh,high,rain,0.66,restricted,False,medium,1,minor,0.333,0.2,22.33,23.07,26.0,3.07,2.0,0,2,0,2,8.0,0.131,2.37,False,4,False,0.75,0.7,0.069,increasing,0.085,0
PM-SYN-006,2026-08-19T08:17:00+08:00,15m,22,25,normal_update,fresh,medium,clear,0.78,wharf,False,high,0,none,0.333,0.4,24.0,23.73,29.0,4.79,-7.0,0,0,0,0,0.0,0.0,0.5,False,999.0,False,0.25,1.0,0.299,decreasing,0.129,0
PM-SYN-006,2026-08-19T08:19:00+08:00,15m,23,25,normal_update,fresh,medium,clear,0.78,wharf,False,high,0,none,0.0,0.4,22.0,23.6,23.0,4.32,2.0,0,0,0,0,0.0,0.0,0.53,False,999.0,False,0.25,1.0,0.129,decreasing,0.049,0
PM-SYN-006,2026-08-19T08:21:00+08:00,15m,36,25,normal_update,fresh,medium,clear,0.78,wharf,False,high,11,moderate,0.333,0.4,27.0,24.73,36.0,5.64,14.0,0,0,0,0,0.0,0.391,0.57,False,999.0,False,0.25,1.0,0.049,increasing,0.19,0
PM-SYN-006,2026-08-19T08:23:00+08:00,15m,22,25,normal_update,fresh,medium,clear,0.78,wharf,False,high,0,none,0.333,0.2,27.0,24.73,36.0,5.64,-1.0,0,0,0,0,0.0,0.0,0.6,False,999.0,False,0.25,1.0,0.19,decreasing,0.094,0
PM-SYN-006,2026-08-19T08:25:00+08:00,15m,33,25,normal_update,fresh,medium,clear,0.78,wharf,False,high,8,minor,0.667,0.4,30.33,25.33,36.0,6.05,-3.0,0,0,0,0,0.0,0.226,0.63,False,999.0,False,0.25,1.0,0.094,increasing,0.156,0
PM-SYN-006,2026-08-19T08:27:00+08:00,15m,32,25,normal_update,fresh,medium,clear,0.78,wharf,False,high,7,minor,0.667,0.6,29.0,25.73,33.0,5.64,10.0,0,0,0,0,0.0,0.124,0.67,False,999.0,False,0.25,1.0,0.156,increasing,0.088,0
PM-SYN-006,2026-08-19T08:29:00+08:00,15m,18,25,normal_update,fresh,medium,clear,0.78,wharf,False,high,0,none,0.667,0.6,27.67,25.2,33.0,6.94,-15.0,0,0,0,0,0.0,0.0,0.7,False,999.0,False,0.25,1.0,0.088,decreasing,0.112,0
PM-SYN-006,2026-08-19T08:31:00+08:00,15m,33,25,speeding,fresh,medium,clear,0.78,wharf,False,high,8,minor,0.667,0.6,27.67,25.93,33.0,6.34,1.0,0,0,0,0,2.0,0.208,0.73,False,999.0,False,0.25,1.0,0.112,increasing,0.119,0
PM-SYN-006,2026-08-19T08:33:00+08:00,15m,27,25,normal_update,fresh,medium,clear,0.78,wharf,False,high,2,minor,0.667,0.8,26.0,26.13,33.0,5.75,9.0,0,0,0,0,2.0,0.0,0.77,False,999.0,False,0.25,1.0,0.119,stable,0.113,0
PM-SYN-006,2026-08-19T08:35:00+08:00,15m,23,25,stale_gps,stale,medium,clear,0.78,wharf,False,high,0,none,0.667,0.6,27.67,26.27,33.0,5.61,-10.0,0,0,0,0,4.0,0.0,0.8,False,999.0,False,0.25,1.0,0.113,decreasing,0.081,0
PM-SYN-006,2026-08-19T08:37:00+08:00,15m,21,25,normal_update,fresh,medium,clear,0.78,wharf,False,high,0,none,0.333,0.4,23.67,26.13,27.0,5.2,-6.0,0,0,0,0,4.0,0.0,0.83,False,999.0,False,0.25,1.0,0.081,decreasing,0.114,0
PM-SYN-006,2026-08-19T08:39:00+08:00,15m,34,25,normal_update,fresh,medium,clear,0.78,wharf,False,high,9,minor,0.333,0.6,26.0,27.07,34.0,5.2,11.0,0,0,0,0,4.0,0.246,0.87,False,999.0,False,0.25,1.0,0.114,increasing,0.111,1
PM-SYN-006,2026-08-19T08:41:00+08:00,15m,31,25,normal_update,fresh,medium,clear,0.78,wharf,False,high,6,minor,0.667,0.6,28.67,27.0,34.0,4.83,10.0,0,0,0,0,4.0,0.129,0.9,False,0,False,0.25,1.0,0.111,increasing,0.112,1
PM-SYN-006,2026-08-19T08:43:00+08:00,15m,28,25,normal_update,delayed,medium,clear,0.78,wharf,False,high,3,minor,1.0,0.6,31.0,26.93,34.0,4.84,-6.0,0,0,0,0,4.0,0.008,0.93,False,2,False,0.25,1.0,0.112,stable,0.121,1
PM-SYN-006,2026-08-19T08:45:00+08:00,15m,22,25,normal_update,stale,medium,clear,0.78,wharf,False,high,0,none,0.667,0.6,27.0,27.0,31.0,5.04,-9.0,0,0,0,0,4.0,0.0,0.97,False,4,False,0.25,1.0,0.121,decreasing,0.114,1
PM-SYN-006,2026-08-19T08:47:00+08:00,15m,24,25,normal_update,delayed,medium,clear,0.78,wharf,False,high,0,none,0.333,0.6,24.67,27.13,28.0,4.4,-4.0,0,0,0,0,4.0,0.0,1.0,False,0,False,0.25,1.0,0.114,decreasing,0.117,1
PM-SYN-006,2026-08-19T08:49:00+08:00,15m,36,25,normal_update,delayed,medium,clear,0.78,wharf,False,high,11,moderate,0.333,0.6,27.33,28.0,36.0,5.0,14.0,0,0,0,0,4.0,0.323,1.03,False,2,False,0.25,1.0,0.117,increasing,0.224,1
PM-SYN-006,2026-08-19T08:51:00+08:00,15m,30,25,speeding,fresh,medium,clear,0.78,wharf,False,high,5,minor,0.667,0.6,30.0,27.6,36.0,4.9,6.0,0,0,0,0,6.0,0.0,1.07,False,4,False,0.25,1.0,0.224,stable,0.099,1
PM-SYN-006,2026-08-19T08:53:00+08:00,15m,34,25,normal_update,fresh,medium,clear,0.78,wharf,False,high,9,minor,1.0,0.6,33.33,28.4,36.0,5.46,-2.0,0,0,0,0,6.0,0.261,1.1,False,6,False,0.25,1.0,0.099,increasing,0.095,1
PM-SYN-006,2026-08-19T08:55:00+08:00,15m,24,25,normal_update,fresh,medium,clear,0.78,wharf,False,high,0,none,0.667,0.6,29.33,27.8,34.0,4.96,-6.0,0,0,0,0,6.0,0.0,1.13,False,8,False,0.25,1.0,0.095,decreasing,0.186,1
PM-SYN-006,2026-08-19T08:57:00+08:00,15m,25,25,normal_update,fresh,medium,clear,0.78,wharf,False,high,0,none,0.333,0.6,27.67,27.33,34.0,4.75,-9.0,0,0,0,0,6.0,0.0,1.17,False,0,False,0.25,1.0,0.186,decreasing,0.118,1
PM-SYN-006,2026-08-19T08:59:00+08:00,15m,24,25,normal_update,fresh,medium,clear,0.78,wharf,False,high,0,none,0.0,0.4,24.33,27.73,25.0,3.98,0.0,0,0,0,0,6.0,0.0,1.2,False,2,False,0.25,1.0,0.118,decreasing,0.077,1
PM-SYN-006,2026-08-19T09:01:00+08:00,15m,24,25,normal_update,fresh,medium,clear,0.78,wharf,False,high,0,none,0.0,0.2,24.33,27.13,25.0,3.92,-1.0,0,0,0,0,4.0,0.0,1.23,False,0,True,0.25,1.0,0.077,decreasing,0.169,1
PM-SYN-006,2026-08-19T09:03:00+08:00,15m,25,25,normal_update,delayed,medium,clear,0.78,wharf,False,high,0,none,0.0,0.0,24.33,27.0,25.0,0.49,1.0,0,0,0,0,4.0,0.0,1.27,False,2,True,0.25,1.0,0.169,decreasing,0.071,1
PM-SYN-006,2026-08-19T09:05:00+08:00,15m,35,25,normal_update,fresh,medium,clear,0.78,wharf,False,high,10,minor,0.333,0.2,28.0,27.8,35.0,4.22,11.0,0,0,0,0,2.0,0.329,1.3,False,4,True,0.25,1.0,0.071,increasing,0.123,1
PM-SYN-006,2026-08-19T09:07:00+08:00,15m,19,25,normal_update,delayed,medium,clear,0.78,wharf,False,high,0,none,0.333,0.2,26.33,27.67,35.0,5.24,-6.0,0,0,0,0,2.0,0.0,1.33,False,6,True,0.25,1.0,0.123,decreasing,0.172,0
PM-SYN-006,2026-08-19T09:09:00+08:00,15m,19,25,normal_update,fresh,medium,clear,0.78,wharf,False,high,0,none,0.333,0.2,24.33,26.67,35.0,5.85,-16.0,0,0,0,0,2.0,0.0,1.37,False,8,True,0.25,1.0,0.172,decreasing,0.121,0
PM-SYN-006,2026-08-19T09:11:00+08:00,15m,23,25,normal_update,fresh,medium,clear,0.78,wharf,False,high,0,none,0.0,0.2,20.33,26.13,23.0,5.88,4.0,0,0,0,0,2.0,0.0,1.4,False,10,True,0.25,1.0,0.121,decreasing,0.142,0
PM-SYN-006,2026-08-19T09:13:00+08:00,15m,25,25,normal_update,fresh,medium,clear,0.78,wharf,False,high,0,none,0.0,0.2,22.33,25.93,25.0,5.88,6.0,0,0,0,0,2.0,0.0,1.43,False,12,True,0.25,1.0,0.142,decreasing,0.064,0
PM-SYN-006,2026-08-19T09:15:00+08:00,15m,23,25,normal_update,fresh,medium,clear,0.78,wharf,False,high,0,none,0.0,0.0,23.67,26.0,25.0,2.4,0.0,0,0,0,0,2.0,0.0,1.47,False,14,False,0.25,1.0,0.064,decreasing,0.032,0
PM-SYN-006,2026-08-19T09:17:00+08:00,15m,26,25,sharp_turn,delayed,medium,clear,0.78,wharf,False,high,1,minor,0.333,0.2,24.67,26.13,26.0,2.4,1.0,0,1,0,1,4.0,0.088,1.5,False,16,False,0.25,1.0,0.032,increasing,0.136,0
PM-SYN-006,2026-08-19T09:19:00+08:00,15m,19,25,normal_update,fresh,medium,clear,0.78,wharf,False,high,0,none,0.333,0.2,22.67,25.0,26.0,2.4,-4.0,0,1,0,1,4.0,0.0,1.53,False,18,False,0.25,1.0,0.136,decreasing,0.066,0
PM-SYN-006,2026-08-19T09:21:00+08:00,15m,20,25,normal_update,fresh,medium,clear,0.78,wharf,False,high,0,none,0.333,0.2,21.67,24.33,26.0,2.73,-6.0,0,1,0,1,2.0,0.014,1.57,False,20,False,0.25,1.0,0.066,stable,0.053,0
PM-SYN-006,2026-08-19T09:23:00+08:00,15m,25,25,normal_update,fresh,medium,clear,0.78,wharf,False,high,0,none,0.0,0.2,21.33,23.73,25.0,2.73,6.0,0,1,0,1,2.0,0.027,1.6,False,22,False,0.25,1.0,0.053,stable,0.063,0
PM-SYN-006,2026-08-19T09:25:00+08:00,15m,21,25,normal_update,delayed,medium,clear,0.78,wharf,False,high,0,none,0.0,0.2,22.0,23.53,25.0,2.79,1.0,0,1,0,1,2.0,0.017,1.63,False,24,False,0.25,1.0,0.063,stable,0.044,0
PM-SYN-006,2026-08-19T09:27:00+08:00,15m,34,25,speeding,fresh,medium,clear,0.78,wharf,False,high,9,minor,0.333,0.2,26.67,24.13,34.0,5.49,9.0,0,0,0,0,4.0,0.316,1.67,False,26,False,0.25,1.0,0.044,increasing,0.136,0
PM-SYN-006,2026-08-19T09:29:00+08:00,15m,25,25,sharp_turn,fresh,medium,clear,0.78,wharf,False,high,0,none,0.333,0.2,26.67,24.2,34.0,4.94,4.0,0,1,0,1,6.0,0.0,1.7,False,28,False,0.25,1.0,0.136,decreasing,0.088,0
PM-SYN-006,2026-08-19T09:31:00+08:00,15m,20,25,normal_update,fresh,medium,clear,0.78,wharf,False,high,0,none,0.333,0.2,26.33,23.93,34.0,4.94,-14.0,0,1,0,1,6.0,0.0,1.73,False,30,False,0.25,1.0,0.088,stable,0.103,0
PM-SYN-006,2026-08-19T09:33:00+08:00,15m,22,25,normal_update,stale,medium,clear,0.78,wharf,False,high,0,none,0.0,0.2,22.33,23.73,25.0,5.08,-3.0,0,1,0,1,6.0,0.0,1.77,False,32,False,0.25,1.0,0.103,stable,0.101,0
PM-SYN-006,2026-08-19T09:35:00+08:00,15m,23,25,normal_update,delayed,medium,clear,0.78,wharf,False,high,0,none,0.0,0.2,21.67,22.93,23.0,4.87,3.0,0,1,0,1,6.0,0.0,1.8,False,34,False,0.25,1.0,0.101,stable,0.126,0
PM-SYN-006,2026-08-19T09:37:00+08:00,15m,18,25,normal_update,fresh,medium,clear,0.78,wharf,False,high,0,none,0.0,0.0,21.0,22.87,23.0,2.42,-4.0,0,1,0,1,6.0,0.0,1.83,False,36,False,0.25,1.0,0.126,decreasing,0.059,0
PM-SYN-006,2026-08-19T09:39:00+08:00,15m,32,25,speeding,fresh,medium,clear,0.78,wharf,False,high,7,minor,0.333,0.2,24.33,23.73,32.0,4.82,9.0,0,0,0,0,8.0,0.221,1.87,False,38,False,0.25,1.0,0.059,increasing,0.116,0
PM-SYN-006,2026-08-19T09:41:00+08:00,15m,23,25,normal_update,fresh,medium,clear,0.78,wharf,False,high,0,none,0.333,0.2,24.33,23.73,32.0,4.59,5.0,0,0,0,0,8.0,0.0,1.9,False,40,False,0.25,1.0,0.116,decreasing,0.06,0
PM-SYN-006,2026-08-19T09:43:00+08:00,15m,25,25,normal_update,fresh,medium,clear,0.78,wharf,False,high,0,none,0.333,0.2,26.67,23.73,32.0,4.53,-7.0,0,0,0,0,8.0,0.0,1.93,False,42,False,0.25,1.0,0.06,decreasing,0.039,0
PM-SYN-006,2026-08-19T09:45:00+08:00,15m,19,25,normal_update,fresh,medium,clear,0.78,wharf,False,high,0,none,0.0,0.2,22.33,23.47,25.0,5.0,-4.0,0,0,0,0,8.0,0.0,1.97,False,44,False,0.25,1.0,0.039,stable,0.079,0
PM-SYN-006,2026-08-19T09:47:00+08:00,15m,24,25,normal_update,fresh,medium,clear,0.78,wharf,False,high,0,none,0.0,0.2,22.67,23.33,25.0,4.22,-1.0,0,0,0,0,6.0,0.0,2.0,False,46,False,0.25,1.0,0.079,decreasing,0.07,0
PM-SYN-006,2026-08-19T09:49:00+08:00,15m,24,25,normal_update,fresh,medium,clear,0.78,wharf,False,high,0,none,0.0,0.0,22.33,23.67,24.0,2.1,5.0,0,0,0,0,6.0,0.0,2.03,False,48,False,0.25,1.0,0.07,decreasing,0.031,0
PM-SYN-006,2026-08-19T09:51:00+08:00,15m,19,25,normal_update,fresh,medium,clear,0.78,wharf,False,high,0,none,0.0,0.0,22.33,23.6,24.0,2.64,-5.0,0,0,0,0,6.0,0.0,2.07,False,50,False,0.25,1.0,0.031,stable,0.031,1
PM-SYN-006,2026-08-19T09:53:00+08:00,15m,19,25,normal_update,fresh,medium,clear,0.78,wharf,False,high,0,none,0.0,0.0,20.67,23.2,24.0,2.45,-5.0,0,0,0,0,6.0,0.0,2.1,False,0,True,0.25,1.0,0.031,stable,0.096,1
PM-SYN-006,2026-08-19T09:55:00+08:00,15m,23,25,normal_update,fresh,medium,clear,0.78,wharf,False,high,0,none,0.0,0.0,20.33,23.33,23.0,2.32,4.0,0,0,0,0,6.0,0.0,2.13,False,2,True,0.25,1.0,0.096,decreasing,0.045,1
PM-SYN-006,2026-08-19T09:57:00+08:00,15m,23,25,normal_update,fresh,medium,clear,0.78,wharf,False,high,0,none,0.0,0.0,21.67,22.6,23.0,2.15,4.0,0,0,0,0,4.0,0.0,2.17,False,4,True,0.25,1.0,0.045,decreasing,0.077,1
PM-SYN-006,2026-08-19T09:59:00+08:00,15m,27,25,normal_update,fresh,medium,clear,0.78,wharf,False,high,2,minor,0.333,0.2,24.33,22.73,27.0,2.99,4.0,0,0,0,0,2.0,0.003,2.2,False,6,True,0.25,1.0,0.077,stable,0.093,1
PM-SYN-006,2026-08-19T10:01:00+08:00,15m,21,25,normal_update,fresh,medium,clear,0.78,wharf,False,high,0,none,0.333,0.2,23.67,22.8,27.0,2.65,-2.0,0,0,0,0,2.0,0.0,2.23,False,8,True,0.25,1.0,0.093,decreasing,0.147,1
PM-SYN-006,2026-08-19T10:03:00+08:00,15m,23,25,normal_update,fresh,medium,clear,0.78,wharf,False,high,0,none,0.333,0.2,23.67,22.87,27.0,1.96,-4.0,0,0,0,0,2.0,0.0,2.27,False,10,True,0.25,1.0,0.147,decreasing,0.097,0
PM-SYN-006,2026-08-19T10:05:00+08:00,15m,20,25,normal_update,fresh,medium,clear,0.78,wharf,False,high,0,none,0.0,0.2,21.33,22.67,23.0,2.4,-1.0,0,0,0,0,2.0,0.0,2.3,False,12,True,0.25,1.0,0.097,decreasing,0.066,0
PM-SYN-006,2026-08-19T10:07:00+08:00,15m,27,25,normal_update,fresh,medium,clear,0.78,wharf,False,high,2,minor,0.333,0.4,23.33,23.27,27.0,2.94,4.0,0,0,0,0,2.0,0.014,2.33,False,14,False,0.25,1.0,0.066,stable,0.079,0
PM-SYN-006,2026-08-19T10:09:00+08:00,15m,19,25,normal_update,fresh,medium,clear,0.78,wharf,False,high,0,none,0.333,0.2,22.0,22.4,27.0,2.83,-1.0,0,0,0,0,0.0,0.0,2.37,False,16,False,0.25,1.0,0.079,decreasing,0.096,0
PM-SYN-007,2026-08-19T07:37:00+08:00,15m,21,25,normal_update,fresh,medium,clear,0.6,caution,True,low,0,none,0.0,0.0,22.33,24.13,24.0,1.36,-3.0,0,1,0,1,10.0,0.0,0.5,False,999.0,False,0.25,0.35,0.27,decreasing,0.016,0
PM-SYN-007,2026-08-19T07:39:00+08:00,15m,25,25,normal_update,fresh,medium,clear,0.6,caution,True,low,0,none,0.0,0.0,22.67,24.27,25.0,1.85,3.0,0,1,0,1,10.0,0.064,0.53,False,999.0,False,0.25,0.35,0.016,increasing,0.036,0
PM-SYN-007,2026-08-19T07:41:00+08:00,15m,21,25,normal_update,fresh,medium,clear,0.6,caution,True,low,0,none,0.0,0.0,22.33,23.6,25.0,1.62,0.0,0,1,0,1,8.0,0.044,0.57,False,999.0,False,0.25,0.35,0.036,increasing,0.036,1
PM-SYN-007,2026-08-19T07:43:00+08:00,15m,28,25,normal_update,delayed,medium,clear,0.6,caution,True,low,3,minor,0.333,0.2,24.67,23.13,28.0,2.73,3.0,0,1,0,1,6.0,0.164,0.6,False,0,True,0.25,0.35,0.036,increasing,0.034,1
PM-SYN-007,2026-08-19T07:45:00+08:00,15m,21,25,normal_update,stale,medium,clear,0.6,caution,True,low,0,none,0.333,0.2,23.33,23.2,28.0,2.86,0.0,0,0,0,0,4.0,0.0,0.63,False,2,True,0.25,0.35,0.034,stable,0.049,0
PM-SYN-007,2026-08-19T07:47:00+08:00,15m,36,25,speeding,delayed,medium,clear,0.6,caution,True,low,11,moderate,0.667,0.4,28.33,23.87,36.0,5.56,8.0,0,0,0,0,6.0,0.391,0.67,False,4,True,0.25,0.35,0.049,increasing,0.101,0
PM-SYN-007,2026-08-19T07:49:00+08:00,15m,18,25,normal_update,fresh,medium,clear,0.6,caution,True,low,0,none,0.333,0.4,25.0,23.67,36.0,6.49,-3.0,0,0,0,0,6.0,0.0,0.7,False,6,True,0.25,0.35,0.101,decreasing,0.036,0
PM-SYN-007,2026-08-19T07:51:00+08:00,15m,18,25,normal_update,fresh,medium,clear,0.6,caution,True,low,0,none,0.333,0.4,24.0,23.33,36.0,6.94,-18.0,0,0,0,0,4.0,0.0,0.73,False,8,True,0.25,0.35,0.036,stable,0.034,0
PM-SYN-007,2026-08-19T07:53:00+08:00,15m,23,25,normal_update,fresh,medium,clear,0.6,caution,True,low,0,none,0.0,0.2,19.67,23.07,23.0,6.68,5.0,0,0,0,0,4.0,0.0,0.77,False,10,True,0.25,0.35,0.034,stable,0.042,0
PM-SYN-007,2026-08-19T07:55:00+08:00,15m,25,25,normal_update,fresh,medium,clear,0.6,caution,True,low,0,none,0.0,0.2,22.0,23.47,25.0,6.6,7.0,0,0,0,0,4.0,0.0,0.8,False,12,True,0.25,0.35,0.042,decreasing,0.042,0
PM-SYN-007,2026-08-19T07:57:00+08:00,15m,17,25,normal_update,delayed,medium,clear,0.6,caution,True,low,0,none,0.0,0.0,21.67,22.67,25.0,3.19,-6.0,0,0,0,0,4.0,0.0,0.83,False,14,False,0.25,0.35,0.042,decreasing,0.024,0
PM-SYN-007,2026-08-19T07:59:00+08:00,15m,24,25,normal_update,fresh,medium,clear,0.6,caution,True,low,0,none,0.0,0.0,22.0,22.87,25.0,3.26,-1.0,0,0,0,0,4.0,0.0,0.87,False,16,False,0.25,0.35,0.024,stable,0.029,0
PM-SYN-007,2026-08-19T08:01:00+08:00,15m,24,25,normal_update,fresh,medium,clear,0.6,caution,True,low,0,none,0.0,0.0,21.67,23.13,24.0,2.87,7.0,0,0,0,0,4.0,0.0,0.9,False,18,False,0.25,0.35,0.029,stable,0.025,0
PM-SYN-007,2026-08-19T08:03:00+08:00,15m,32,25,normal_update,fresh,medium,clear,0.6,caution,True,low,7,minor,0.333,0.2,26.67,23.67,32.0,4.76,8.0,0,0,0,0,4.0,0.255,0.93,False,20,False,0.25,0.35,0.025,increasing,0.023,1
PM-SYN-007,2026-08-19T08:05:00+08:00,15m,21,25,normal_update,fresh,medium,clear,0.6,caution,True,low,0,none,0.333,0.2,25.67,23.6,32.0,4.92,-3.0,0,0,0,0,2.0,0.0,0.97,False,0,False,0.25,0.35,0.023,stable,0.034,1
PM-SYN-007,2026-08-19T08:07:00+08:00,15m,33,25,speeding,fresh,medium,clear,0.6,caution,True,low,8,minor,0.667,0.4,28.67,24.4,33.0,4.79,1.0,0,0,0,0,4.0,0.286,1.0,False,2,False,0.25,0.35,0.034,increasing,0.043,1
PM-SYN-007,2026-08-19T08:09:00+08:00,15m,32,25,normal_update,fresh,medium,clear,0.6,caution,True,low,7,minor,0.667,0.6,28.67,24.87,33.0,4.92,11.0,0,0,0,0,4.0,0.237,1.03,False,4,False,0.25,0.35,0.043,increasing,0.034,1
PM-SYN-007,2026-08-19T08:11:00+08:00,15m,29,25,normal_update,fresh,medium,clear,0.6,caution,True,low,4,minor,1.0,0.8,31.33,25.4,33.0,4.41,-4.0,0,0,0,0,4.0,0.126,1.07,False,6,False,0.25,0.35,0.034,increasing,0.078,1
PM-SYN-007,2026-08-19T08:13:00+08:00,15m,24,25,normal_update,delayed,medium,clear,0.6,caution,True,low,0,none,0.667,0.6,28.33,25.13,32.0,4.62,-8.0,0,0,0,0,4.0,0.0,1.1,False,8,False,0.25,0.35,0.078,decreasing,0.026,1
PM-SYN-007,2026-08-19T08:15:00+08:00,15m,23,25,normal_update,fresh,medium,clear,0.6,caution,True,low,0,none,0.333,0.6,25.33,25.27,29.0,4.07,-6.0,0,0,0,0,4.0,0.0,1.13,False,10,False,0.25,0.35,0.026,stable,0.027,1
PM-SYN-007,2026-08-19T08:17:00+08:00,15m,27,25,normal_update,fresh,medium,clear,0.6,caution,True,low,2,minor,0.333,0.6,24.67,24.67,27.0,3.29,3.0,0,0,0,0,2.0,0.053,1.17,False,12,False,0.25,0.35,0.027,increasing,0.039,0
PM-SYN-007,2026-08-19T08:19:00+08:00,15m,24,25,normal_update,fresh,medium,clear,0.6,caution,True,low,0,none,0.333,0.4,24.67,25.07,27.0,2.24,1.0,0,0,0,0,2.0,0.0,1.2,False,14,False,0.25,0.35,0.039,stable,0.056,0
PM-SYN-007,2026-08-19T08:21:00+08:00,15m,29,25,normal_update,stale,medium,clear,0.6,caution,True,low,4,minor,0.667,0.4,26.67,25.8,29.0,2.24,2.0,0,0,0,0,2.0,0.104,1.23,False,16,False,0.25,0.35,0.056,increasing,0.03,0
PM-SYN-007,2026-08-19T08:23:00+08:00,15m,26,25,normal_update,fresh,medium,clear,0.6,caution,True,low,1,minor,0.667,0.6,26.33,26.0,29.0,2.14,2.0,0,0,0,0,2.0,0.01,1.27,False,18,False,0.25,0.35,0.03,stable,0.028,0
PM-SYN-007,2026-08-19T08:25:00+08:00,15m,26,25,normal_update,fresh,medium,clear,0.6,caution,True,low,1,minor,1.0,0.8,27.0,26.07,29.0,1.62,-3.0,0,0,0,0,2.0,0.012,1.3,False,20,False,0.25,0.35,0.028,stable,0.088,0
PM-SYN-007,2026-08-19T08:27:00+08:00,15m,22,25,normal_update,fresh,medium,clear,0.6,caution,True,low,0,none,0.667,0.6,24.67,26.4,26.0,2.33,-4.0,0,0,0,0,2.0,0.0,1.33,False,22,False,0.25,0.35,0.088,decreasing,0.052,0
PM-SYN-007,2026-08-19T08:29:00+08:00,15m,26,25,normal_update,delayed,medium,clear,0.6,caution,True,low,1,minor,0.667,0.8,24.67,26.53,26.0,2.23,0.0,0,0,0,0,2.0,0.0,1.37,False,24,False,0.25,0.35,0.052,stable,0.041,0
PM-SYN-007,2026-08-19T08:31:00+08:00,15m,28,25,normal_update,delayed,medium,clear,0.6,caution,True,low,3,minor,0.667,0.8,25.33,26.8,28.0,1.96,6.0,0,0,0,0,2.0,0.079,1.4,False,26,False,0.25,0.35,0.041,increasing,0.038,0
PM-SYN-007,2026-08-19T08:33:00+08:00,15m,25,25,normal_update,fresh,medium,clear,0.6,caution,True,low,0,none,0.667,0.6,26.33,26.33,28.0,1.96,-1.0,0,0,0,0,2.0,0.0,1.43,False,28,False,0.25,0.35,0.038,stable,0.056,0
PM-SYN-007,2026-08-19T08:35:00+08:00,15m,21,25,normal_update,fresh,medium,clear,0.6,caution,True,low,0,none,0.333,0.4,24.67,26.33,28.0,2.58,-7.0,0,0,0,0,2.0,0.0,1.47,False,30,False,0.25,0.35,0.056,decreasing,0.026,0
PM-SYN-007,2026-08-19T08:37:00+08:00,15m,26,25,normal_update,fresh,medium,clear,0.6,caution,True,low,1,minor,0.333,0.6,24.0,25.87,26.0,2.32,1.0,0,0,0,0,0.0,0.014,1.5,False,32,False,0.25,0.35,0.026,stable,0.044,1
PM-SYN-007,2026-08-19T08:39:00+08:00,15m,19,25,normal_update,fresh,medium,clear,0.6,caution,True,low,0,none,0.333,0.4,22.0,25.0,26.0,3.31,-2.0,0,0,0,0,0.0,0.0,1.53,False,0,True,0.25,0.35,0.044,decreasing,0.038,1
PM-SYN-007,2026-08-19T08:41:00+08:00,15m,22,25,normal_update,delayed,medium,clear,0.6,caution,True,low,0,none,0.333,0.2,22.33,24.53,26.0,2.58,-4.0,0,0,0,0,0.0,0.0,1.57,False,2,True,0.25,0.35,0.038,stable,0.022,0
PM-SYN-007,2026-08-19T08:43:00+08:00,15m,27,25,normal_update,fresh,medium,clear,0.6,caution,True,low,2,minor,0.333,0.4,22.67,24.73,27.0,3.03,8.0,0,0,0,0,0.0,0.058,1.6,False,4,True,0.25,0.35,0.022,increasing,0.054,0
PM-SYN-007,2026-08-19T08:45:00+08:00,15m,21,25,normal_update,fresh,medium,clear,0.6,caution,True,low,0,none,0.333,0.4,23.33,24.6,27.0,3.03,-1.0,0,0,0,0,0.0,0.0,1.63,False,6,True,0.25,0.35,0.054,decreasing,0.035,0
PM-SYN-007,2026-08-19T08:47:00+08:00,15m,22,25,normal_update,fresh,medium,clear,0.6,caution,True,low,0,none,0.333,0.2,23.33,24.27,27.0,2.64,-5.0,0,0,0,0,0.0,0.0,1.67,False,8,True,0.25,0.35,0.035,stable,0.061,0
PM-SYN-007,2026-08-19T08:49:00+08:00,15m,24,25,normal_update,delayed,medium,clear,0.6,caution,True,low,0,none,0.0,0.2,22.33,24.27,24.0,2.14,3.0,0,0,0,0,0.0,0.0,1.7,False,10,True,0.25,0.35,0.061,decreasing,0.055,0
PM-SYN-007,2026-08-19T08:51:00+08:00,15m,23,25,normal_update,delayed,medium,clear,0.6,caution,True,low,0,none,0.0,0.2,23.0,23.87,24.0,2.06,1.0,0,0,0,0,0.0,0.0,1.73,False,12,True,0.25,0.35,0.055,decreasing,0.065,0
PM-SYN-007,2026-08-19T08:53:00+08:00,15m,25,25,normal_update,fresh,medium,clear,0.6,caution,True,low,0,none,0.0,0.0,24.0,23.8,25.0,1.41,1.0,0,0,0,0,0.0,0.0,1.77,False,14,False,0.25,0.35,0.065,decreasing,0.026,0
PM-SYN-007,2026-08-19T08:55:00+08:00,15m,28,25,normal_update,delayed,medium,clear,0.6,caution,True,low,3,minor,0.333,0.2,25.33,23.93,28.0,2.06,5.0,0,0,0,0,0.0,0.094,1.8,False,16,False,0.25,0.35,0.026,increasing,0.024,0
PM-SYN-007,2026-08-19T08:57:00+08:00,15m,22,25,normal_update,fresh,medium,clear,0.6,caution,True,low,0,none,0.333,0.2,25.0,23.93,28.0,2.06,-3.0,0,0,0,0,0.0,0.0,1.83,False,18,False,0.25,0.35,0.024,stable,0.02,0
PM-SYN-007,2026-08-19T08:59:00+08:00,15m,21,25,normal_update,fresh,medium,clear,0.6,caution,True,low,0,none,0.333,0.2,23.67,23.6,28.0,2.48,-7.0,0,0,0,0,0.0,0.0,1.87,False,20,False,0.25,0.35,0.02,stable,0.018,0
PM-SYN-007,2026-08-19T09:01:00+08:00,15m,22,25,normal_update,fresh,medium,clear,0.6,caution,True,low,0,none,0.0,0.2,21.67,23.2,22.0,2.58,0.0,0,0,0,0,0.0,0.0,1.9,False,22,False,0.25,0.35,0.018,stable,0.033,0
PM-SYN-007,2026-08-19T09:03:00+08:00,15m,27,25,normal_update,fresh,medium,clear,0.6,caution,True,low,2,minor,0.333,0.4,23.33,23.33,27.0,2.9,6.0,0,0,0,0,0.0,0.047,1.93,False,24,False,0.25,0.35,0.033,increasing,0.023,0
PM-SYN-007,2026-08-19T09:05:00+08:00,15m,23,25,normal_update,fresh,medium,clear,0.6,caution,True,low,0,none,0.333,0.2,24.0,23.47,27.0,2.1,1.0,0,0,0,0,0.0,0.0,1.97,False,26,False,0.25,0.35,0.023,stable,0.015,0
PM-SYN-007,2026-08-19T09:07:00+08:00,15m,20,25,normal_update,fresh,medium,clear,0.6,caution,True,low,0,none,0.333,0.2,23.33,23.07,27.0,2.42,-7.0,0,0,0,0,0.0,0.0,2.0,False,28,False,0.25,0.35,0.015,stable,0.045,0
PM-SYN-007,2026-08-19T09:09:00+08:00,15m,19,25,normal_update,delayed,medium,clear,0.6,caution,True,low,0,none,0.0,0.2,20.67,23.07,23.0,2.79,-4.0,0,0,0,0,0.0,0.0,2.03,False,30,False,0.25,0.35,0.045,decreasing,0.026,0
PM-SYN-007,2026-08-19T09:11:00+08:00,15m,23,25,normal_update,fresh,medium,clear,0.6,caution,True,low,0,none,0.0,0.2,20.67,23.13,23.0,2.8,3.0,0,0,0,0,0.0,0.0,2.07,False,32,False,0.25,0.35,0.026,stable,0.037,0
PM-SYN-007,2026-08-19T09:13:00+08:00,15m,31,25,normal_update,fresh,medium,clear,0.6,caution,True,low,6,minor,0.333,0.2,24.33,23.4,31.0,4.21,12.0,0,0,0,0,0.0,0.203,2.1,False,34,False,0.25,0.35,0.037,increasing,0.027,0
PM-SYN-007,2026-08-19T09:15:00+08:00,15m,34,25,speeding,fresh,medium,clear,0.6,caution,True,low,9,minor,0.667,0.4,29.33,24.27,34.0,6.02,11.0,0,0,0,0,2.0,0.333,2.13,False,36,False,0.25,0.35,0.027,increasing,0.063,0
PM-SYN-007,2026-08-19T09:17:00+08:00,15m,22,25,normal_update,fresh,medium,clear,0.6,caution,True,low,0,none,0.667,0.4,29.0,24.27,34.0,5.71,-9.0,0,0,0,0,2.0,0.0,2.17,False,38,False,0.25,0.35,0.063,decreasing,0.041,0
PM-SYN-007,2026-08-19T09:19:00+08:00,15m,25,25,normal_update,delayed,medium,clear,0.6,caution,True,low,0,none,0.333,0.4,27.0,24.33,34.0,4.69,-9.0,0,0,0,0,2.0,0.0,2.2,False,40,False,0.25,0.35,0.041,decreasing,0.04,0
PM-SYN-007,2026-08-19T09:21:00+08:00,15m,30,25,normal_update,fresh,medium,clear,0.6,caution,True,low,5,minor,0.333,0.6,25.67,24.8,30.0,4.32,8.0,0,0,0,0,2.0,0.16,2.23,False,42,False,0.25,0.35,0.04,increasing,0.054,0
PM-SYN-007,2026-08-19T09:23:00+08:00,15m,20,25,normal_update,fresh,medium,clear,0.6,caution,True,low,0,none,0.333,0.4,25.0,24.47,30.0,5.15,-5.0,0,0,0,0,2.0,0.0,2.27,False,44,False,0.25,0.35,0.054,decreasing,0.032,0
PM-SYN-007,2026-08-19T09:25:00+08:00,15m,32,25,normal_update,fresh,medium,clear,0.6,caution,True,low,7,minor,0.667,0.4,27.33,24.73,32.0,4.58,2.0,0,0,0,0,2.0,0.248,2.3,False,46,False,0.25,0.35,0.032,increasing,0.028,0
PM-SYN-007,2026-08-19T09:27:00+08:00,15m,35,25,normal_update,fresh,medium,clear,0.6,caution,True,low,10,minor,0.667,0.6,29.0,25.6,35.0,5.31,15.0,0,0,0,0,2.0,0.372,2.33,False,48,False,0.25,0.35,0.028,increasing,0.103,0
PM-SYN-007,2026-08-19T09:29:00+08:00,15m,28,25,normal_update,fresh,medium,clear,0.6,caution,True,low,3,minor,1.0,0.8,31.67,26.07,35.0,5.06,-4.0,0,0,0,0,2.0,0.017,2.37,False,50,False,0.25,0.35,0.103,stable,0.052,0
PM-SYN-008,2026-08-19T06:38:00+08:00,15m,34,25,speeding,fresh,medium,clear,0.6,caution,True,low,9,minor,0.333,0.6,25.67,24.53,34.0,6.08,12.0,0,1,0,1,8.0,0.191,0.5,True,999.0,False,0.25,0.35,0.249,increasing,0.044,0
PM-SYN-008,2026-08-19T06:40:00+08:00,15m,30,25,normal_update,fresh,medium,clear,0.6,caution,True,low,5,minor,0.667,0.6,28.33,24.53,34.0,4.9,9.0,0,1,0,1,8.0,0.236,0.53,True,999.0,False,0.25,0.35,0.044,increasing,0.117,0
PM-SYN-008,2026-08-19T06:42:00+08:00,15m,30,25,speeding,fresh,medium,clear,0.6,caution,True,low,5,minor,1.0,0.6,31.33,25.07,34.0,5.04,-4.0,0,1,0,1,10.0,0.163,0.57,True,999.0,False,0.25,0.35,0.117,increasing,0.119,0
PM-SYN-008,2026-08-19T06:44:00+08:00,15m,18,25,stale_gps,stale,medium,clear,0.6,caution,True,low,0,none,0.667,0.6,26.0,24.93,30.0,6.05,-12.0,0,0,0,0,12.0,0.0,0.6,True,999.0,False,0.25,0.35,0.119,decreasing,0.1,0
PM-SYN-008,2026-08-19T06:46:00+08:00,15m,29,25,normal_update,fresh,medium,clear,0.6,caution,True,low,4,minor,0.667,0.8,25.67,25.53,30.0,5.38,-1.0,0,0,0,0,10.0,0.06,0.63,True,999.0,False,0.25,0.35,0.1,increasing,0.063,0
PM-SYN-008,2026-08-19T06:48:00+08:00,15m,27,25,normal_update,delayed,medium,clear,0.6,caution,True,low,2,minor,0.667,0.8,24.67,25.8,29.0,4.53,9.0,0,0,0,0,10.0,0.017,0.67,True,999.0,False,0.25,0.35,0.063,stable,0.05,0
PM-SYN-008,2026-08-19T06:50:00+08:00,15m,20,25,normal_update,delayed,medium,clear,0.6,caution,True,low,0,none,0.667,0.6,25.33,25.73,29.0,4.87,-9.0,0,0,0,0,10.0,0.0,0.7,True,999.0,False,0.25,0.35,0.05,decreasing,0.033,0
PM-SYN-008,2026-08-19T06:52:00+08:00,15m,30,25,sharp_turn,fresh,medium,clear,0.6,caution,True,low,5,minor,0.667,0.6,25.67,26.07,30.0,4.87,3.0,0,1,0,1,12.0,0.247,0.73,True,999.0,False,0.25,0.35,0.033,increasing,0.045,0
PM-SYN-008,2026-08-19T06:54:00+08:00,15m,19,25,normal_update,fresh,medium,clear,0.6,caution,True,low,0,none,0.333,0.6,23.0,25.93,30.0,4.6,-1.0,0,1,0,1,12.0,0.035,0.77,True,999.0,False,0.25,0.35,0.045,stable,0.045,0
PM-SYN-008,2026-08-19T06:56:00+08:00,15m,23,25,normal_update,fresh,medium,clear,0.6,caution,True,low,0,none,0.333,0.4,24.0,26.2,30.0,4.17,-7.0,0,1,0,1,12.0,0.035,0.8,True,999.0,False,0.25,0.35,0.045,stable,0.063,0
PM-SYN-008,2026-08-19T06:58:00+08:00,15m,29,25,normal_update,stale,medium,clear,0.6,caution,True,low,4,minor,0.333,0.4,23.67,26.4,29.0,4.53,10.0,0,1,0,1,12.0,0.177,0.83,True,999.0,False,0.25,0.35,0.063,increasing,0.085,0
PM-SYN-008,2026-08-19T07:00:00+08:00,15m,31,25,speeding,fresh,medium,clear,0.6,caution,True,low,6,minor,0.667,0.6,27.67,26.07,31.0,4.63,8.0,0,1,0,1,12.0,0.235,0.87,False,999.0,False,0.25,0.35,0.085,increasing,0.036,0
PM-SYN-008,2026-08-19T07:02:00+08:00,15m,28,25,normal_update,fresh,medium,clear,0.6,caution,True,low,3,minor,1.0,0.6,29.33,26.07,31.0,4.38,-1.0,0,0,0,0,12.0,0.084,0.9,False,999.0,False,0.25,0.35,0.036,increasing,0.036,0
PM-SYN-008,2026-08-19T07:04:00+08:00,15m,21,25,normal_update,fresh,medium,clear,0.6,caution,True,low,0,none,0.667,0.6,26.67,26.0,31.0,3.77,-10.0,0,0,0,0,10.0,0.0,0.93,False,999.0,False,0.25,0.35,0.036,stable,0.039,0
PM-SYN-008,2026-08-19T07:06:00+08:00,15m,17,25,normal_update,fresh,medium,clear,0.6,caution,True,low,0,none,0.333,0.6,22.0,25.73,28.0,5.31,-11.0,0,0,0,0,10.0,0.0,0.97,False,999.0,False,0.25,0.35,0.039,stable,0.059,0
PM-SYN-008,2026-08-19T07:08:00+08:00,15m,23,25,normal_update,fresh,medium,clear,0.6,caution,True,low,0,none,0.0,0.4,20.33,25.0,23.0,4.98,2.0,0,0,0,0,8.0,0.0,1.0,False,999.0,False,0.25,0.35,0.059,decreasing,0.02,0
PM-SYN-008,2026-08-19T07:10:00+08:00,15m,34,25,normal_update,fresh,medium,clear,0.6,caution,True,low,9,minor,0.333,0.4,24.67,25.27,34.0,5.89,17.0,0,0,0,0,8.0,0.34,1.03,False,999.0,False,0.25,0.35,0.02,increasing,0.053,0
PM-SYN-008,2026-08-19T07:12:00+08:00,15m,17,25,normal_update,delayed,medium,clear,0.6,caution,True,low,0,none,0.333,0.2,24.67,24.4,34.0,6.25,-6.0,0,0,0,0,6.0,0.0,1.07,False,999.0,False,0.25,0.35,0.053,decreasing,0.045,0
PM-SYN-008,2026-08-19T07:14:00+08:00,15m,25,25,normal_update,fresh,medium,clear,0.6,caution,True,low,0,none,0.333,0.2,25.33,24.87,34.0,6.27,-9.0,0,0,0,0,4.0,0.0,1.1,False,999.0,False,0.25,0.35,0.045,decreasing,0.028,0
PM-SYN-008,2026-08-19T07:16:00+08:00,15m,26,25,normal_update,fresh,medium,clear,0.6,caution,True,low,1,minor,0.333,0.4,22.67,24.67,26.0,5.48,9.0,0,0,0,0,4.0,0.012,1.13,False,999.0,False,0.25,0.35,0.028,stable,0.06,0
PM-SYN-008,2026-08-19T07:18:00+08:00,15m,24,25,normal_update,fresh,medium,clear,0.6,caution,True,low,0,none,0.333,0.4,25.0,24.47,26.0,5.42,-1.0,0,0,0,0,4.0,0.0,1.17,False,999.0,False,0.25,0.35,0.06,decreasing,0.02,0
PM-SYN-008,2026-08-19T07:20:00+08:00,15m,24,25,normal_update,fresh,medium,clear,0.6,caution,True,low,0,none,0.333,0.2,24.67,24.73,26.0,3.19,-2.0,0,0,0,0,4.0,0.0,1.2,False,999.0,False,0.25,0.35,0.02,stable,0.018,0
PM-SYN-008,2026-08-19T07:22:00+08:00,15m,21,25,stale_gps,stale,medium,clear,0.6,caution,True,low,0,none,0.0,0.2,23.0,24.13,24.0,1.67,-3.0,0,0,0,0,4.0,0.0,1.23,False,999.0,False,0.25,0.35,0.018,stable,0.031,0
PM-SYN-008,2026-08-19T07:24:00+08:00,15m,30,25,speeding,fresh,medium,clear,0.6,caution,True,low,5,minor,0.333,0.4,25.0,24.87,30.0,2.97,6.0,0,0,0,0,6.0,0.169,1.27,False,999.0,False,0.25,0.35,0.031,increasing,0.048,0
PM-SYN-008,2026-08-19T07:26:00+08:00,15m,25,25,normal_update,fresh,medium,clear,0.6,caution,True,low,0,none,0.333,0.2,25.33,25.0,30.0,2.93,4.0,0,0,0,0,6.0,0.0,1.3,False,999.0,False,0.25,0.35,0.048,decreasing,0.03,0
PM-SYN-008,2026-08-19T07:28:00+08:00,15m,24,25,normal_update,fresh,medium,clear,0.6,caution,True,low,0,none,0.333,0.2,26.33,24.67,30.0,2.93,-6.0,0,0,0,0,6.0,0.0,1.33,False,999.0,False,0.25,0.35,0.03,stable,0.016,0
PM-SYN-008,2026-08-19T07:30:00+08:00,15m,20,25,normal_update,fresh,medium,clear,0.6,caution,True,low,0,none,0.0,0.2,23.0,23.93,25.0,3.52,-5.0,0,0,0,0,4.0,0.0,1.37,False,999.0,False,0.25,0.35,0.016,stable,0.039,0
PM-SYN-008,2026-08-19T07:32:00+08:00,15m,20,25,normal_update,fresh,medium,clear,0.6,caution,True,low,0,none,0.0,0.2,21.33,23.4,24.0,3.71,-4.0,0,0,0,0,4.0,0.0,1.4,False,999.0,False,0.25,0.35,0.039,stable,0.018,0
PM-SYN-008,2026-08-19T07:34:00+08:00,15m,22,25,normal_update,fresh,medium,clear,0.6,caution,True,low,0,none,0.0,0.0,20.67,23.47,22.0,2.04,2.0,0,0,0,0,4.0,0.0,1.43,False,999.0,False,0.25,0.35,0.018,stable,0.025,0
PM-SYN-008,2026-08-19T07:36:00+08:00,15m,24,25,normal_update,fresh,medium,clear,0.6,caution,True,low,0,none,0.0,0.0,22.0,23.93,24.0,1.79,4.0,0,0,0,0,4.0,0.0,1.47,False,999.0,False,0.25,0.35,0.025,stable,0.013,0
PM-SYN-008,2026-08-19T07:38:00+08:00,15m,23,25,normal_update,fresh,medium,clear,0.6,caution,True,low,0,none,0.0,0.0,23.0,23.93,24.0,1.6,1.0,0,0,0,0,4.0,0.0,1.5,False,999.0,False,0.25,0.35,0.013,stable,0.012,0
PM-SYN-008,2026-08-19T07:40:00+08:00,15m,28,25,normal_update,delayed,medium,clear,0.6,caution,True,low,3,minor,0.333,0.2,25.0,23.53,28.0,2.65,4.0,0,0,0,0,4.0,0.108,1.53,False,999.0,False,0.25,0.35,0.012,increasing,0.019,0
PM-SYN-008,2026-08-19T07:42:00+08:00,15m,18,25,normal_update,fresh,medium,clear,0.6,caution,True,low,0,none,0.333,0.2,23.0,23.6,28.0,3.22,-5.0,0,0,0,0,4.0,0.0,1.57,False,999.0,False,0.25,0.35,0.019,stable,0.036,0
PM-SYN-008,2026-08-19T07:44:00+08:00,15m,17,25,normal_update,fresh,medium,clear,0.6,caution,True,low,0,none,0.333,0.2,21.0,23.07,28.0,4.05,-11.0,0,0,0,0,4.0,0.0,1.6,False,999.0,False,0.25,0.35,0.036,stable,0.035,0
PM-SYN-008,2026-08-19T07:46:00+08:00,15m,27,25,normal_update,fresh,medium,clear,0.6,caution,True,low,2,minor,0.333,0.4,20.67,23.13,27.0,4.5,9.0,0,0,0,0,4.0,0.045,1.63,False,999.0,False,0.25,0.35,0.035,increasing,0.032,0
PM-SYN-008,2026-08-19T07:48:00+08:00,15m,22,25,normal_update,fresh,medium,clear,0.6,caution,True,low,0,none,0.333,0.4,22.0,23.0,27.0,4.5,5.0,0,0,0,0,4.0,0.0,1.67,False,999.0,False,0.25,0.35,0.032,stable,0.057,0
PM-SYN-008,2026-08-19T07:50:00+08:00,15m,29,25,normal_update,fresh,medium,clear,0.6,caution,True,low,4,minor,0.667,0.4,26.0,23.33,29.0,4.76,2.0,0,0,0,0,4.0,0.103,1.7,False,999.0,False,0.25,0.35,0.057,increasing,0.029,0
PM-SYN-008,2026-08-19T07:52:00+08:00,15m,32,25,normal_update,fresh,medium,clear,0.6,caution,True,low,7,minor,0.667,0.6,27.67,24.07,32.0,5.31,10.0,0,0,0,0,2.0,0.251,1.73,False,999.0,False,0.25,0.35,0.029,increasing,0.048,0
PM-SYN-008,2026-08-19T07:54:00+08:00,15m,27,25,sharp_turn,fresh,medium,clear,0.6,caution,True,low,2,minor,1.0,0.8,29.33,23.87,32.0,3.26,-2.0,0,1,0,1,2.0,0.112,1.77,False,999.0,False,0.25,0.35,0.048,increasing,0.061,0
PM-SYN-008,2026-08-19T07:56:00+08:00,15m,22,25,normal_update,fresh,medium,clear,0.6,caution,True,low,0,none,0.667,0.6,27.0,23.67,32.0,3.93,-10.0,0,1,0,1,2.0,0.019,1.8,False,999.0,False,0.25,0.35,0.061,stable,0.057,0
PM-SYN-008,2026-08-19T07:58:00+08:00,15m,34,25,speeding,fresh,medium,clear,0.6,caution,True,low,9,minor,0.667,0.8,27.67,24.33,34.0,4.17,7.0,0,1,0,1,4.0,0.383,1.83,False,999.0,False,0.25,0.35,0.057,increasing,0.065,0
PM-SYN-008,2026-08-19T08:00:00+08:00,15m,29,25,normal_update,fresh,medium,clear,0.6,caution,True,low,4,minor,0.667,0.8,28.33,24.93,34.0,4.17,7.0,0,1,0,1,4.0,0.175,1.87,False,999.0,False,0.25,0.35,0.065,increasing,0.062,0
PM-SYN-008,2026-08-19T08:02:00+08:00,15m,31,25,normal_update,delayed,medium,clear,0.6,caution,True,low,6,minor,1.0,0.8,31.33,25.67,34.0,4.03,-3.0,0,1,0,1,4.0,0.258,1.9,False,999.0,False,0.25,0.35,0.062,increasing,0.073,0
PM-SYN-008,2026-08-19T08:04:00+08:00,15m,29,25,normal_update,fresh,medium,clear,0.6,caution,True,low,4,minor,1.0,0.8,29.67,26.13,31.0,3.95,0.0,0,0,0,0,4.0,0.087,1.93,False,999.0,False,0.25,0.35,0.073,increasing,0.035,0
PM-SYN-008,2026-08-19T08:06:00+08:00,15m,23,25,normal_update,delayed,medium,clear,0.6,caution,True,low,0,none,0.667,0.8,27.67,26.07,31.0,3.6,-8.0,0,0,0,0,4.0,0.0,1.97,False,999.0,False,0.25,0.35,0.035,stable,0.043,0
PM-SYN-008,2026-08-19T08:08:00+08:00,15m,19,25,normal_update,fresh,medium,clear,0.6,caution,True,low,0,none,0.333,0.6,23.67,25.8,29.0,4.49,-10.0,0,0,0,0,4.0,0.0,2.0,False,999.0,False,0.25,0.35,0.043,decreasing,0.03,0
PM-SYN-008,2026-08-19T08:10:00+08:00,15m,23,25,normal_update,fresh,medium,clear,0.6,caution,True,low,0,none,0.0,0.4,21.67,25.47,23.0,4.38,0.0,0,0,0,0,4.0,0.0,2.03,False,999.0,False,0.25,0.35,0.03,stable,0.043,1
PM-SYN-008,2026-08-19T08:12:00+08:00,15m,22,25,normal_update,fresh,medium,clear,0.6,caution,True,low,0,none,0.0,0.2,21.33,25.73,23.0,3.25,3.0,0,0,0,0,4.0,0.0,2.07,False,0,False,0.25,0.35,0.043,decreasing,0.029,1
PM-SYN-008,2026-08-19T08:14:00+08:00,15m,33,25,normal_update,delayed,medium,clear,0.6,caution,True,low,8,minor,0.333,0.2,26.0,26.8,33.0,4.73,10.0,0,0,0,0,4.0,0.291,2.1,False,2,False,0.25,0.35,0.029,increasing,0.018,1
PM-SYN-008,2026-08-19T08:16:00+08:00,15m,31,25,stale_gps,stale,medium,clear,0.6,caution,True,low,6,minor,0.667,0.4,28.67,27.07,33.0,5.43,9.0,0,0,0,0,6.0,0.222,2.13,False,4,False,0.25,0.35,0.018,increasing,0.064,1
PM-SYN-008,2026-08-19T08:18:00+08:00,15m,34,25,speeding,delayed,medium,clear,0.6,caution,True,low,9,minor,1.0,0.6,32.67,27.87,34.0,5.08,1.0,0,0,0,0,8.0,0.296,2.17,False,6,False,0.25,0.35,0.064,increasing,0.039,1
PM-SYN-008,2026-08-19T08:20:00+08:00,15m,24,25,normal_update,fresh,medium,clear,0.6,caution,True,low,0,none,0.667,0.6,29.67,27.53,34.0,4.87,-7.0,0,0,0,0,8.0,0.0,2.2,False,8,False,0.25,0.35,0.039,stable,0.036,1
PM-SYN-008,2026-08-19T08:22:00+08:00,15m,24,25,normal_update,fresh,medium,clear,0.6,caution,True,low,0,none,0.333,0.6,27.33,27.0,34.0,4.35,-10.0,0,0,0,0,8.0,0.0,2.23,False,10,False,0.25,0.35,0.036,stable,0.031,0
PM-SYN-008,2026-08-19T08:24:00+08:00,15m,23,25,normal_update,fresh,medium,clear,0.6,caution,True,low,0,none,0.0,0.4,23.67,26.73,24.0,4.45,-1.0,0,0,0,0,6.0,0.0,2.27,False,12,False,0.25,0.35,0.031,stable,0.029,0
PM-SYN-008,2026-08-19T08:26:00+08:00,15m,23,25,normal_update,fresh,medium,clear,0.6,caution,True,low,0,none,0.0,0.2,23.33,26.8,24.0,4.22,-1.0,0,0,0,0,6.0,0.0,2.3,False,14,False,0.25,0.35,0.029,stable,0.018,0
PM-SYN-008,2026-08-19T08:28:00+08:00,15m,22,25,normal_update,delayed,medium,clear,0.6,caution,True,low,0,none,0.0,0.0,22.67,26.0,23.0,0.75,-1.0,0,0,0,0,4.0,0.0,2.33,False,16,False,0.25,0.35,0.018,stable,0.018,0
PM-SYN-008,2026-08-19T08:30:00+08:00,15m,25,25,normal_update,delayed,medium,clear,0.6,caution,True,low,0,none,0.0,0.0,23.33,25.73,25.0,1.02,2.0,0,0,0,0,4.0,0.0,2.37,False,18,False,0.25,0.35,0.018,stable,0.014,0
PM-SYN-009,2026-08-19T07:07:00+08:00,15m,37,40,normal_update,fresh,medium,clear,0.6,caution,True,low,0,none,0.333,0.4,40.67,38.93,48.0,4.45,0.0,0,0,0,0,4.0,0.0,0.5,False,999.0,False,0.25,0.35,0.247,decreasing,0.047,0
PM-SYN-009,2026-08-19T07:09:00+08:00,15m,46,40,speeding,fresh,medium,clear,0.6,caution,True,low,6,minor,0.667,0.4,43.67,38.93,48.0,5.11,-2.0,0,0,0,0,4.0,0.193,0.53,False,999.0,False,0.25,0.35,0.047,increasing,0.026,0
PM-SYN-009,2026-08-19T07:11:00+08:00,15m,37,40,normal_update,fresh,medium,clear,0.6,caution,True,low,0,none,0.333,0.4,40.0,39.07,46.0,4.94,0.0,0,0,0,0,4.0,0.0,0.57,False,999.0,False,0.25,0.35,0.026,stable,0.02,0
PM-SYN-009,2026-08-19T07:13:00+08:00,15m,40,40,normal_update,fresh,medium,clear,0.6,caution,True,low,0,none,0.333,0.4,41.0,39.07,46.0,4.59,-6.0,0,0,0,0,2.0,0.0,0.6,False,999.0,False,0.25,0.35,0.02,stable,0.027,1
PM-SYN-009,2026-08-19T07:15:00+08:00,15m,35,40,normal_update,fresh,medium,clear,0.6,caution,True,low,0,none,0.0,0.2,37.33,39.0,40.0,3.85,-2.0,0,0,0,0,2.0,0.0,0.63,False,0,False,0.25,0.35,0.027,stable,0.043,1
PM-SYN-009,2026-08-19T07:17:00+08:00,15m,50,40,normal_update,fresh,medium,clear,0.6,caution,True,low,10,minor,0.333,0.4,41.67,39.67,50.0,5.61,10.0,0,0,0,0,2.0,0.357,0.67,False,2,False,0.25,0.35,0.043,increasing,0.064,1
PM-SYN-009,2026-08-19T07:19:00+08:00,15m,38,40,normal_update,fresh,medium,clear,0.6,caution,True,low,0,none,0.333,0.2,41.0,39.6,50.0,5.25,3.0,0,0,0,0,2.0,0.0,0.7,False,4,False,0.25,0.35,0.064,decreasing,0.022,1
PM-SYN-009,2026-08-19T07:21:00+08:00,15m,41,40,normal_update,fresh,medium,clear,0.6,caution,True,low,1,minor,0.667,0.4,43.0,39.8,50.0,5.04,-9.0,0,0,0,0,2.0,0.018,0.73,False,6,False,0.25,0.35,0.022,stable,0.027,1
PM-SYN-009,2026-08-19T07:23:00+08:00,15m,38,40,normal_update,delayed,medium,clear,0.6,caution,True,low,0,none,0.333,0.4,39.0,39.67,41.0,5.16,0.0,0,0,0,0,2.0,0.0,0.77,False,8,False,0.25,0.35,0.027,stable,0.018,0
PM-SYN-009,2026-08-19T07:25:00+08:00,15m,42,40,normal_update,fresh,medium,clear,0.6,caution,True,low,2,minor,0.667,0.6,40.33,40.13,42.0,4.4,1.0,0,0,0,0,2.0,0.062,0.8,False,10,False,0.25,0.35,0.018,increasing,0.051,0
PM-SYN-009,2026-08-19T07:27:00+08:00,15m,38,40,normal_update,fresh,medium,clear,0.6,caution,True,low,0,none,0.333,0.4,39.33,40.27,42.0,1.74,0.0,0,0,0,0,2.0,0.0,0.83,False,12,False,0.25,0.35,0.051,decreasing,0.034,1
PM-SYN-009,2026-08-19T07:29:00+08:00,15m,33,40,normal_update,fresh,medium,clear,0.6,caution,True,low,0,none,0.333,0.4,37.67,39.73,42.0,3.14,-9.0,0,0,0,0,2.0,0.0,0.87,False,0,True,0.25,0.35,0.034,stable,0.057,1
PM-SYN-009,2026-08-19T07:31:00+08:00,15m,36,40,normal_update,fresh,medium,clear,0.6,caution,True,low,0,none,0.0,0.2,35.67,39.73,38.0,2.94,-2.0,0,0,0,0,2.0,0.0,0.9,False,0,False,0.25,0.35,0.057,decreasing,0.016,1
PM-SYN-009,2026-08-19T07:33:00+08:00,15m,36,40,normal_update,fresh,medium,clear,0.6,caution,True,low,0,none,0.0,0.2,35.0,39.67,36.0,2.97,3.0,0,0,0,0,2.0,0.0,0.93,False,2,False,0.25,0.35,0.016,stable,0.027,1
PM-SYN-009,2026-08-19T07:35:00+08:00,15m,38,40,normal_update,fresh,medium,clear,0.6,caution,True,low,0,none,0.0,0.0,36.67,39.0,38.0,1.83,2.0,0,0,0,0,2.0,0.0,0.97,False,4,False,0.25,0.35,0.027,stable,0.011,1
PM-SYN-009,2026-08-19T07:37:00+08:00,15m,43,40,normal_update,fresh,medium,clear,0.6,caution,True,low,3,minor,0.333,0.2,39.0,39.4,43.0,3.31,7.0,0,0,0,0,2.0,0.109,1.0,False,6,False,0.25,0.35,0.011,increasing,0.022,1
PM-SYN-009,2026-08-19T07:39:00+08:00,15m,39,40,normal_update,fresh,medium,clear,0.6,caution,True,low,0,none,0.333,0.2,40.0,38.93,43.0,2.58,1.0,0,0,0,0,0.0,0.0,1.03,False,8,False,0.25,0.35,0.022,stable,0.044,0
PM-SYN-009,2026-08-19T07:41:00+08:00,15m,41,40,normal_update,fresh,medium,clear,0.6,caution,True,low,1,minor,0.667,0.4,41.0,39.2,43.0,2.42,-2.0,0,0,0,0,0.0,0.0,1.07,False,10,False,0.25,0.35,0.044,stable,0.04,0
PM-SYN-009,2026-08-19T07:43:00+08:00,15m,50,40,speeding,fresh,medium,clear,0.6,caution,True,low,10,minor,0.667,0.6,43.33,39.87,50.0,4.26,11.0,0,0,0,0,2.0,0.36,1.1,False,12,False,0.25,0.35,0.04,increasing,0.058,0
PM-SYN-009,2026-08-19T07:45:00+08:00,15m,34,40,normal_update,delayed,medium,clear,0.6,caution,True,low,0,none,0.667,0.6,41.67,39.8,50.0,5.24,-7.0,0,0,0,0,2.0,0.0,1.13,False,14,False,0.25,0.35,0.058,decreasing,0.034,0
PM-SYN-009,2026-08-19T07:47:00+08:00,15m,45,40,normal_update,delayed,medium,clear,0.6,caution,True,low,5,minor,0.667,0.6,43.0,39.47,50.0,5.42,-5.0,0,0,0,0,2.0,0.166,1.17,False,16,False,0.25,0.35,0.034,increasing,0.045,0
PM-SYN-009,2026-08-19T07:49:00+08:00,15m,33,40,normal_update,fresh,medium,clear,0.6,caution,True,low,0,none,0.333,0.6,37.33,39.13,45.0,6.47,-1.0,0,0,0,0,2.0,0.0,1.2,False,18,False,0.25,0.35,0.045,decreasing,0.035,0
PM-SYN-009,2026-08-19T07:51:00+08:00,15m,47,40,speeding,fresh,medium,clear,0.6,caution,True,low,7,minor,0.667,0.6,41.67,39.53,47.0,6.97,2.0,0,0,0,0,4.0,0.245,1.23,False,20,False,0.25,0.35,0.035,increasing,0.045,0
PM-SYN-009,2026-08-19T07:53:00+08:00,15m,32,40,normal_update,delayed,medium,clear,0.6,caution,True,low,0,none,0.333,0.4,37.33,39.13,47.0,6.43,-1.0,0,0,0,0,4.0,0.0,1.27,False,22,False,0.25,0.35,0.045,decreasing,0.055,0
PM-SYN-009,2026-08-19T07:55:00+08:00,15m,39,40,normal_update,fresh,medium,clear,0.6,caution,True,low,0,none,0.333,0.4,39.33,38.93,47.0,6.08,-8.0,0,0,0,0,4.0,0.0,1.3,False,24,False,0.25,0.35,0.055,decreasing,0.023,0
PM-SYN-009,2026-08-19T07:57:00+08:00,15m,35,40,normal_update,delayed,medium,clear,0.6,caution,True,low,0,none,0.0,0.2,35.33,38.73,39.0,5.46,3.0,0,0,0,0,4.0,0.0,1.33,False,26,False,0.25,0.35,0.023,stable,0.037,0
PM-SYN-009,2026-08-19T07:59:00+08:00,15m,39,40,normal_update,fresh,medium,clear,0.6,caution,True,low,0,none,0.0,0.2,37.67,39.13,39.0,5.04,0.0,0,0,0,0,4.0,0.0,1.37,False,28,False,0.25,0.35,0.037,stable,0.019,0
PM-SYN-009,2026-08-19T08:01:00+08:00,15m,41,40,normal_update,delayed,medium,clear,0.6,caution,True,low,1,minor,0.333,0.2,38.33,39.47,41.0,3.25,6.0,0,0,0,0,4.0,0.021,1.4,False,30,False,0.25,0.35,0.019,stable,0.022,0
PM-SYN-009,2026-08-19T08:03:00+08:00,15m,38,40,normal_update,fresh,medium,clear,0.6,caution,True,low,0,none,0.333,0.2,39.33,39.6,41.0,1.96,-1.0,0,0,0,0,4.0,0.0,1.43,False,32,False,0.25,0.35,0.022,stable,0.034,0
PM-SYN-009,2026-08-19T08:05:00+08:00,15m,36,40,normal_update,fresh,medium,clear,0.6,caution,True,low,0,none,0.333,0.2,38.33,39.47,41.0,2.14,-5.0,0,0,0,0,4.0,0.0,1.47,False,34,False,0.25,0.35,0.034,stable,0.017,0
PM-SYN-009,2026-08-19T08:07:00+08:00,15m,42,40,normal_update,fresh,medium,clear,0.6,caution,True,low,2,minor,0.333,0.4,38.67,39.4,42.0,2.14,4.0,0,0,0,0,4.0,0.063,1.5,False,36,False,0.25,0.35,0.017,increasing,0.045,0
PM-SYN-009,2026-08-19T08:09:00+08:00,15m,39,40,normal_update,fresh,medium,clear,0.6,caution,True,low,0,none,0.333,0.4,39.0,39.4,42.0,2.14,3.0,0,0,0,0,4.0,0.0,1.53,False,38,False,0.25,0.35,0.045,decreasing,0.02,0
PM-SYN-009,2026-08-19T08:11:00+08:00,15m,41,40,normal_update,fresh,medium,clear,0.6,caution,True,low,1,minor,0.667,0.4,40.67,39.4,42.0,2.14,-1.0,0,0,0,0,4.0,0.02,1.57,False,40,False,0.25,0.35,0.02,stable,0.056,0
PM-SYN-009,2026-08-19T08:13:00+08:00,15m,41,40,normal_update,fresh,medium,clear,0.6,caution,True,low,1,minor,0.667,0.6,40.33,38.8,41.0,2.14,2.0,0,0,0,0,2.0,0.0,1.6,False,42,False,0.25,0.35,0.056,stable,0.024,0
PM-SYN-009,2026-08-19T08:15:00+08:00,15m,40,40,normal_update,delayed,medium,clear,0.6,caution,True,low,0,none,0.667,0.6,40.67,39.2,41.0,1.02,-1.0,0,0,0,0,2.0,0.0,1.63,False,44,False,0.25,0.35,0.024,stable,0.059,0
PM-SYN-009,2026-08-19T08:17:00+08:00,15m,46,40,speeding,delayed,medium,clear,0.6,caution,True,low,6,minor,0.667,0.6,42.33,39.27,46.0,2.42,5.0,0,0,0,0,4.0,0.181,1.67,False,46,False,0.25,0.35,0.059,increasing,0.03,0
PM-SYN-009,2026-08-19T08:19:00+08:00,15m,39,40,normal_update,fresh,medium,clear,0.6,caution,True,low,0,none,0.333,0.6,41.67,39.67,46.0,2.42,-1.0,0,0,0,0,4.0,0.0,1.7,False,48,False,0.25,0.35,0.03,stable,0.029,1
PM-SYN-009,2026-08-19T08:21:00+08:00,15m,48,40,speeding,fresh,medium,clear,0.6,caution,True,low,8,minor,0.667,0.6,44.33,39.73,48.0,3.54,2.0,0,0,0,0,4.0,0.291,1.73,False,0,False,0.25,0.35,0.029,increasing,0.064,1
PM-SYN-009,2026-08-19T08:23:00+08:00,15m,46,40,normal_update,delayed,medium,clear,0.6,caution,True,low,6,minor,0.667,0.6,44.33,40.67,48.0,3.6,7.0,0,0,0,0,4.0,0.176,1.77,False,2,False,0.25,0.35,0.064,increasing,0.026,1
PM-SYN-009,2026-08-19T08:25:00+08:00,15m,39,40,normal_update,fresh,medium,clear,0.6,caution,True,low,0,none,0.667,0.6,44.33,40.67,48.0,3.83,-9.0,0,0,0,0,4.0,0.0,1.8,False,4,False,0.25,0.35,0.026,stable,0.047,1
PM-SYN-009,2026-08-19T08:27:00+08:00,15m,35,40,normal_update,fresh,medium,clear,0.6,caution,True,low,0,none,0.333,0.4,40.0,40.67,46.0,4.84,-11.0,0,0,0,0,4.0,0.0,1.83,False,6,False,0.25,0.35,0.047,decreasing,0.047,1
PM-SYN-009,2026-08-19T08:29:00+08:00,15m,42,40,normal_update,fresh,medium,clear,0.6,caution,True,low,2,minor,0.333,0.6,38.67,40.87,42.0,4.69,3.0,0,0,0,0,4.0,0.033,1.87,False,8,False,0.25,0.35,0.047,stable,0.026,1
PM-SYN-009,2026-08-19T08:31:00+08:00,15m,45,40,normal_update,fresh,medium,clear,0.6,caution,True,low,5,minor,0.667,0.6,40.67,41.13,45.0,4.03,10.0,0,0,0,0,4.0,0.174,1.9,False,10,False,0.25,0.35,0.026,increasing,0.081,0
PM-SYN-009,2026-08-19T08:33:00+08:00,15m,43,40,normal_update,fresh,medium,clear,0.6,caution,True,low,3,minor,1.0,0.6,43.33,41.47,45.0,3.49,1.0,0,0,0,0,4.0,0.039,1.93,False,12,False,0.25,0.35,0.081,stable,0.034,0
PM-SYN-009,2026-08-19T08:35:00+08:00,15m,34,40,normal_update,fresh,medium,clear,0.6,caution,True,low,0,none,0.667,0.6,40.67,41.33,45.0,4.45,-11.0,0,0,0,0,4.0,0.0,1.97,False,14,False,0.25,0.35,0.034,stable,0.041,0
PM-SYN-009,2026-08-19T08:37:00+08:00,15m,38,40,normal_update,fresh,medium,clear,0.6,caution,True,low,0,none,0.333,0.6,38.33,41.07,43.0,3.93,-5.0,0,0,0,0,4.0,0.0,2.0,False,16,False,0.25,0.35,0.041,decreasing,0.037,0
PM-SYN-009,2026-08-19T08:39:00+08:00,15m,41,40,normal_update,fresh,medium,clear,0.6,caution,True,low,1,minor,0.333,0.6,37.67,41.2,41.0,3.87,7.0,0,0,0,0,4.0,0.003,2.03,False,18,False,0.25,0.35,0.037,stable,0.04,0
PM-SYN-009,2026-08-19T08:41:00+08:00,15m,39,40,normal_update,fresh,medium,clear,0.6,caution,True,low,0,none,0.333,0.4,39.33,41.07,41.0,3.03,1.0,0,0,0,0,4.0,0.0,2.07,False,20,False,0.25,0.35,0.04,stable,0.018,0
PM-SYN-009,2026-08-19T08:43:00+08:00,15m,35,40,normal_update,fresh,medium,clear,0.6,caution,True,low,0,none,0.333,0.2,38.33,40.67,41.0,2.58,-6.0,0,0,0,0,4.0,0.0,2.1,False,22,False,0.25,0.35,0.018,stable,0.031,0
PM-SYN-009,2026-08-19T08:45:00+08:00,15m,41,40,normal_update,fresh,medium,clear,0.6,caution,True,low,1,minor,0.333,0.4,38.33,40.73,41.0,2.23,2.0,0,0,0,0,4.0,0.009,2.13,False,24,False,0.25,0.35,0.031,stable,0.034,0
PM-SYN-009,2026-08-19T08:47:00+08:00,15m,43,40,normal_update,fresh,medium,clear,0.6,caution,True,low,3,minor,0.667,0.6,39.67,40.53,43.0,2.71,8.0,0,0,0,0,2.0,0.086,2.17,False,26,False,0.25,0.35,0.034,increasing,0.047,0
PM-SYN-009,2026-08-19T08:49:00+08:00,15m,35,40,normal_update,fresh,medium,clear,0.6,caution,True,low,0,none,0.667,0.4,39.67,40.27,43.0,3.2,-6.0,0,0,0,0,2.0,0.0,2.2,False,28,False,0.25,0.35,0.047,decreasing,0.018,0
PM-SYN-009,2026-08-19T08:51:00+08:00,15m,41,40,sharp_turn,fresh,medium,clear,0.6,caution,True,low,1,minor,0.667,0.6,39.67,39.8,43.0,3.35,-2.0,0,1,0,1,2.0,0.102,2.23,False,30,False,0.25,0.35,0.018,increasing,0.035,0
PM-SYN-009,2026-08-19T08:53:00+08:00,15m,48,40,speeding,fresh,medium,clear,0.6,caution,True,low,8,minor,0.667,0.8,41.33,39.93,48.0,4.18,13.0,0,1,0,1,4.0,0.365,2.27,False,32,False,0.25,0.35,0.035,increasing,0.131,0
PM-SYN-009,2026-08-19T08:55:00+08:00,15m,37,40,normal_update,fresh,medium,clear,0.6,caution,True,low,0,none,0.667,0.6,42.0,39.8,48.0,4.58,-4.0,0,1,0,1,4.0,0.0,2.3,False,34,False,0.25,0.35,0.131,decreasing,0.097,0
PM-SYN-009,2026-08-19T08:57:00+08:00,15m,35,40,normal_update,delayed,medium,clear,0.6,caution,True,low,0,none,0.333,0.4,40.0,39.8,48.0,4.92,-13.0,0,1,0,1,4.0,0.0,2.33,False,36,False,0.25,0.35,0.097,stable,0.025,0
PM-SYN-009,2026-08-19T08:59:00+08:00,15m,50,40,stale_gps,stale,medium,clear,0.6,caution,True,low,10,minor,0.333,0.6,40.67,40.33,50.0,5.91,13.0,0,1,0,1,6.0,0.455,2.37,False,38,False,0.25,0.35,0.025,increasing,0.043,0
PM-SYN-010,2026-08-19T08:07:00+08:00,15m,17,15,normal_update,fresh,high,rain,0.66,restricted,False,medium,2,minor,0.667,0.6,14.33,15.93,17.0,3.07,1.0,0,0,0,0,6.0,0.0,0.5,False,999.0,False,0.75,0.7,0.172,decreasing,0.12,0
PM-SYN-010,2026-08-19T08:09:00+08:00,15m,12,15,normal_update,fresh,high,rain,0.66,restricted,False,medium,0,none,0.333,0.4,13.0,15.73,17.0,2.65,2.0,0,0,0,0,6.0,0.0,0.53,False,999.0,False,0.75,0.7,0.12,decreasing,0.093,0
PM-SYN-010,2026-08-19T08:11:00+08:00,15m,13,15,normal_update,fresh,high,rain,0.66,restricted,False,medium,0,none,0.333,0.4,14.0,15.13,17.0,2.58,-4.0,0,0,0,0,6.0,0.0,0.57,False,999.0,False,0.75,0.7,0.093,decreasing,0.059,0
PM-SYN-010,2026-08-19T08:13:00+08:00,15m,19,15,normal_update,fresh,high,rain,0.66,restricted,False,medium,4,minor,0.333,0.4,14.67,15.73,19.0,3.31,7.0,0,0,0,0,6.0,0.101,0.6,False,999.0,False,0.75,0.7,0.059,increasing,0.06,0
PM-SYN-010,2026-08-19T08:15:00+08:00,15m,28,15,normal_update,fresh,high,rain,0.66,restricted,False,medium,13,moderate,0.667,0.6,20.0,16.13,28.0,5.71,15.0,0,0,0,0,6.0,0.46,0.63,False,999.0,False,0.75,0.7,0.06,increasing,0.1,1
PM-SYN-010,2026-08-19T08:17:00+08:00,15m,13,15,normal_update,fresh,high,rain,0.66,restricted,False,medium,0,none,0.667,0.4,20.0,16.2,28.0,6.03,-6.0,0,0,0,0,6.0,0.0,0.67,False,0,False,0.75,0.7,0.1,decreasing,0.097,1
PM-SYN-010,2026-08-19T08:19:00+08:00,15m,15,15,normal_update,fresh,high,rain,0.66,restricted,False,medium,0,none,0.333,0.4,18.67,15.33,28.0,5.64,-13.0,0,0,0,0,4.0,0.0,0.7,False,2,False,0.75,0.7,0.097,decreasing,0.097,1
PM-SYN-010,2026-08-19T08:21:00+08:00,15m,13,15,normal_update,delayed,high,rain,0.66,restricted,False,medium,0,none,0.0,0.4,13.67,14.73,15.0,5.64,0.0,0,0,0,0,2.0,0.0,0.73,False,4,False,0.75,0.7,0.097,decreasing,0.131,1
PM-SYN-010,2026-08-19T08:23:00+08:00,15m,28,15,normal_update,fresh,high,rain,0.66,restricted,False,medium,13,moderate,0.333,0.4,18.67,15.67,28.0,7.06,13.0,0,0,0,0,2.0,0.389,0.77,False,6,False,0.75,0.7,0.131,increasing,0.066,1
PM-SYN-010,2026-08-19T08:25:00+08:00,15m,14,15,normal_update,fresh,high,rain,0.66,restricted,False,medium,0,none,0.333,0.2,18.33,15.93,28.0,5.75,1.0,0,0,0,0,0.0,0.0,0.8,False,8,False,0.75,0.7,0.066,decreasing,0.078,1
PM-SYN-010,2026-08-19T08:27:00+08:00,15m,13,15,normal_update,fresh,high,rain,0.66,restricted,False,medium,0,none,0.333,0.2,18.33,16.07,28.0,5.75,-15.0,0,0,0,0,0.0,0.0,0.83,False,10,False,0.75,0.7,0.078,decreasing,0.107,1
PM-SYN-010,2026-08-19T08:29:00+08:00,15m,15,15,normal_update,fresh,high,rain,0.66,restricted,False,medium,0,none,0.0,0.2,14.0,15.87,15.0,5.75,1.0,0,0,0,0,0.0,0.0,0.87,False,12,False,0.75,0.7,0.107,decreasing,0.057,0
PM-SYN-010,2026-08-19T08:31:00+08:00,15m,11,15,harsh_brake,fresh,high,rain,0.66,restricted,False,medium,0,none,0.0,0.2,13.0,15.8,15.0,6.05,-2.0,1,0,1,0,2.0,0.023,0.9,False,14,False,0.75,0.7,0.057,stable,0.11,0
PM-SYN-010,2026-08-19T08:33:00+08:00,15m,16,15,harsh_brake,fresh,high,rain,0.66,restricted,False,medium,1,minor,0.333,0.2,14.0,15.8,16.0,1.72,1.0,2,0,2,0,4.0,0.09,0.93,False,16,False,0.75,0.7,0.11,increasing,0.085,0
PM-SYN-010,2026-08-19T08:35:00+08:00,15m,13,15,normal_update,fresh,high,rain,0.66,restricted,False,medium,0,none,0.333,0.2,13.33,16.0,16.0,1.74,2.0,2,0,2,0,4.0,0.075,0.97,False,18,False,0.75,0.7,0.085,increasing,0.085,0
PM-SYN-010,2026-08-19T08:37:00+08:00,15m,15,15,normal_update,fresh,high,rain,0.66,restricted,False,medium,0,none,0.333,0.2,14.67,15.87,16.0,1.79,-1.0,2,0,2,0,4.0,0.075,1.0,False,20,False,0.75,0.7,0.085,increasing,0.118,0
PM-SYN-010,2026-08-19T08:39:00+08:00,15m,13,15,normal_update,fresh,high,rain,0.66,restricted,False,medium,0,none,0.0,0.2,13.67,15.93,15.0,1.74,0.0,2,0,2,0,4.0,0.042,1.03,False,22,False,0.75,0.7,0.118,increasing,0.111,0
PM-SYN-010,2026-08-19T08:41:00+08:00,15m,13,15,normal_update,fresh,high,rain,0.66,restricted,False,medium,0,none,0.0,0.2,13.67,15.93,15.0,1.26,-2.0,1,0,1,0,4.0,0.0,1.07,False,24,False,0.75,0.7,0.111,stable,0.057,0
PM-SYN-010,2026-08-19T08:43:00+08:00,15m,9,15,normal_update,fresh,high,rain,0.66,restricted,False,medium,0,none,0.0,0.0,11.67,15.27,13.0,1.96,-4.0,0,0,0,0,4.0,0.0,1.1,False,26,False,0.75,0.7,0.057,decreasing,0.036,0
PM-SYN-010,2026-08-19T08:45:00+08:00,15m,15,15,sharp_turn,fresh,high,rain,0.66,restricted,False,medium,0,none,0.0,0.0,12.33,14.4,15.0,2.19,2.0,0,1,0,1,6.0,0.044,1.13,False,28,False,0.75,0.7,0.036,increasing,0.031,0
PM-SYN-010,2026-08-19T08:47:00+08:00,15m,16,15,normal_update,fresh,high,rain,0.66,restricted,False,medium,1,minor,0.333,0.2,13.33,14.6,16.0,2.4,7.0,0,1,0,1,6.0,0.089,1.17,False,30,False,0.75,0.7,0.031,increasing,0.111,0
PM-SYN-010,2026-08-19T08:49:00+08:00,15m,16,15,normal_update,fresh,high,rain,0.66,restricted,False,medium,1,minor,0.667,0.4,15.67,14.67,16.0,2.64,1.0,0,1,0,1,6.0,0.009,1.2,False,32,False,0.75,0.7,0.111,stable,0.05,0
PM-SYN-010,2026-08-19T08:51:00+08:00,15m,19,15,normal_update,delayed,high,rain,0.66,restricted,False,medium,4,minor,1.0,0.6,17.0,15.07,19.0,3.29,3.0,0,1,0,1,6.0,0.19,1.23,False,34,False,0.75,0.7,0.05,increasing,0.137,0
PM-SYN-010,2026-08-19T08:53:00+08:00,15m,24,15,speeding,fresh,high,rain,0.66,restricted,False,medium,9,minor,1.0,0.8,19.67,14.8,24.0,3.29,8.0,0,1,0,1,8.0,0.303,1.27,False,36,False,0.75,0.7,0.137,increasing,0.137,0
PM-SYN-010,2026-08-19T08:55:00+08:00,15m,12,15,normal_update,fresh,high,rain,0.66,restricted,False,medium,0,none,0.667,0.8,18.33,14.67,24.0,3.98,-7.0,0,0,0,0,8.0,0.0,1.3,False,38,False,0.75,0.7,0.137,decreasing,0.082,1
PM-SYN-010,2026-08-19T08:57:00+08:00,15m,22,15,sharp_turn,fresh,high,rain,0.66,restricted,False,medium,7,minor,0.667,0.8,19.33,15.27,24.0,4.27,-2.0,0,1,0,1,10.0,0.278,1.33,False,0,True,0.75,0.7,0.082,increasing,0.154,1
PM-SYN-010,2026-08-19T08:59:00+08:00,15m,10,15,harsh_brake,fresh,high,rain,0.66,restricted,False,medium,0,none,0.333,0.6,14.67,14.93,22.0,5.5,-2.0,1,1,1,1,12.0,0.006,1.37,False,2,True,0.75,0.7,0.154,stable,0.329,1
PM-SYN-010,2026-08-19T09:01:00+08:00,15m,13,15,normal_update,delayed,high,rain,0.66,restricted,False,medium,0,none,0.333,0.4,15.0,15.07,22.0,5.67,-9.0,1,1,1,1,10.0,0.0,1.4,False,4,True,0.75,0.7,0.329,decreasing,0.122,0
PM-SYN-010,2026-08-19T09:03:00+08:00,15m,12,15,normal_update,fresh,high,rain,0.66,restricted,False,medium,0,none,0.0,0.2,11.67,14.8,13.0,4.21,2.0,1,1,1,1,8.0,0.038,1.43,False,6,True,0.75,0.7,0.122,stable,0.16,1
PM-SYN-010,2026-08-19T09:05:00+08:00,15m,18,15,normal_update,stale,high,rain,0.66,restricted,False,medium,3,minor,0.333,0.4,14.33,15.13,18.0,4.38,5.0,1,1,1,1,8.0,0.12,1.47,False,0,True,0.75,0.7,0.16,increasing,0.186,1
PM-SYN-010,2026-08-19T09:07:00+08:00,15m,23,15,normal_update,delayed,high,rain,0.66,restricted,False,medium,8,minor,0.667,0.4,17.67,15.67,23.0,4.71,11.0,1,0,1,0,8.0,0.214,1.5,False,2,True,0.75,0.7,0.186,increasing,0.25,1
PM-SYN-010,2026-08-19T09:09:00+08:00,15m,26,15,speeding,fresh,high,rain,0.66,restricted,False,medium,11,moderate,1.0,0.6,22.33,16.53,26.0,5.46,8.0,0,0,0,0,10.0,0.19,1.53,False,0,True,0.75,0.7,0.25,increasing,0.094,1
PM-SYN-010,2026-08-19T09:11:00+08:00,15m,10,15,normal_update,fresh,high,rain,0.66,restricted,False,medium,0,none,0.667,0.6,19.67,16.33,26.0,6.14,-13.0,0,0,0,0,10.0,0.0,1.57,False,2,True,0.75,0.7,0.094,decreasing,0.157,1
PM-SYN-010,2026-08-19T09:13:00+08:00,15m,13,15,normal_update,fresh,high,rain,0.66,restricted,False,medium,0,none,0.333,0.6,16.33,16.6,26.0,5.97,-13.0,0,0,0,0,10.0,0.0,1.6,False,4,True,0.75,0.7,0.157,decreasing,0.217,1
PM-SYN-010,2026-08-19T09:15:00+08:00,15m,23,15,normal_update,fresh,high,rain,0.66,restricted,False,medium,8,minor,0.333,0.6,15.33,17.13,23.0,6.29,13.0,0,0,0,0,8.0,0.103,1.63,False,0,False,0.75,0.7,0.217,increasing,0.081,1
PM-SYN-010,2026-08-19T09:17:00+08:00,15m,13,15,normal_update,delayed,high,rain,0.66,restricted,False,medium,0,none,0.333,0.4,16.33,16.93,23.0,6.29,0.0,0,0,0,0,8.0,0.0,1.67,False,2,False,0.75,0.7,0.081,decreasing,0.066,1
PM-SYN-010,2026-08-19T09:19:00+08:00,15m,23,15,normal_update,stale,high,rain,0.66,restricted,False,medium,8,minor,0.667,0.4,19.67,17.4,23.0,5.5,0.0,0,0,0,0,8.0,0.254,1.7,False,4,False,0.75,0.7,0.066,increasing,0.16,1
PM-SYN-010,2026-08-19T09:21:00+08:00,15m,18,15,normal_update,fresh,high,rain,0.66,restricted,False,medium,3,minor,0.667,0.6,18.0,17.33,23.0,4.47,5.0,0,0,0,0,8.0,0.0,1.73,False,6,False,0.75,0.7,0.16,stable,0.152,1
PM-SYN-010,2026-08-19T09:23:00+08:00,15m,7,15,normal_update,fresh,high,rain,0.66,restricted,False,medium,0,none,0.667,0.6,16.0,16.2,23.0,6.14,-16.0,0,0,0,0,6.0,0.0,1.77,False,8,False,0.75,0.7,0.152,decreasing,0.057,1
PM-SYN-010,2026-08-19T09:25:00+08:00,15m,8,15,normal_update,fresh,high,rain,0.66,restricted,False,medium,0,none,0.333,0.4,11.0,15.93,18.0,6.05,-10.0,0,0,0,0,6.0,0.0,1.8,False,10,False,0.75,0.7,0.057,decreasing,0.044,0
PM-SYN-010,2026-08-19T09:27:00+08:00,15m,17,15,normal_update,fresh,high,rain,0.66,restricted,False,medium,2,minor,0.333,0.6,10.67,15.6,17.0,6.15,10.0,0,0,0,0,4.0,0.036,1.83,False,12,False,0.75,0.7,0.044,stable,0.097,0
PM-SYN-010,2026-08-19T09:29:00+08:00,15m,18,15,normal_update,delayed,high,rain,0.66,restricted,False,medium,3,minor,0.667,0.6,14.33,16.13,18.0,5.0,10.0,0,0,0,0,2.0,0.023,1.87,False,14,False,0.75,0.7,0.097,stable,0.083,0
PM-SYN-010,2026-08-19T09:31:00+08:00,15m,18,15,normal_update,fresh,high,rain,0.66,restricted,False,medium,3,minor,1.0,0.6,17.67,16.47,18.0,5.0,1.0,0,0,0,0,2.0,0.037,1.9,False,16,False,0.75,0.7,0.083,stable,0.161,0
PM-SYN-010,2026-08-19T09:33:00+08:00,15m,18,15,normal_update,delayed,high,rain,0.66,restricted,False,medium,3,minor,1.0,0.8,18.0,16.87,18.0,3.92,0.0,0,0,0,0,2.0,0.0,1.93,False,18,False,0.75,0.7,0.161,decreasing,0.097,1
PM-SYN-010,2026-08-19T09:35:00+08:00,15m,19,15,normal_update,fresh,high,rain,0.66,restricted,False,medium,4,minor,1.0,1.0,18.33,16.93,19.0,0.63,1.0,0,0,0,0,2.0,0.063,1.97,False,0,True,0.75,0.7,0.097,increasing,0.124,1
PM-SYN-010,2026-08-19T09:37:00+08:00,15m,23,15,normal_update,fresh,high,rain,0.66,restricted,False,medium,8,minor,1.0,1.0,20.0,16.93,23.0,1.94,5.0,0,0,0,0,2.0,0.196,2.0,False,2,True,0.75,0.7,0.124,increasing,0.156,1
PM-SYN-010,2026-08-19T09:39:00+08:00,15m,9,15,normal_update,fresh,high,rain,0.66,restricted,False,medium,0,none,0.667,0.8,17.0,15.8,23.0,4.59,-10.0,0,0,0,0,0.0,0.0,2.03,False,4,True,0.75,0.7,0.156,decreasing,0.173,1
PM-SYN-010,2026-08-19T09:41:00+08:00,15m,9,15,normal_update,delayed,high,rain,0.66,restricted,False,medium,0,none,0.333,0.6,13.67,15.73,23.0,5.64,-14.0,0,0,0,0,0.0,0.0,2.07,False,0,False,0.75,0.7,0.173,decreasing,0.161,1
PM-SYN-010,2026-08-19T09:43:00+08:00,15m,8,15,normal_update,fresh,high,rain,0.66,restricted,False,medium,0,none,0.0,0.4,8.67,15.4,9.0,6.18,-1.0,0,0,0,0,0.0,0.0,2.1,False,0,True,0.75,0.7,0.161,decreasing,0.116,1
PM-SYN-010,2026-08-19T09:45:00+08:00,15m,16,15,normal_update,fresh,high,rain,0.66,restricted,False,medium,1,minor,0.333,0.4,11.0,14.93,16.0,5.76,7.0,0,0,0,0,0.0,0.0,2.13,False,2,True,0.75,0.7,0.116,decreasing,0.107,1
PM-SYN-010,2026-08-19T09:47:00+08:00,15m,13,15,normal_update,delayed,high,rain,0.66,restricted,False,medium,0,none,0.333,0.2,12.33,14.93,16.0,3.03,5.0,0,0,0,0,0.0,0.0,2.17,False,4,True,0.75,0.7,0.107,decreasing,0.09,1
PM-SYN-010,2026-08-19T09:49:00+08:00,15m,13,15,normal_update,delayed,high,rain,0.66,restricted,False,medium,0,none,0.333,0.2,14.0,14.27,16.0,2.93,-3.0,0,0,0,0,0.0,0.0,2.2,False,6,True,0.75,0.7,0.09,decreasing,0.052,1
PM-SYN-010,2026-08-19T09:51:00+08:00,15m,12,15,stale_gps,stale,high,rain,0.66,restricted,False,medium,0,none,0.0,0.2,12.67,13.87,13.0,2.58,-1.0,0,0,0,0,2.0,0.0,2.23,False,8,True,0.75,0.7,0.052,decreasing,0.076,1
PM-SYN-010,2026-08-19T09:53:00+08:00,15m,11,15,normal_update,delayed,high,rain,0.66,restricted,False,medium,0,none,0.0,0.2,12.0,14.13,13.0,1.67,-2.0,0,0,0,0,2.0,0.0,2.27,False,10,True,0.75,0.7,0.076,decreasing,0.051,0
PM-SYN-010,2026-08-19T09:55:00+08:00,15m,14,15,normal_update,fresh,high,rain,0.66,restricted,False,medium,0,none,0.0,0.0,12.33,14.53,14.0,1.02,2.0,0,0,0,0,2.0,0.0,2.3,False,12,True,0.75,0.7,0.051,decreasing,0.033,0
PM-SYN-010,2026-08-19T09:57:00+08:00,15m,20,15,speeding,fresh,high,rain,0.66,restricted,False,medium,5,minor,0.333,0.2,15.0,14.73,20.0,3.16,9.0,0,0,0,0,4.0,0.167,2.33,False,14,False,0.75,0.7,0.033,increasing,0.034,0
PM-SYN-010,2026-08-19T09:59:00+08:00,15m,11,15,normal_update,fresh,high,rain,0.66,restricted,False,medium,0,none,0.333,0.2,15.0,14.27,20.0,3.38,-3.0,0,0,0,0,4.0,0.0,2.37,False,16,False,0.75,0.7,0.034,stable,0.045,0
PM-SYN-011,2026-08-19T08:56:00+08:00,15m,11,15,normal_update,fresh,high,rain,0.66,restricted,False,medium,0,none,0.0,0.2,12.67,15.6,14.0,4.53,-2.0,1,0,1,0,4.0,0.0,0.5,False,999.0,False,0.75,0.7,0.25,decreasing,0.065,1
PM-SYN-011,2026-08-19T08:58:00+08:00,15m,16,15,normal_update,fresh,high,rain,0.66,restricted,False,medium,1,minor,0.333,0.2,13.67,15.73,16.0,1.62,2.0,1,0,1,0,4.0,0.055,0.53,False,0,True,0.75,0.7,0.065,increasing,0.065,1
PM-SYN-011,2026-08-19T09:00:00+08:00,15m,13,15,normal_update,fresh,high,rain,0.66,restricted,False,medium,0,none,0.333,0.2,13.33,15.53,16.0,1.62,2.0,0,0,0,0,4.0,0.0,0.57,False,2,True,0.75,0.7,0.065,decreasing,0.096,1
PM-SYN-011,2026-08-19T09:02:00+08:00,15m,27,15,speeding,fresh,high,rain,0.66,restricted,False,medium,12,moderate,0.667,0.4,18.67,16.27,27.0,5.64,11.0,0,0,0,0,6.0,0.384,0.6,False,0,True,0.75,0.7,0.096,increasing,0.222,1
PM-SYN-011,2026-08-19T09:04:00+08:00,15m,15,15,normal_update,delayed,high,rain,0.66,restricted,False,medium,0,none,0.333,0.4,18.33,16.47,27.0,5.57,2.0,0,0,0,0,6.0,0.0,0.63,False,0,False,0.75,0.7,0.222,decreasing,0.082,1
PM-SYN-011,2026-08-19T09:06:00+08:00,15m,11,15,normal_update,delayed,high,rain,0.66,restricted,False,medium,0,none,0.333,0.4,17.67,16.27,27.0,5.57,-16.0,0,0,0,0,6.0,0.0,0.67,False,2,False,0.75,0.7,0.082,decreasing,0.062,1
PM-SYN-011,2026-08-19T09:08:00+08:00,15m,14,15,normal_update,stale,high,rain,0.66,restricted,False,medium,0,none,0.0,0.2,13.33,16.33,15.0,5.66,-1.0,0,0,0,0,6.0,0.0,0.7,False,4,False,0.75,0.7,0.062,decreasing,0.038,1
PM-SYN-011,2026-08-19T09:10:00+08:00,15m,11,15,harsh_brake,fresh,high,rain,0.66,restricted,False,medium,0,none,0.0,0.2,12.0,16.13,14.0,5.92,0.0,1,0,1,0,8.0,0.042,0.73,False,6,False,0.75,0.7,0.038,increasing,0.106,1
PM-SYN-011,2026-08-19T09:12:00+08:00,15m,21,15,speeding,fresh,high,rain,0.66,restricted,False,medium,6,minor,0.333,0.2,15.33,16.87,21.0,3.67,7.0,1,0,1,0,10.0,0.214,0.77,False,8,False,0.75,0.7,0.106,increasing,0.104,0
PM-SYN-011,2026-08-19T09:14:00+08:00,15m,23,15,speeding,fresh,high,rain,0.66,restricted,False,medium,8,minor,0.667,0.4,18.33,16.93,23.0,5.06,12.0,1,0,1,0,12.0,0.296,0.8,False,10,False,0.75,0.7,0.104,increasing,0.077,0
PM-SYN-011,2026-08-19T09:16:00+08:00,15m,9,15,normal_update,fresh,high,rain,0.66,restricted,False,medium,0,none,0.667,0.4,17.67,15.73,23.0,5.5,-12.0,1,0,1,0,12.0,0.003,0.83,False,12,False,0.75,0.7,0.077,stable,0.078,0
PM-SYN-011,2026-08-19T09:18:00+08:00,15m,24,15,normal_update,fresh,high,rain,0.66,restricted,False,medium,9,minor,0.667,0.6,18.67,15.73,24.0,6.31,1.0,1,0,1,0,10.0,0.362,0.87,False,14,False,0.75,0.7,0.078,increasing,0.093,0
PM-SYN-011,2026-08-19T09:20:00+08:00,15m,16,15,normal_update,fresh,high,rain,0.66,restricted,False,medium,1,minor,0.667,0.8,16.33,15.87,24.0,5.54,7.0,0,0,0,0,8.0,0.0,0.9,False,16,False,0.75,0.7,0.093,decreasing,0.087,0
PM-SYN-011,2026-08-19T09:22:00+08:00,15m,11,15,normal_update,fresh,high,rain,0.66,restricted,False,medium,0,none,0.667,0.6,17.0,15.73,24.0,6.09,-13.0,0,0,0,0,8.0,0.0,0.93,False,18,False,0.75,0.7,0.087,decreasing,0.171,0
PM-SYN-011,2026-08-19T09:24:00+08:00,15m,13,15,normal_update,fresh,high,rain,0.66,restricted,False,medium,0,none,0.333,0.4,13.33,15.67,16.0,5.24,-3.0,0,0,0,0,8.0,0.0,0.97,False,20,False,0.75,0.7,0.171,decreasing,0.104,0
PM-SYN-011,2026-08-19T09:26:00+08:00,15m,11,15,normal_update,fresh,high,rain,0.66,restricted,False,medium,0,none,0.0,0.4,11.67,15.67,13.0,4.86,0.0,0,0,0,0,8.0,0.0,1.0,False,22,False,0.75,0.7,0.104,decreasing,0.094,0
PM-SYN-011,2026-08-19T09:28:00+08:00,15m,16,15,normal_update,fresh,high,rain,0.66,restricted,False,medium,1,minor,0.333,0.4,13.33,15.67,16.0,2.24,3.0,0,0,0,0,8.0,0.0,1.03,False,24,False,0.75,0.7,0.094,decreasing,0.097,0
PM-SYN-011,2026-08-19T09:30:00+08:00,15m,22,15,normal_update,fresh,high,rain,0.66,restricted,False,medium,7,minor,0.667,0.4,16.33,16.27,22.0,4.13,11.0,0,0,0,0,8.0,0.183,1.07,False,26,False,0.75,0.7,0.097,increasing,0.073,0
PM-SYN-011,2026-08-19T09:32:00+08:00,15m,12,15,normal_update,fresh,high,rain,0.66,restricted,False,medium,0,none,0.667,0.4,16.67,15.27,22.0,3.97,-4.0,0,0,0,0,6.0,0.0,1.1,False,28,False,0.75,0.7,0.073,decreasing,0.081,0
PM-SYN-011,2026-08-19T09:34:00+08:00,15m,22,15,normal_update,fresh,high,rain,0.66,restricted,False,medium,7,minor,0.667,0.6,18.67,15.73,22.0,4.72,0.0,0,0,0,0,6.0,0.199,1.13,False,30,False,0.75,0.7,0.081,increasing,0.15,0
PM-SYN-011,2026-08-19T09:36:00+08:00,15m,12,15,normal_update,stale,high,rain,0.66,restricted,False,medium,0,none,0.333,0.6,15.33,15.8,22.0,4.49,0.0,0,0,0,0,6.0,0.0,1.17,False,32,False,0.75,0.7,0.15,decreasing,0.059,0
PM-SYN-011,2026-08-19T09:38:00+08:00,15m,10,15,normal_update,fresh,high,rain,0.66,restricted,False,medium,0,none,0.333,0.4,14.67,15.53,22.0,5.28,-12.0,0,0,0,0,6.0,0.0,1.2,False,34,False,0.75,0.7,0.059,decreasing,0.043,0
PM-SYN-011,2026-08-19T09:40:00+08:00,15m,11,15,normal_update,fresh,high,rain,0.66,restricted,False,medium,0,none,0.0,0.2,11.0,15.53,12.0,4.36,-1.0,0,0,0,0,4.0,0.0,1.23,False,36,False,0.75,0.7,0.043,decreasing,0.06,0
PM-SYN-011,2026-08-19T09:42:00+08:00,15m,20,15,sharp_turn,fresh,high,rain,0.66,restricted,False,medium,5,minor,0.333,0.4,13.67,15.47,20.0,4.98,10.0,0,1,0,1,4.0,0.22,1.27,False,38,False,0.75,0.7,0.06,increasing,0.146,0
PM-SYN-011,2026-08-19T09:44:00+08:00,15m,14,15,harsh_brake,fresh,high,rain,0.66,restricted,False,medium,0,none,0.333,0.2,15.0,14.87,20.0,3.56,3.0,1,1,1,1,4.0,0.014,1.3,False,40,False,0.75,0.7,0.146,stable,0.064,0
PM-SYN-011,2026-08-19T09:46:00+08:00,15m,12,15,normal_update,fresh,high,rain,0.66,restricted,False,medium,0,none,0.333,0.2,15.33,15.07,20.0,3.56,-8.0,1,1,1,1,4.0,0.096,1.33,False,42,False,0.75,0.7,0.064,increasing,0.062,0
PM-SYN-011,2026-08-19T09:48:00+08:00,15m,10,15,normal_update,fresh,high,rain,0.66,restricted,False,medium,0,none,0.0,0.2,12.0,14.13,14.0,3.56,-4.0,1,1,1,1,4.0,0.098,1.37,False,44,False,0.75,0.7,0.062,increasing,0.075,0
PM-SYN-011,2026-08-19T09:50:00+08:00,15m,10,15,harsh_brake,fresh,high,rain,0.66,restricted,False,medium,0,none,0.0,0.2,10.67,13.73,12.0,3.71,-2.0,2,1,2,1,6.0,0.165,1.4,False,46,False,0.75,0.7,0.075,increasing,0.08,0
PM-SYN-011,2026-08-19T09:52:00+08:00,15m,15,15,normal_update,delayed,high,rain,0.66,restricted,False,medium,0,none,0.0,0.0,11.67,14.0,15.0,2.04,5.0,2,0,2,0,6.0,0.08,1.43,False,48,False,0.75,0.7,0.08,increasing,0.064,0
PM-SYN-011,2026-08-19T09:54:00+08:00,15m,20,15,speeding,fresh,high,rain,0.66,restricted,False,medium,5,minor,0.333,0.2,15.0,14.47,20.0,3.77,10.0,1,0,1,0,8.0,0.216,1.47,False,50,False,0.75,0.7,0.064,increasing,0.108,0
PM-SYN-011,2026-08-19T09:56:00+08:00,15m,14,15,normal_update,fresh,high,rain,0.66,restricted,False,medium,0,none,0.333,0.2,16.33,14.67,20.0,3.71,-1.0,1,0,1,0,8.0,0.0,1.5,False,52,False,0.75,0.7,0.108,stable,0.12,0
PM-SYN-011,2026-08-19T09:58:00+08:00,15m,11,15,normal_update,fresh,high,rain,0.66,restricted,False,medium,0,none,0.333,0.2,15.0,14.33,20.0,3.52,-9.0,1,0,1,0,8.0,0.0,1.53,False,54,False,0.75,0.7,0.12,decreasing,0.073,0
PM-SYN-011,2026-08-19T10:00:00+08:00,15m,16,15,normal_update,fresh,high,rain,0.66,restricted,False,medium,1,minor,0.333,0.4,13.67,13.93,16.0,2.93,2.0,0,0,0,0,8.0,0.0,1.57,False,56,False,0.75,0.7,0.073,stable,0.121,0
PM-SYN-011,2026-08-19T10:02:00+08:00,15m,13,15,normal_update,fresh,high,rain,0.66,restricted,False,medium,0,none,0.333,0.4,13.33,14.0,16.0,3.06,2.0,0,0,0,0,8.0,0.0,1.6,False,58,False,0.75,0.7,0.121,decreasing,0.1,0
PM-SYN-011,2026-08-19T10:04:00+08:00,15m,15,15,harsh_brake,fresh,high,rain,0.66,restricted,False,medium,0,none,0.333,0.2,14.67,13.53,16.0,1.72,-1.0,1,0,1,0,10.0,0.0,1.63,False,60,False,0.75,0.7,0.1,stable,0.099,0
PM-SYN-011,2026-08-19T10:06:00+08:00,15m,17,15,normal_update,delayed,high,rain,0.66,restricted,False,medium,2,minor,0.333,0.4,15.0,13.87,17.0,2.15,4.0,1,0,1,0,10.0,0.061,1.67,False,62,False,0.75,0.7,0.099,increasing,0.064,0
PM-SYN-011,2026-08-19T10:08:00+08:00,15m,11,15,harsh_brake,fresh,high,rain,0.66,restricted,False,medium,0,none,0.333,0.4,14.33,13.93,17.0,2.15,-4.0,2,0,2,0,12.0,0.096,1.7,False,64,False,0.75,0.7,0.064,increasing,0.155,0
PM-SYN-011,2026-08-19T10:10:00+08:00,15m,13,15,normal_update,fresh,high,rain,0.66,restricted,False,medium,0,none,0.333,0.2,13.67,14.07,17.0,2.04,-4.0,2,0,2,0,12.0,0.005,1.73,False,66,False,0.75,0.7,0.155,stable,0.096,0
PM-SYN-011,2026-08-19T10:12:00+08:00,15m,8,15,normal_update,fresh,high,rain,0.66,restricted,False,medium,0,none,0.0,0.2,10.67,13.27,13.0,3.12,-3.0,2,0,2,0,10.0,0.064,1.77,False,68,False,0.75,0.7,0.096,increasing,0.066,0
PM-SYN-011,2026-08-19T10:14:00+08:00,15m,15,15,harsh_brake,delayed,high,rain,0.66,restricted,False,medium,0,none,0.0,0.2,12.0,13.33,15.0,3.12,2.0,2,0,2,0,10.0,0.094,1.8,False,70,False,0.75,0.7,0.066,increasing,0.072,0
PM-SYN-011,2026-08-19T10:16:00+08:00,15m,13,15,normal_update,fresh,high,rain,0.66,restricted,False,medium,0,none,0.0,0.0,12.0,13.4,15.0,2.37,5.0,2,0,2,0,10.0,0.088,1.83,False,72,False,0.75,0.7,0.072,increasing,0.044,0
PM-SYN-011,2026-08-19T10:18:00+08:00,15m,12,15,normal_update,fresh,high,rain,0.66,restricted,False,medium,0,none,0.0,0.0,13.33,13.53,15.0,2.32,-3.0,1,0,1,0,10.0,0.036,1.87,False,74,False,0.75,0.7,0.044,stable,0.043,1
PM-SYN-011,2026-08-19T10:20:00+08:00,15m,13,15,harsh_brake,delayed,high,rain,0.66,restricted,False,medium,0,none,0.0,0.0,12.67,13.73,13.0,2.32,0.0,2,0,2,0,10.0,0.117,1.9,False,0,False,0.75,0.7,0.043,increasing,0.127,1
PM-SYN-011,2026-08-19T10:22:00+08:00,15m,12,15,normal_update,delayed,high,rain,0.66,restricted,False,medium,0,none,0.0,0.0,12.33,13.53,13.0,1.1,0.0,2,0,2,0,10.0,0.033,1.93,False,2,False,0.75,0.7,0.127,stable,0.064,1
PM-SYN-011,2026-08-19T10:24:00+08:00,15m,22,15,normal_update,fresh,high,rain,0.66,restricted,False,medium,7,minor,0.333,0.2,15.67,13.67,22.0,3.83,9.0,1,0,1,0,8.0,0.296,1.97,False,4,False,0.75,0.7,0.064,increasing,0.068,1
PM-SYN-011,2026-08-19T10:26:00+08:00,15m,12,15,normal_update,fresh,high,rain,0.66,restricted,False,medium,0,none,0.333,0.2,15.33,13.53,22.0,3.92,0.0,1,0,1,0,8.0,0.012,2.0,False,6,False,0.75,0.7,0.068,stable,0.102,1
PM-SYN-011,2026-08-19T10:28:00+08:00,15m,14,15,normal_update,fresh,high,rain,0.66,restricted,False,medium,0,none,0.333,0.2,16.0,13.73,22.0,3.77,-8.0,1,0,1,0,8.0,0.0,2.03,False,8,False,0.75,0.7,0.102,stable,0.074,1
PM-SYN-011,2026-08-19T10:30:00+08:00,15m,21,15,normal_update,stale,high,rain,0.66,restricted,False,medium,6,minor,0.333,0.4,15.67,14.07,21.0,4.4,9.0,0,0,0,0,8.0,0.166,2.07,False,10,False,0.75,0.7,0.074,increasing,0.12,1
PM-SYN-011,2026-08-19T10:32:00+08:00,15m,12,15,normal_update,fresh,high,rain,0.66,restricted,False,medium,0,none,0.333,0.4,15.67,14.0,21.0,4.4,-2.0,0,0,0,0,8.0,0.0,2.1,False,0,True,0.75,0.7,0.12,decreasing,0.136,1
PM-SYN-011,2026-08-19T10:34:00+08:00,15m,14,15,normal_update,fresh,high,rain,0.66,restricted,False,medium,0,none,0.333,0.2,15.67,13.93,21.0,3.32,-7.0,0,0,0,0,6.0,0.0,2.13,False,2,True,0.75,0.7,0.136,decreasing,0.143,1
PM-SYN-011,2026-08-19T10:36:00+08:00,15m,13,15,normal_update,fresh,high,rain,0.66,restricted,False,medium,0,none,0.0,0.2,13.0,13.67,14.0,3.19,1.0,0,0,0,0,6.0,0.0,2.17,False,4,True,0.75,0.7,0.143,decreasing,0.096,1
PM-SYN-011,2026-08-19T10:38:00+08:00,15m,8,15,normal_update,delayed,high,rain,0.66,restricted,False,medium,0,none,0.0,0.2,11.67,13.47,14.0,4.22,-6.0,0,0,0,0,4.0,0.0,2.2,False,6,True,0.75,0.7,0.096,decreasing,0.077,1
PM-SYN-011,2026-08-19T10:40:00+08:00,15m,14,15,normal_update,fresh,high,rain,0.66,restricted,False,medium,0,none,0.0,0.0,11.67,13.53,14.0,2.23,1.0,0,0,0,0,4.0,0.0,2.23,False,8,True,0.75,0.7,0.077,decreasing,0.057,1
PM-SYN-011,2026-08-19T10:42:00+08:00,15m,7,15,normal_update,fresh,high,rain,0.66,restricted,False,medium,0,none,0.0,0.0,9.67,13.47,14.0,3.06,-1.0,0,0,0,0,4.0,0.0,2.27,False,10,True,0.75,0.7,0.057,decreasing,0.06,0
PM-SYN-011,2026-08-19T10:44:00+08:00,15m,13,15,normal_update,fresh,high,rain,0.66,restricted,False,medium,0,none,0.0,0.0,11.33,13.33,14.0,2.9,-1.0,0,0,0,0,2.0,0.0,2.3,False,12,True,0.75,0.7,0.06,decreasing,0.083,0
PM-SYN-011,2026-08-19T10:46:00+08:00,15m,16,15,normal_update,delayed,high,rain,0.66,restricted,False,medium,1,minor,0.333,0.2,12.0,13.53,16.0,3.5,9.0,0,0,0,0,2.0,0.0,2.33,False,14,False,0.75,0.7,0.083,decreasing,0.036,0
PM-SYN-011,2026-08-19T10:48:00+08:00,15m,8,15,normal_update,fresh,high,rain,0.66,restricted,False,medium,0,none,0.333,0.2,12.33,13.27,16.0,3.5,-5.0,0,0,0,0,2.0,0.0,2.37,False,16,False,0.75,0.7,0.036,stable,0.048,0
PM-SYN-012,2026-08-19T06:35:00+08:00,15m,22,25,normal_update,delayed,medium,clear,0.6,caution,True,low,0,none,0.333,0.4,27.33,25.67,36.0,5.08,-14.0,0,0,0,0,4.0,0.0,0.5,True,999.0,False,0.25,0.35,0.327,decreasing,0.034,0
PM-SYN-012,2026-08-19T06:37:00+08:00,15m,28,25,normal_update,stale,medium,clear,0.6,caution,True,low,3,minor,0.333,0.4,24.67,25.2,28.0,5.12,4.0,0,0,0,0,2.0,0.086,0.53,True,999.0,False,0.25,0.35,0.034,increasing,0.034,0
PM-SYN-012,2026-08-19T06:39:00+08:00,15m,29,25,normal_update,delayed,medium,clear,0.6,caution,True,low,4,minor,0.667,0.6,26.33,25.07,29.0,4.83,7.0,0,0,0,0,2.0,0.126,0.57,True,999.0,False,0.25,0.35,0.034,increasing,0.059,0
PM-SYN-012,2026-08-19T06:41:00+08:00,15m,36,25,normal_update,stale,medium,clear,0.6,caution,True,low,11,moderate,1.0,0.6,31.0,26.07,36.0,4.83,8.0,0,0,0,0,2.0,0.381,0.6,True,999.0,False,0.25,0.35,0.059,increasing,0.064,0
PM-SYN-012,2026-08-19T06:43:00+08:00,15m,27,25,normal_update,fresh,medium,clear,0.6,caution,True,low,2,minor,1.0,0.8,30.67,26.13,36.0,4.5,-2.0,0,0,0,0,2.0,0.016,0.63,True,999.0,False,0.25,0.35,0.064,stable,0.062,0
PM-SYN-012,2026-08-19T06:45:00+08:00,15m,31,25,normal_update,fresh,medium,clear,0.6,caution,True,low,6,minor,1.0,1.0,31.33,26.8,36.0,3.19,-5.0,0,0,0,0,2.0,0.178,0.67,True,999.0,False,0.25,0.35,0.062,increasing,0.115,0
PM-SYN-012,2026-08-19T06:47:00+08:00,15m,27,25,normal_update,delayed,medium,clear,0.6,caution,True,low,2,minor,1.0,1.0,28.33,27.27,31.0,3.35,0.0,0,0,0,0,2.0,0.0,0.7,True,999.0,False,0.25,0.35,0.115,stable,0.117,0
PM-SYN-012,2026-08-19T06:49:00+08:00,15m,24,25,normal_update,fresh,medium,clear,0.6,caution,True,low,0,none,0.667,0.8,27.33,27.0,31.0,4.15,-7.0,0,0,0,0,2.0,0.0,0.73,True,999.0,False,0.25,0.35,0.117,decreasing,0.108,0
PM-SYN-012,2026-08-19T06:51:00+08:00,15m,20,25,normal_update,fresh,medium,clear,0.6,caution,True,low,0,none,0.333,0.6,23.67,26.73,27.0,3.66,-7.0,0,0,0,0,0.0,0.0,0.77,True,999.0,False,0.25,0.35,0.108,decreasing,0.063,0
PM-SYN-012,2026-08-19T06:53:00+08:00,15m,17,25,normal_update,delayed,medium,clear,0.6,caution,True,low,0,none,0.0,0.4,20.33,26.2,24.0,4.96,-7.0,0,0,0,0,0.0,0.0,0.8,True,999.0,False,0.25,0.35,0.063,decreasing,0.025,0
PM-SYN-012,2026-08-19T06:55:00+08:00,15m,20,25,sharp_turn,fresh,medium,clear,0.6,caution,True,low,0,none,0.0,0.2,19.0,26.0,20.0,3.5,0.0,0,1,0,1,2.0,0.055,0.83,True,999.0,False,0.25,0.35,0.025,increasing,0.073,0
PM-SYN-012,2026-08-19T06:57:00+08:00,15m,23,25,normal_update,stale,medium,clear,0.6,caution,True,low,0,none,0.0,0.0,20.0,25.8,23.0,2.48,6.0,0,1,0,1,2.0,0.007,0.87,True,999.0,False,0.25,0.35,0.073,stable,0.019,0
PM-SYN-012,2026-08-19T06:59:00+08:00,15m,19,25,normal_update,fresh,medium,clear,0.6,caution,True,low,0,none,0.0,0.0,20.67,25.53,23.0,1.94,-1.0,0,1,0,1,2.0,0.061,0.9,True,999.0,False,0.25,0.35,0.019,increasing,0.034,0
PM-SYN-012,2026-08-19T07:01:00+08:00,15m,28,25,normal_update,fresh,medium,clear,0.6,caution,True,low,3,minor,0.333,0.2,23.33,25.0,28.0,3.83,5.0,0,1,0,1,2.0,0.166,0.93,False,999.0,False,0.25,0.35,0.034,increasing,0.031,0
PM-SYN-012,2026-08-19T07:03:00+08:00,15m,36,25,normal_update,fresh,medium,clear,0.6,caution,True,low,11,moderate,0.667,0.4,27.67,25.8,36.0,6.24,17.0,0,1,0,1,2.0,0.489,0.97,False,999.0,False,0.25,0.35,0.031,increasing,0.079,0
PM-SYN-012,2026-08-19T07:05:00+08:00,15m,25,25,normal_update,fresh,medium,clear,0.6,caution,True,low,0,none,0.667,0.4,29.67,26.0,36.0,5.71,-3.0,0,0,0,0,2.0,0.0,1.0,False,999.0,False,0.25,0.35,0.079,decreasing,0.031,0
PM-SYN-012,2026-08-19T07:07:00+08:00,15m,23,25,normal_update,fresh,medium,clear,0.6,caution,True,low,0,none,0.333,0.4,28.0,25.67,36.0,5.71,-13.0,0,0,0,0,2.0,0.0,1.03,False,999.0,False,0.25,0.35,0.031,stable,0.024,0
PM-SYN-012,2026-08-19T07:09:00+08:00,15m,32,25,normal_update,fresh,medium,clear,0.6,caution,True,low,7,minor,0.333,0.6,26.67,25.87,32.0,4.71,7.0,0,0,0,0,2.0,0.256,1.07,False,999.0,False,0.25,0.35,0.024,increasing,0.086,0
PM-SYN-012,2026-08-19T07:11:00+08:00,15m,30,25,normal_update,fresh,medium,clear,0.6,caution,True,low,5,minor,0.667,0.6,28.33,25.47,32.0,4.71,7.0,0,0,0,0,2.0,0.114,1.1,False,999.0,False,0.25,0.35,0.086,increasing,0.084,0
PM-SYN-012,2026-08-19T07:13:00+08:00,15m,23,25,normal_update,fresh,medium,clear,0.6,caution,True,low,0,none,0.667,0.4,28.33,25.2,32.0,3.72,-9.0,0,0,0,0,2.0,0.0,1.13,False,999.0,False,0.25,0.35,0.084,decreasing,0.035,0
PM-SYN-012,2026-08-19T07:15:00+08:00,15m,29,25,normal_update,fresh,medium,clear,0.6,caution,True,low,4,minor,0.667,0.6,27.33,25.07,30.0,3.72,-1.0,0,0,0,0,2.0,0.125,1.17,False,999.0,False,0.25,0.35,0.035,increasing,0.049,0
PM-SYN-012,2026-08-19T07:17:00+08:00,15m,25,25,normal_update,fresh,medium,clear,0.6,caution,True,low,0,none,0.333,0.6,25.67,24.93,29.0,3.31,2.0,0,0,0,0,2.0,0.0,1.2,False,999.0,False,0.25,0.35,0.049,decreasing,0.05,0
PM-SYN-012,2026-08-19T07:19:00+08:00,15m,20,25,normal_update,fresh,medium,clear,0.6,caution,True,low,0,none,0.333,0.4,24.67,24.67,29.0,3.72,-9.0,0,0,0,0,2.0,0.0,1.23,False,999.0,False,0.25,0.35,0.05,decreasing,0.025,0
PM-SYN-012,2026-08-19T07:21:00+08:00,15m,21,25,normal_update,fresh,medium,clear,0.6,caution,True,low,0,none,0.0,0.2,22.0,24.73,25.0,3.2,-4.0,0,0,0,0,2.0,0.0,1.27,False,999.0,False,0.25,0.35,0.025,stable,0.045,0
PM-SYN-012,2026-08-19T07:23:00+08:00,15m,29,25,normal_update,stale,medium,clear,0.6,caution,True,low,4,minor,0.333,0.4,23.33,25.53,29.0,3.82,9.0,0,0,0,0,2.0,0.115,1.3,False,999.0,False,0.25,0.35,0.045,increasing,0.032,1
PM-SYN-012,2026-08-19T07:25:00+08:00,15m,23,25,normal_update,fresh,medium,clear,0.6,caution,True,low,0,none,0.333,0.2,24.33,25.73,29.0,3.2,2.0,0,0,0,0,0.0,0.0,1.33,False,0,True,0.25,0.35,0.032,stable,0.066,1
PM-SYN-012,2026-08-19T07:27:00+08:00,15m,32,25,normal_update,fresh,medium,clear,0.6,caution,True,low,7,minor,0.667,0.4,28.0,26.33,32.0,4.69,3.0,0,0,0,0,0.0,0.214,1.37,False,2,True,0.25,0.35,0.066,increasing,0.084,1
PM-SYN-012,2026-08-19T07:29:00+08:00,15m,30,25,normal_update,fresh,medium,clear,0.6,caution,True,low,5,minor,0.667,0.6,28.33,27.07,32.0,4.24,7.0,0,0,0,0,0.0,0.116,1.4,False,4,True,0.25,0.35,0.084,increasing,0.047,1
PM-SYN-012,2026-08-19T07:31:00+08:00,15m,25,25,normal_update,delayed,medium,clear,0.6,caution,True,low,0,none,0.667,0.6,29.0,26.87,32.0,3.31,-7.0,0,0,0,0,0.0,0.0,1.43,False,6,True,0.25,0.35,0.047,decreasing,0.036,1
PM-SYN-012,2026-08-19T07:33:00+08:00,15m,20,25,normal_update,fresh,medium,clear,0.6,caution,True,low,0,none,0.333,0.4,25.0,25.8,30.0,4.43,-10.0,0,0,0,0,0.0,0.0,1.47,False,8,True,0.25,0.35,0.036,stable,0.067,0
PM-SYN-012,2026-08-19T07:35:00+08:00,15m,24,25,normal_update,fresh,medium,clear,0.6,caution,True,low,0,none,0.0,0.4,23.0,25.73,25.0,4.31,-1.0,0,0,0,0,0.0,0.0,1.5,False,10,True,0.25,0.35,0.067,decreasing,0.039,0
PM-SYN-012,2026-08-19T07:37:00+08:00,15m,21,25,normal_update,fresh,medium,clear,0.6,caution,True,low,0,none,0.0,0.2,21.67,25.6,24.0,3.52,1.0,0,0,0,0,0.0,0.0,1.53,False,12,True,0.25,0.35,0.039,stable,0.068,0
PM-SYN-012,2026-08-19T07:39:00+08:00,15m,21,25,stale_gps,stale,medium,clear,0.6,caution,True,low,0,none,0.0,0.0,22.0,24.87,24.0,1.94,-3.0,0,0,0,0,2.0,0.0,1.57,False,14,False,0.25,0.35,0.068,decreasing,0.019,0
PM-SYN-012,2026-08-19T07:41:00+08:00,15m,25,25,normal_update,fresh,medium,clear,0.6,caution,True,low,0,none,0.0,0.0,22.33,24.53,25.0,1.94,4.0,0,0,0,0,2.0,0.0,1.6,False,16,False,0.25,0.35,0.019,stable,0.02,0
PM-SYN-012,2026-08-19T07:43:00+08:00,15m,18,25,normal_update,fresh,medium,clear,0.6,caution,True,low,0,none,0.0,0.0,21.33,24.2,25.0,2.48,-3.0,0,0,0,0,2.0,0.0,1.63,False,18,False,0.25,0.35,0.02,stable,0.016,0
PM-SYN-012,2026-08-19T07:45:00+08:00,15m,30,25,speeding,fresh,medium,clear,0.6,caution,True,low,5,minor,0.333,0.2,24.33,24.27,30.0,4.15,5.0,0,0,0,0,4.0,0.184,1.67,False,20,False,0.25,0.35,0.016,increasing,0.021,0
PM-SYN-012,2026-08-19T07:47:00+08:00,15m,25,25,normal_update,delayed,medium,clear,0.6,caution,True,low,0,none,0.333,0.2,24.33,24.27,30.0,4.07,7.0,0,0,0,0,4.0,0.0,1.7,False,22,False,0.25,0.35,0.021,stable,0.016,0
PM-SYN-012,2026-08-19T07:49:00+08:00,15m,24,25,stale_gps,stale,medium,clear,0.6,caution,True,low,0,none,0.333,0.2,26.33,24.53,30.0,3.83,-6.0,0,0,0,0,6.0,0.0,1.73,False,24,False,0.25,0.35,0.016,stable,0.025,0
PM-SYN-012,2026-08-19T07:51:00+08:00,15m,22,25,normal_update,fresh,medium,clear,0.6,caution,True,low,0,none,0.0,0.2,23.67,24.6,25.0,3.92,-3.0,0,0,0,0,6.0,0.0,1.77,False,26,False,0.25,0.35,0.025,stable,0.025,0
PM-SYN-012,2026-08-19T07:53:00+08:00,15m,20,25,normal_update,delayed,medium,clear,0.6,caution,True,low,0,none,0.0,0.2,22.0,24.0,24.0,3.37,-4.0,0,0,0,0,6.0,0.0,1.8,False,28,False,0.25,0.35,0.025,stable,0.025,0
PM-SYN-012,2026-08-19T07:55:00+08:00,15m,22,25,normal_update,delayed,medium,clear,0.6,caution,True,low,0,none,0.0,0.0,21.33,23.93,22.0,1.74,0.0,0,0,0,0,6.0,0.0,1.83,False,30,False,0.25,0.35,0.025,stable,0.012,0
PM-SYN-012,2026-08-19T07:57:00+08:00,15m,23,25,normal_update,fresh,medium,clear,0.6,caution,True,low,0,none,0.0,0.0,21.67,23.33,23.0,1.33,3.0,0,0,0,0,6.0,0.0,1.87,False,32,False,0.25,0.35,0.012,stable,0.011,0
PM-SYN-012,2026-08-19T07:59:00+08:00,15m,25,25,sharp_turn,fresh,medium,clear,0.6,caution,True,low,0,none,0.0,0.0,23.33,23.0,25.0,1.62,3.0,0,1,0,1,8.0,0.069,1.9,False,34,False,0.25,0.35,0.011,increasing,0.039,0
PM-SYN-012,2026-08-19T08:01:00+08:00,15m,26,25,normal_update,fresh,medium,clear,0.6,caution,True,low,1,minor,0.333,0.2,24.67,23.07,26.0,2.14,3.0,0,1,0,1,8.0,0.081,1.93,False,36,False,0.25,0.35,0.039,increasing,0.041,0
PM-SYN-012,2026-08-19T08:03:00+08:00,15m,24,25,normal_update,fresh,medium,clear,0.6,caution,True,low,0,none,0.333,0.2,25.0,23.33,26.0,1.41,-1.0,0,1,0,1,8.0,0.039,1.97,False,38,False,0.25,0.35,0.041,stable,0.042,0
PM-SYN-012,2026-08-19T08:05:00+08:00,15m,21,25,normal_update,fresh,medium,clear,0.6,caution,True,low,0,none,0.333,0.2,23.67,23.13,26.0,1.72,-5.0,0,1,0,1,8.0,0.038,2.0,False,40,False,0.25,0.35,0.042,stable,0.019,0
PM-SYN-012,2026-08-19T08:07:00+08:00,15m,31,25,normal_update,fresh,medium,clear,0.6,caution,True,low,6,minor,0.333,0.4,25.33,23.8,31.0,3.26,7.0,0,1,0,1,8.0,0.301,2.03,False,42,False,0.25,0.35,0.019,increasing,0.03,0
PM-SYN-012,2026-08-19T08:09:00+08:00,15m,19,25,normal_update,delayed,medium,clear,0.6,caution,True,low,0,none,0.333,0.4,23.67,23.67,31.0,4.17,-2.0,0,0,0,0,6.0,0.0,2.07,False,44,False,0.25,0.35,0.03,stable,0.03,0
PM-SYN-012,2026-08-19T08:11:00+08:00,15m,23,25,normal_update,fresh,medium,clear,0.6,caution,True,low,0,none,0.333,0.2,24.33,23.53,31.0,4.08,-8.0,0,0,0,0,6.0,0.0,2.1,False,46,False,0.25,0.35,0.03,stable,0.015,0
PM-SYN-012,2026-08-19T08:13:00+08:00,15m,23,25,normal_update,fresh,medium,clear,0.6,caution,True,low,0,none,0.0,0.2,21.67,23.87,23.0,4.08,4.0,0,0,0,0,6.0,0.0,2.13,False,48,False,0.25,0.35,0.015,stable,0.027,0
PM-SYN-012,2026-08-19T08:15:00+08:00,15m,23,25,normal_update,delayed,medium,clear,0.6,caution,True,low,0,none,0.0,0.2,23.0,23.4,23.0,3.92,0.0,0,0,0,0,4.0,0.0,2.17,False,50,False,0.25,0.35,0.027,stable,0.045,0
PM-SYN-012,2026-08-19T08:17:00+08:00,15m,22,25,sharp_turn,fresh,medium,clear,0.6,caution,True,low,0,none,0.0,0.0,22.67,23.2,23.0,1.55,-1.0,0,1,0,1,6.0,0.035,2.2,False,52,False,0.25,0.35,0.045,stable,0.035,0
PM-SYN-012,2026-08-19T08:19:00+08:00,15m,24,25,stale_gps,stale,medium,clear,0.6,caution,True,low,0,none,0.0,0.0,23.0,23.2,24.0,0.63,1.0,0,1,0,1,6.0,0.045,2.23,False,54,False,0.25,0.35,0.035,increasing,0.032,0
PM-SYN-012,2026-08-19T08:21:00+08:00,15m,20,25,normal_update,stale,medium,clear,0.6,caution,True,low,0,none,0.0,0.0,22.0,23.07,24.0,1.36,-2.0,0,1,0,1,6.0,0.048,2.27,False,56,False,0.25,0.35,0.032,increasing,0.038,0
PM-SYN-012,2026-08-19T08:23:00+08:00,15m,23,25,normal_update,fresh,medium,clear,0.6,caution,True,low,0,none,0.0,0.0,22.33,23.27,24.0,1.36,-1.0,0,1,0,1,6.0,0.042,2.3,False,58,False,0.25,0.35,0.038,increasing,0.031,0
PM-SYN-012,2026-08-19T08:25:00+08:00,15m,30,25,speeding,fresh,medium,clear,0.6,caution,True,low,5,minor,0.333,0.2,24.33,23.8,30.0,3.37,10.0,0,1,0,1,8.0,0.249,2.33,False,60,False,0.25,0.35,0.031,increasing,0.033,0
PM-SYN-012,2026-08-19T08:27:00+08:00,15m,21,25,normal_update,fresh,medium,clear,0.6,caution,True,low,0,none,0.333,0.2,24.67,23.67,30.0,3.5,-2.0,0,0,0,0,8.0,0.0,2.37,False,62,False,0.25,0.35,0.033,stable,0.041,0
PM-SYN-013,2026-08-19T07:47:00+08:00,15m,35,25,normal_update,fresh,high,rain,0.66,restricted,False,medium,10,minor,1.0,0.6,33.0,25.8,35.0,5.78,5.0,0,1,0,1,8.0,0.405,0.5,False,999.0,False,0.75,0.7,0.075,increasing,0.13,0
PM-SYN-013,2026-08-19T07:49:00+08:00,15m,25,25,normal_update,fresh,high,rain,0.66,restricted,False,medium,0,none,0.667,0.6,31.33,25.27,35.0,5.64,-9.0,0,1,0,1,6.0,0.0,0.53,False,999.0,False,0.75,0.7,0.13,decreasing,0.156,1
PM-SYN-013,2026-08-19T07:51:00+08:00,15m,20,25,normal_update,fresh,high,rain,0.66,restricted,False,medium,0,none,0.333,0.6,26.67,25.07,35.0,5.64,-15.0,0,1,0,1,6.0,0.0,0.57,False,0,False,0.75,0.7,0.156,decreasing,0.157,1
PM-SYN-013,2026-08-19T07:53:00+08:00,15m,26,25,normal_update,fresh,high,rain,0.66,restricted,False,medium,1,minor,0.333,0.6,23.67,25.33,26.0,5.69,1.0,0,0,0,0,4.0,0.0,0.6,False,2,False,0.75,0.7,0.157,decreasing,0.116,1
PM-SYN-013,2026-08-19T07:55:00+08:00,15m,27,25,normal_update,fresh,high,rain,0.66,restricted,False,medium,2,minor,0.667,0.6,24.33,25.73,27.0,4.84,7.0,0,0,0,0,4.0,0.0,0.63,False,0,False,0.75,0.7,0.116,stable,0.155,1
PM-SYN-013,2026-08-19T07:57:00+08:00,15m,32,25,normal_update,delayed,high,rain,0.66,restricted,False,medium,7,minor,1.0,0.6,28.33,26.4,32.0,3.85,6.0,0,0,0,0,4.0,0.125,0.67,False,2,False,0.75,0.7,0.155,increasing,0.079,1
PM-SYN-013,2026-08-19T07:59:00+08:00,15m,23,25,normal_update,fresh,high,rain,0.66,restricted,False,medium,0,none,0.667,0.6,27.33,25.53,32.0,4.03,-4.0,0,0,0,0,4.0,0.0,0.7,False,4,False,0.75,0.7,0.079,decreasing,0.068,1
PM-SYN-013,2026-08-19T08:01:00+08:00,15m,22,25,normal_update,fresh,high,rain,0.66,restricted,False,medium,0,none,0.333,0.6,25.67,25.67,32.0,3.52,-10.0,0,0,0,0,4.0,0.0,0.73,False,6,False,0.75,0.7,0.068,decreasing,0.08,1
PM-SYN-013,2026-08-19T08:03:00+08:00,15m,22,25,normal_update,fresh,high,rain,0.66,restricted,False,medium,0,none,0.0,0.4,22.33,25.2,23.0,3.87,-1.0,0,0,0,0,4.0,0.0,0.77,False,8,False,0.75,0.7,0.08,decreasing,0.065,1
PM-SYN-013,2026-08-19T08:05:00+08:00,15m,18,25,normal_update,fresh,high,rain,0.66,restricted,False,medium,0,none,0.0,0.2,20.67,25.13,22.0,4.63,-4.0,0,0,0,0,4.0,0.0,0.8,False,10,False,0.75,0.7,0.065,decreasing,0.058,0
PM-SYN-013,2026-08-19T08:07:00+08:00,15m,20,25,normal_update,fresh,high,rain,0.66,restricted,False,medium,0,none,0.0,0.0,20.0,25.2,22.0,1.79,-2.0,0,0,0,0,4.0,0.0,0.83,False,12,False,0.75,0.7,0.058,decreasing,0.037,0
PM-SYN-013,2026-08-19T08:09:00+08:00,15m,34,25,normal_update,fresh,high,rain,0.66,restricted,False,medium,9,minor,0.333,0.2,24.0,25.87,34.0,5.6,16.0,0,0,0,0,4.0,0.323,0.87,False,14,False,0.75,0.7,0.037,increasing,0.071,0
PM-SYN-013,2026-08-19T08:11:00+08:00,15m,23,25,normal_update,delayed,high,rain,0.66,restricted,False,medium,0,none,0.333,0.2,25.67,26.07,34.0,5.57,3.0,0,0,0,0,4.0,0.0,0.9,False,16,False,0.75,0.7,0.071,decreasing,0.1,0
PM-SYN-013,2026-08-19T08:13:00+08:00,15m,25,25,sharp_turn,fresh,high,rain,0.66,restricted,False,medium,0,none,0.333,0.2,27.33,25.73,34.0,5.55,-9.0,0,1,0,1,4.0,0.0,0.93,False,18,False,0.75,0.7,0.1,stable,0.127,0
PM-SYN-013,2026-08-19T08:15:00+08:00,15m,32,25,sharp_turn,fresh,high,rain,0.66,restricted,False,medium,7,minor,0.333,0.4,26.67,25.6,32.0,5.34,9.0,0,2,0,2,4.0,0.313,0.97,False,20,False,0.75,0.7,0.127,increasing,0.186,0
PM-SYN-013,2026-08-19T08:17:00+08:00,15m,28,25,normal_update,fresh,high,rain,0.66,restricted,False,medium,3,minor,0.667,0.6,28.33,25.13,32.0,4.13,3.0,0,2,0,2,4.0,0.094,1.0,False,22,False,0.75,0.7,0.186,increasing,0.168,0
PM-SYN-013,2026-08-19T08:19:00+08:00,15m,24,25,normal_update,fresh,high,rain,0.66,restricted,False,medium,0,none,0.667,0.4,28.0,25.07,32.0,3.26,-8.0,0,2,0,2,4.0,0.0,1.03,False,24,False,0.75,0.7,0.168,stable,0.081,0
PM-SYN-013,2026-08-19T08:21:00+08:00,15m,36,25,sharp_turn,fresh,high,rain,0.66,restricted,False,medium,11,moderate,0.667,0.6,29.33,26.13,36.0,4.47,8.0,0,3,0,3,6.0,0.599,1.07,False,26,False,0.75,0.7,0.081,increasing,0.145,0
PM-SYN-013,2026-08-19T08:23:00+08:00,15m,23,25,normal_update,fresh,high,rain,0.66,restricted,False,medium,0,none,0.333,0.6,27.67,25.93,36.0,4.88,-1.0,0,2,0,2,6.0,0.015,1.1,False,28,False,0.75,0.7,0.145,stable,0.172,0
PM-SYN-013,2026-08-19T08:25:00+08:00,15m,24,25,normal_update,fresh,high,rain,0.66,restricted,False,medium,0,none,0.333,0.4,27.67,25.73,36.0,4.82,-12.0,0,1,0,1,6.0,0.0,1.13,False,30,False,0.75,0.7,0.172,decreasing,0.138,0
PM-SYN-013,2026-08-19T08:27:00+08:00,15m,32,25,normal_update,fresh,high,rain,0.66,restricted,False,medium,7,minor,0.333,0.4,26.33,25.73,32.0,5.23,9.0,0,1,0,1,6.0,0.222,1.17,False,32,False,0.75,0.7,0.138,increasing,0.139,0
PM-SYN-013,2026-08-19T08:29:00+08:00,15m,18,25,normal_update,fresh,high,rain,0.66,restricted,False,medium,0,none,0.333,0.4,24.67,25.4,32.0,6.5,-6.0,0,1,0,1,6.0,0.0,1.2,False,34,False,0.75,0.7,0.139,decreasing,0.077,0
PM-SYN-013,2026-08-19T08:31:00+08:00,15m,28,25,normal_update,fresh,high,rain,0.66,restricted,False,medium,3,minor,0.667,0.4,26.0,25.8,32.0,4.73,-4.0,0,0,0,0,6.0,0.043,1.23,False,36,False,0.75,0.7,0.077,increasing,0.076,0
PM-SYN-013,2026-08-19T08:33:00+08:00,15m,18,25,normal_update,fresh,high,rain,0.66,restricted,False,medium,0,none,0.333,0.4,21.33,25.53,28.0,5.51,0.0,0,0,0,0,6.0,0.0,1.27,False,38,False,0.75,0.7,0.076,decreasing,0.058,0
PM-SYN-013,2026-08-19T08:35:00+08:00,15m,22,25,normal_update,fresh,high,rain,0.66,restricted,False,medium,0,none,0.333,0.4,22.67,25.8,28.0,5.57,-6.0,0,0,0,0,6.0,0.0,1.3,False,40,False,0.75,0.7,0.058,decreasing,0.097,0
PM-SYN-013,2026-08-19T08:37:00+08:00,15m,19,25,normal_update,delayed,high,rain,0.66,restricted,False,medium,0,none,0.0,0.2,19.67,25.73,22.0,3.79,1.0,0,0,0,0,6.0,0.0,1.33,False,42,False,0.75,0.7,0.097,decreasing,0.033,0
PM-SYN-013,2026-08-19T08:39:00+08:00,15m,18,25,normal_update,fresh,high,rain,0.66,restricted,False,medium,0,none,0.0,0.2,19.67,24.67,22.0,3.79,-4.0,0,0,0,0,6.0,0.0,1.37,False,44,False,0.75,0.7,0.033,stable,0.078,0
PM-SYN-013,2026-08-19T08:41:00+08:00,15m,31,25,speeding,fresh,high,rain,0.66,restricted,False,medium,6,minor,0.333,0.2,22.67,25.2,31.0,4.92,12.0,0,0,0,0,8.0,0.162,1.4,False,46,False,0.75,0.7,0.078,increasing,0.04,0
PM-SYN-013,2026-08-19T08:43:00+08:00,15m,26,25,harsh_brake,fresh,high,rain,0.66,restricted,False,medium,1,minor,0.667,0.4,25.0,25.27,31.0,4.79,8.0,1,0,1,0,8.0,0.08,1.43,False,48,False,0.75,0.7,0.04,increasing,0.077,0
PM-SYN-013,2026-08-19T08:45:00+08:00,15m,33,25,normal_update,fresh,high,rain,0.66,restricted,False,medium,8,minor,1.0,0.6,30.0,25.33,33.0,6.09,2.0,1,0,1,0,6.0,0.323,1.47,False,50,False,0.75,0.7,0.077,increasing,0.119,0
PM-SYN-013,2026-08-19T08:47:00+08:00,15m,23,25,normal_update,delayed,high,rain,0.66,restricted,False,medium,0,none,0.667,0.6,27.33,25.0,33.0,5.42,-3.0,1,0,1,0,6.0,0.0,1.5,False,52,False,0.75,0.7,0.119,stable,0.144,0
PM-SYN-013,2026-08-19T08:49:00+08:00,15m,19,25,normal_update,fresh,high,rain,0.66,restricted,False,medium,0,none,0.333,0.6,25.0,24.67,33.0,5.12,-14.0,1,0,1,0,6.0,0.0,1.53,False,54,False,0.75,0.7,0.144,decreasing,0.171,1
PM-SYN-013,2026-08-19T08:51:00+08:00,15m,19,25,normal_update,fresh,high,rain,0.66,restricted,False,medium,0,none,0.0,0.4,20.33,23.53,23.0,5.22,-4.0,1,0,1,0,4.0,0.0,1.57,False,0,False,0.75,0.7,0.171,decreasing,0.087,1
PM-SYN-013,2026-08-19T08:53:00+08:00,15m,34,25,normal_update,fresh,high,rain,0.66,restricted,False,medium,9,minor,0.333,0.4,24.0,24.27,34.0,6.62,15.0,0,0,0,0,4.0,0.273,1.6,False,2,False,0.75,0.7,0.087,increasing,0.111,1
PM-SYN-013,2026-08-19T08:55:00+08:00,15m,22,25,harsh_brake,fresh,high,rain,0.66,restricted,False,medium,0,none,0.333,0.2,25.0,24.13,34.0,5.54,3.0,1,0,1,0,6.0,0.0,1.63,False,4,False,0.75,0.7,0.111,stable,0.104,1
PM-SYN-013,2026-08-19T08:57:00+08:00,15m,24,25,normal_update,fresh,high,rain,0.66,restricted,False,medium,0,none,0.333,0.2,26.67,23.6,34.0,5.54,-10.0,1,0,1,0,6.0,0.0,1.67,False,6,False,0.75,0.7,0.104,stable,0.076,1
PM-SYN-013,2026-08-19T08:59:00+08:00,15m,32,25,normal_update,stale,high,rain,0.66,restricted,False,medium,7,minor,0.333,0.4,26.0,24.53,32.0,5.81,10.0,1,0,1,0,6.0,0.284,1.7,False,8,False,0.75,0.7,0.076,increasing,0.081,1
PM-SYN-013,2026-08-19T09:01:00+08:00,15m,27,25,harsh_brake,fresh,high,rain,0.66,restricted,False,medium,2,minor,0.667,0.6,27.67,24.47,32.0,4.58,3.0,2,0,2,0,8.0,0.159,1.73,False,10,False,0.75,0.7,0.081,increasing,0.175,1
PM-SYN-013,2026-08-19T09:03:00+08:00,15m,22,25,normal_update,fresh,high,rain,0.66,restricted,False,medium,0,none,0.667,0.4,27.0,24.73,32.0,3.77,-10.0,2,0,2,0,8.0,0.0,1.77,False,12,False,0.75,0.7,0.175,stable,0.086,1
PM-SYN-013,2026-08-19T09:05:00+08:00,15m,22,25,normal_update,fresh,high,rain,0.66,restricted,False,medium,0,none,0.333,0.4,23.67,24.73,27.0,3.77,-5.0,1,0,1,0,8.0,0.0,1.8,False,14,False,0.75,0.7,0.086,stable,0.077,0
PM-SYN-013,2026-08-19T09:07:00+08:00,15m,26,25,normal_update,fresh,high,rain,0.66,restricted,False,medium,1,minor,0.333,0.6,23.33,25.2,26.0,3.71,4.0,1,0,1,0,8.0,0.043,1.83,False,16,False,0.75,0.7,0.077,increasing,0.089,0
PM-SYN-013,2026-08-19T09:09:00+08:00,15m,22,25,normal_update,fresh,high,rain,0.66,restricted,False,medium,0,none,0.333,0.4,23.33,25.47,26.0,2.23,0.0,1,0,1,0,8.0,0.0,1.87,False,18,False,0.75,0.7,0.089,stable,0.053,1
PM-SYN-013,2026-08-19T09:11:00+08:00,15m,32,25,speeding,fresh,high,rain,0.66,restricted,False,medium,7,minor,0.667,0.4,26.67,25.53,32.0,3.92,6.0,0,0,0,0,8.0,0.227,1.9,False,0,True,0.75,0.7,0.053,increasing,0.086,1
PM-SYN-013,2026-08-19T09:13:00+08:00,15m,23,25,normal_update,fresh,high,rain,0.66,restricted,False,medium,0,none,0.333,0.4,25.67,25.33,32.0,3.79,1.0,0,0,0,0,6.0,0.0,1.93,False,2,True,0.75,0.7,0.086,decreasing,0.08,0
PM-SYN-013,2026-08-19T09:15:00+08:00,15m,20,25,normal_update,fresh,high,rain,0.66,restricted,False,medium,0,none,0.333,0.4,25.0,24.47,32.0,4.18,-12.0,0,0,0,0,6.0,0.0,1.97,False,4,True,0.75,0.7,0.08,decreasing,0.092,0
PM-SYN-013,2026-08-19T09:17:00+08:00,15m,24,25,normal_update,delayed,high,rain,0.66,restricted,False,medium,0,none,0.0,0.2,22.33,24.53,24.0,4.12,1.0,0,0,0,0,6.0,0.0,2.0,False,6,True,0.75,0.7,0.092,decreasing,0.055,0
PM-SYN-013,2026-08-19T09:19:00+08:00,15m,31,25,sharp_turn,fresh,high,rain,0.66,restricted,False,medium,6,minor,0.333,0.4,25.0,25.33,31.0,4.69,11.0,0,1,0,1,8.0,0.265,2.03,False,8,True,0.75,0.7,0.055,increasing,0.179,0
PM-SYN-013,2026-08-19T09:21:00+08:00,15m,22,25,normal_update,fresh,high,rain,0.66,restricted,False,medium,0,none,0.333,0.2,25.67,25.53,31.0,3.74,-2.0,0,1,0,1,8.0,0.0,2.07,False,10,True,0.75,0.7,0.179,decreasing,0.105,0
PM-SYN-013,2026-08-19T09:23:00+08:00,15m,28,25,harsh_brake,fresh,high,rain,0.66,restricted,False,medium,3,minor,0.667,0.4,27.0,25.13,31.0,4.0,-3.0,1,1,1,1,10.0,0.175,2.1,False,12,True,0.75,0.7,0.105,increasing,0.189,0
PM-SYN-013,2026-08-19T09:25:00+08:00,15m,18,25,normal_update,fresh,high,rain,0.66,restricted,False,medium,0,none,0.333,0.4,22.67,24.87,28.0,4.54,-4.0,1,1,1,1,8.0,0.0,2.13,False,14,False,0.75,0.7,0.189,stable,0.154,0
PM-SYN-013,2026-08-19T09:27:00+08:00,15m,25,25,harsh_brake,fresh,high,rain,0.66,restricted,False,medium,0,none,0.333,0.4,23.67,24.93,28.0,4.53,-3.0,2,1,2,1,10.0,0.086,2.17,False,16,False,0.75,0.7,0.154,increasing,0.12,0
PM-SYN-013,2026-08-19T09:29:00+08:00,15m,23,25,normal_update,fresh,high,rain,0.66,restricted,False,medium,0,none,0.0,0.2,22.0,24.33,25.0,3.31,5.0,2,0,2,0,10.0,0.04,2.2,False,18,False,0.75,0.7,0.12,stable,0.106,0
PM-SYN-013,2026-08-19T09:31:00+08:00,15m,36,25,normal_update,fresh,high,rain,0.66,restricted,False,medium,11,moderate,0.333,0.4,28.0,24.93,36.0,5.97,11.0,2,0,2,0,8.0,0.494,2.23,False,20,False,0.75,0.7,0.106,increasing,0.168,0
PM-SYN-013,2026-08-19T09:33:00+08:00,15m,32,25,speeding,fresh,high,rain,0.66,restricted,False,medium,7,minor,0.667,0.4,30.33,25.6,36.0,6.43,9.0,1,0,1,0,10.0,0.192,2.27,False,22,False,0.75,0.7,0.168,increasing,0.185,0
PM-SYN-013,2026-08-19T09:35:00+08:00,15m,23,25,normal_update,fresh,high,rain,0.66,restricted,False,medium,0,none,0.667,0.4,30.33,25.67,36.0,5.27,-13.0,1,0,1,0,10.0,0.0,2.3,False,24,False,0.75,0.7,0.185,decreasing,0.085,0
PM-SYN-013,2026-08-19T09:37:00+08:00,15m,32,25,normal_update,delayed,high,rain,0.66,restricted,False,medium,7,minor,0.667,0.6,29.0,26.07,32.0,5.27,0.0,0,0,0,0,10.0,0.195,2.33,False,26,False,0.75,0.7,0.085,increasing,0.189,0
PM-SYN-013,2026-08-19T09:39:00+08:00,15m,22,25,normal_update,delayed,high,rain,0.66,restricted,False,medium,0,none,0.333,0.6,25.67,26.07,32.0,5.51,-1.0,0,0,0,0,10.0,0.0,2.37,False,28,False,0.75,0.7,0.189,decreasing,0.087,0
PM-SYN-014,2026-08-19T09:17:00+08:00,15m,35,40,normal_update,fresh,high,rain,0.72,caution,False,medium,0,none,0.0,0.4,36.33,38.33,38.0,4.41,-3.0,0,0,0,0,2.0,0.0,0.5,False,999.0,False,0.75,0.35,0.204,decreasing,0.067,0
PM-SYN-014,2026-08-19T09:19:00+08:00,15m,37,40,normal_update,delayed,high,rain,0.72,caution,False,medium,0,none,0.0,0.2,36.0,38.47,37.0,2.42,1.0,0,0,0,0,2.0,0.0,0.53,False,999.0,False,0.75,0.35,0.067,decreasing,0.054,0
PM-SYN-014,2026-08-19T09:21:00+08:00,15m,37,40,normal_update,delayed,high,rain,0.72,caution,False,medium,0,none,0.0,0.0,36.33,38.67,37.0,1.02,2.0,0,0,0,0,0.0,0.0,0.57,False,999.0,False,0.75,0.35,0.054,decreasing,0.024,0
PM-SYN-014,2026-08-19T09:23:00+08:00,15m,39,40,normal_update,fresh,high,rain,0.72,caution,False,medium,0,none,0.0,0.0,37.67,38.6,39.0,1.33,2.0,0,0,0,0,0.0,0.0,0.6,False,999.0,False,0.75,0.35,0.024,stable,0.037,0
PM-SYN-014,2026-08-19T09:25:00+08:00,15m,39,40,harsh_brake,fresh,high,rain,0.72,caution,False,medium,0,none,0.0,0.0,38.33,38.13,39.0,1.5,2.0,1,0,1,0,2.0,0.043,0.63,False,999.0,False,0.75,0.35,0.037,increasing,0.039,0
PM-SYN-014,2026-08-19T09:27:00+08:00,15m,38,40,normal_update,fresh,high,rain,0.72,caution,False,medium,0,none,0.0,0.0,38.67,38.47,39.0,0.89,-1.0,1,0,1,0,2.0,0.041,0.67,False,999.0,False,0.75,0.35,0.039,increasing,0.067,0
PM-SYN-014,2026-08-19T09:29:00+08:00,15m,34,40,normal_update,delayed,high,rain,0.72,caution,False,medium,0,none,0.0,0.0,37.0,38.4,39.0,1.85,-5.0,1,0,1,0,2.0,0.013,0.7,False,999.0,False,0.75,0.35,0.067,stable,0.033,0
PM-SYN-014,2026-08-19T09:31:00+08:00,15m,39,40,normal_update,fresh,high,rain,0.72,caution,False,medium,0,none,0.0,0.0,37.0,38.47,39.0,1.94,1.0,1,0,1,0,2.0,0.047,0.73,False,999.0,False,0.75,0.35,0.033,increasing,0.087,0
PM-SYN-014,2026-08-19T09:33:00+08:00,15m,39,40,normal_update,fresh,high,rain,0.72,caution,False,medium,0,none,0.0,0.0,37.33,38.07,39.0,1.94,5.0,1,0,1,0,2.0,0.0,0.77,False,999.0,False,0.75,0.35,0.087,stable,0.032,0
PM-SYN-014,2026-08-19T09:35:00+08:00,15m,46,40,speeding,fresh,high,rain,0.72,caution,False,medium,6,minor,0.333,0.2,41.33,38.67,46.0,3.87,7.0,0,0,0,0,4.0,0.208,0.8,False,999.0,False,0.75,0.35,0.032,increasing,0.102,0
PM-SYN-014,2026-08-19T09:37:00+08:00,15m,38,40,normal_update,delayed,high,rain,0.72,caution,False,medium,0,none,0.333,0.2,41.0,38.93,46.0,3.87,-1.0,0,0,0,0,4.0,0.0,0.83,False,999.0,False,0.75,0.35,0.102,decreasing,0.095,0
PM-SYN-014,2026-08-19T09:39:00+08:00,15m,40,40,normal_update,delayed,high,rain,0.72,caution,False,medium,0,none,0.333,0.2,41.33,38.47,46.0,2.87,-6.0,0,0,0,0,4.0,0.0,0.87,False,999.0,False,0.75,0.35,0.095,decreasing,0.061,0
PM-SYN-014,2026-08-19T09:41:00+08:00,15m,34,40,sharp_turn,fresh,high,rain,0.72,caution,False,medium,0,none,0.0,0.2,37.33,37.93,40.0,3.88,-4.0,0,1,0,1,6.0,0.019,0.9,False,999.0,False,0.75,0.35,0.061,stable,0.083,1
PM-SYN-014,2026-08-19T09:43:00+08:00,15m,40,40,harsh_brake,fresh,high,rain,0.72,caution,False,medium,0,none,0.0,0.2,38.0,38.07,40.0,3.88,0.0,1,1,1,1,8.0,0.077,0.93,False,0,False,0.75,0.35,0.083,increasing,0.067,1
PM-SYN-014,2026-08-19T09:45:00+08:00,15m,37,40,normal_update,fresh,high,rain,0.72,caution,False,medium,0,none,0.0,0.0,37.0,38.13,40.0,2.23,3.0,1,1,1,1,8.0,0.093,0.97,False,2,False,0.75,0.35,0.067,increasing,0.047,1
PM-SYN-014,2026-08-19T09:47:00+08:00,15m,35,40,normal_update,fresh,high,rain,0.72,caution,False,medium,0,none,0.0,0.0,37.33,38.13,40.0,2.48,-5.0,1,1,1,1,8.0,0.113,1.0,False,4,False,0.75,0.35,0.047,increasing,0.059,0
PM-SYN-014,2026-08-19T09:49:00+08:00,15m,34,40,normal_update,fresh,high,rain,0.72,caution,False,medium,0,none,0.0,0.0,35.33,37.93,37.0,2.28,-3.0,1,1,1,1,8.0,0.101,1.03,False,6,False,0.75,0.35,0.059,increasing,0.062,0
PM-SYN-014,2026-08-19T09:51:00+08:00,15m,35,40,normal_update,fresh,high,rain,0.72,caution,False,medium,0,none,0.0,0.0,34.67,37.8,35.0,2.14,0.0,1,0,1,0,8.0,0.018,1.07,False,8,False,0.75,0.35,0.062,stable,0.042,0
PM-SYN-014,2026-08-19T09:53:00+08:00,15m,41,40,normal_update,fresh,high,rain,0.72,caution,False,medium,1,minor,0.333,0.2,36.67,37.93,41.0,2.5,7.0,0,0,0,0,8.0,0.0,1.1,False,10,False,0.75,0.35,0.042,stable,0.029,0
PM-SYN-014,2026-08-19T09:55:00+08:00,15m,34,40,normal_update,fresh,high,rain,0.72,caution,False,medium,0,none,0.333,0.2,36.67,37.6,41.0,2.64,-1.0,0,0,0,0,6.0,0.0,1.13,False,12,False,0.75,0.35,0.029,stable,0.029,0
PM-SYN-014,2026-08-19T09:57:00+08:00,15m,33,40,normal_update,fresh,high,rain,0.72,caution,False,medium,0,none,0.333,0.2,36.0,37.27,41.0,2.87,-8.0,0,0,0,0,6.0,0.0,1.17,False,14,False,0.75,0.35,0.029,stable,0.036,0
PM-SYN-014,2026-08-19T09:59:00+08:00,15m,36,40,normal_update,fresh,high,rain,0.72,caution,False,medium,0,none,0.0,0.2,34.33,37.4,36.0,2.79,2.0,0,0,0,0,6.0,0.0,1.2,False,16,False,0.75,0.35,0.036,stable,0.048,1
PM-SYN-014,2026-08-19T10:01:00+08:00,15m,41,40,normal_update,fresh,high,rain,0.72,caution,False,medium,1,minor,0.333,0.4,36.67,37.53,41.0,3.41,8.0,0,0,0,0,6.0,0.0,1.23,False,0,True,0.75,0.35,0.048,stable,0.162,1
PM-SYN-014,2026-08-19T10:03:00+08:00,15m,37,40,normal_update,fresh,high,rain,0.72,caution,False,medium,0,none,0.333,0.2,38.0,37.4,41.0,2.79,1.0,0,0,0,0,6.0,0.0,1.27,False,2,True,0.75,0.35,0.162,decreasing,0.057,1
PM-SYN-014,2026-08-19T10:05:00+08:00,15m,39,40,normal_update,delayed,high,rain,0.72,caution,False,medium,0,none,0.333,0.2,39.0,36.93,41.0,2.71,-2.0,0,0,0,0,4.0,0.0,1.3,False,4,True,0.75,0.35,0.057,decreasing,0.068,1
PM-SYN-014,2026-08-19T10:07:00+08:00,15m,36,40,normal_update,fresh,high,rain,0.72,caution,False,medium,0,none,0.0,0.2,37.33,36.8,39.0,1.94,-1.0,0,0,0,0,4.0,0.0,1.33,False,6,True,0.75,0.35,0.068,decreasing,0.041,1
PM-SYN-014,2026-08-19T10:09:00+08:00,15m,40,40,normal_update,fresh,high,rain,0.72,caution,False,medium,0,none,0.0,0.2,38.33,36.8,40.0,1.85,1.0,0,0,0,0,4.0,0.0,1.37,False,8,True,0.75,0.35,0.041,decreasing,0.064,0
PM-SYN-014,2026-08-19T10:11:00+08:00,15m,34,40,normal_update,fresh,high,rain,0.72,caution,False,medium,0,none,0.0,0.0,36.67,36.8,40.0,2.14,-2.0,0,0,0,0,2.0,0.0,1.4,False,10,True,0.75,0.35,0.064,decreasing,0.098,1
PM-SYN-014,2026-08-19T10:13:00+08:00,15m,37,40,normal_update,stale,high,rain,0.72,caution,False,medium,0,none,0.0,0.0,37.0,36.6,40.0,2.14,-3.0,0,0,0,0,0.0,0.0,1.43,False,0,False,0.75,0.35,0.098,decreasing,0.044,1
PM-SYN-014,2026-08-19T10:15:00+08:00,15m,40,40,normal_update,fresh,high,rain,0.72,caution,False,medium,0,none,0.0,0.0,37.0,36.8,40.0,2.33,6.0,0,0,0,0,0.0,0.0,1.47,False,2,False,0.75,0.35,0.044,decreasing,0.056,1
PM-SYN-014,2026-08-19T10:17:00+08:00,15m,39,40,harsh_brake,fresh,high,rain,0.72,caution,False,medium,0,none,0.0,0.0,38.67,37.07,40.0,2.28,2.0,1,0,1,0,2.0,0.024,1.5,False,4,False,0.75,0.35,0.056,stable,0.047,1
PM-SYN-014,2026-08-19T10:19:00+08:00,15m,40,40,normal_update,fresh,high,rain,0.72,caution,False,medium,0,none,0.0,0.0,39.67,37.47,40.0,2.28,0.0,1,0,1,0,2.0,0.033,1.53,False,6,False,0.75,0.35,0.047,stable,0.065,1
PM-SYN-014,2026-08-19T10:21:00+08:00,15m,34,40,normal_update,fresh,high,rain,0.72,caution,False,medium,0,none,0.0,0.0,37.67,37.4,40.0,2.28,-5.0,1,0,1,0,2.0,0.015,1.57,False,8,False,0.75,0.35,0.065,stable,0.029,1
PM-SYN-014,2026-08-19T10:23:00+08:00,15m,33,40,normal_update,fresh,high,rain,0.72,caution,False,medium,0,none,0.0,0.0,35.67,36.87,40.0,3.06,-7.0,1,0,1,0,2.0,0.051,1.6,False,10,False,0.75,0.35,0.029,increasing,0.085,0
PM-SYN-014,2026-08-19T10:25:00+08:00,15m,37,40,normal_update,fresh,high,rain,0.72,caution,False,medium,0,none,0.0,0.0,34.67,37.07,37.0,2.73,3.0,1,0,1,0,2.0,0.0,1.63,False,12,False,0.75,0.35,0.085,stable,0.091,0
PM-SYN-014,2026-08-19T10:27:00+08:00,15m,38,40,normal_update,delayed,high,rain,0.72,caution,False,medium,0,none,0.0,0.0,36.0,37.4,38.0,2.58,5.0,0,0,0,0,2.0,0.0,1.67,False,14,False,0.75,0.35,0.091,decreasing,0.055,0
PM-SYN-014,2026-08-19T10:29:00+08:00,15m,36,40,normal_update,fresh,high,rain,0.72,caution,False,medium,0,none,0.0,0.0,37.0,37.4,38.0,1.85,-1.0,0,0,0,0,2.0,0.0,1.7,False,16,False,0.75,0.35,0.055,decreasing,0.035,0
PM-SYN-014,2026-08-19T10:31:00+08:00,15m,42,40,normal_update,fresh,high,rain,0.72,caution,False,medium,2,minor,0.333,0.2,38.67,37.47,42.0,2.93,4.0,0,0,0,0,2.0,0.045,1.73,False,18,False,0.75,0.35,0.035,increasing,0.051,0
PM-SYN-014,2026-08-19T10:33:00+08:00,15m,41,40,normal_update,fresh,high,rain,0.72,caution,False,medium,1,minor,0.667,0.4,39.67,37.73,42.0,2.32,5.0,0,0,0,0,2.0,0.0,1.77,False,20,False,0.75,0.35,0.051,stable,0.075,0
PM-SYN-014,2026-08-19T10:35:00+08:00,15m,41,40,harsh_brake,fresh,high,rain,0.72,caution,False,medium,1,minor,1.0,0.6,41.33,37.87,42.0,2.24,-1.0,1,0,1,0,4.0,0.045,1.8,False,22,False,0.75,0.35,0.075,increasing,0.08,0
PM-SYN-014,2026-08-19T10:37:00+08:00,15m,43,40,sharp_turn,fresh,high,rain,0.72,caution,False,medium,3,minor,1.0,0.8,41.67,38.33,43.0,2.42,2.0,1,1,1,1,6.0,0.2,1.83,False,24,False,0.75,0.35,0.08,increasing,0.134,0
PM-SYN-014,2026-08-19T10:39:00+08:00,15m,39,40,normal_update,fresh,high,rain,0.72,caution,False,medium,0,none,0.667,0.8,41.0,38.27,43.0,1.33,-2.0,1,1,1,1,6.0,0.026,1.87,False,26,False,0.75,0.35,0.134,stable,0.179,0
PM-SYN-014,2026-08-19T10:41:00+08:00,15m,36,40,normal_update,fresh,high,rain,0.72,caution,False,medium,0,none,0.333,0.6,39.33,38.4,43.0,2.37,-7.0,1,1,1,1,6.0,0.0,1.9,False,28,False,0.75,0.35,0.179,stable,0.112,0
PM-SYN-014,2026-08-19T10:43:00+08:00,15m,46,40,speeding,fresh,high,rain,0.72,caution,False,medium,6,minor,0.333,0.6,40.33,39.0,46.0,3.41,7.0,1,1,1,1,8.0,0.288,1.93,False,30,False,0.75,0.35,0.112,increasing,0.169,0
PM-SYN-014,2026-08-19T10:45:00+08:00,15m,40,40,normal_update,delayed,high,rain,0.72,caution,False,medium,0,none,0.333,0.4,40.67,39.0,46.0,3.43,4.0,0,1,0,1,8.0,0.0,1.97,False,32,False,0.75,0.35,0.169,decreasing,0.046,0
PM-SYN-014,2026-08-19T10:47:00+08:00,15m,48,40,normal_update,fresh,high,rain,0.72,caution,False,medium,8,minor,0.667,0.4,44.67,39.6,48.0,4.49,2.0,0,0,0,0,6.0,0.274,2.0,False,34,False,0.75,0.35,0.046,increasing,0.112,0
PM-SYN-014,2026-08-19T10:49:00+08:00,15m,37,40,normal_update,stale,high,rain,0.72,caution,False,medium,0,none,0.333,0.4,41.67,39.4,48.0,4.8,-3.0,0,0,0,0,6.0,0.0,2.03,False,36,False,0.75,0.35,0.112,decreasing,0.056,0
PM-SYN-014,2026-08-19T10:51:00+08:00,15m,41,40,normal_update,delayed,high,rain,0.72,caution,False,medium,1,minor,0.667,0.6,42.0,39.87,48.0,4.03,-7.0,0,0,0,0,6.0,0.0,2.07,False,38,False,0.75,0.35,0.056,stable,0.123,0
PM-SYN-014,2026-08-19T10:53:00+08:00,15m,35,40,stale_gps,stale,high,rain,0.72,caution,False,medium,0,none,0.333,0.4,37.67,40.0,41.0,4.45,-2.0,0,0,0,0,8.0,0.0,2.1,False,40,False,0.75,0.35,0.123,decreasing,0.047,0
PM-SYN-014,2026-08-19T10:55:00+08:00,15m,41,40,normal_update,delayed,high,rain,0.72,caution,False,medium,1,minor,0.667,0.6,39.0,40.27,41.0,4.45,0.0,0,0,0,0,8.0,0.0,2.13,False,42,False,0.75,0.35,0.047,stable,0.066,0
PM-SYN-014,2026-08-19T10:57:00+08:00,15m,41,40,normal_update,fresh,high,rain,0.72,caution,False,medium,1,minor,0.667,0.6,39.0,40.47,41.0,2.53,6.0,0,0,0,0,8.0,0.0,2.17,False,44,False,0.75,0.35,0.066,stable,0.127,0
PM-SYN-014,2026-08-19T10:59:00+08:00,15m,45,40,normal_update,fresh,high,rain,0.72,caution,False,medium,5,minor,1.0,0.8,42.33,41.07,45.0,3.2,4.0,0,0,0,0,8.0,0.073,2.2,False,46,False,0.75,0.35,0.127,increasing,0.186,0
PM-SYN-014,2026-08-19T11:01:00+08:00,15m,39,40,normal_update,fresh,high,rain,0.72,caution,False,medium,0,none,0.667,0.6,41.67,40.87,45.0,3.25,-2.0,0,0,0,0,8.0,0.0,2.23,False,48,False,0.75,0.35,0.186,decreasing,0.113,0
PM-SYN-014,2026-08-19T11:03:00+08:00,15m,46,40,speeding,fresh,high,rain,0.72,caution,False,medium,6,minor,0.667,0.8,43.33,41.2,46.0,2.65,1.0,0,0,0,0,10.0,0.127,2.27,False,50,False,0.75,0.35,0.113,increasing,0.124,0
PM-SYN-014,2026-08-19T11:05:00+08:00,15m,35,40,normal_update,delayed,high,rain,0.72,caution,False,medium,0,none,0.333,0.6,40.0,40.8,46.0,4.02,-4.0,0,0,0,0,8.0,0.0,2.3,False,52,False,0.75,0.35,0.124,decreasing,0.106,0
PM-SYN-014,2026-08-19T11:07:00+08:00,15m,39,40,normal_update,fresh,high,rain,0.72,caution,False,medium,0,none,0.333,0.4,40.0,40.53,46.0,4.12,-7.0,0,0,0,0,6.0,0.0,2.33,False,54,False,0.75,0.35,0.106,decreasing,0.049,0
PM-SYN-014,2026-08-19T11:09:00+08:00,15m,40,40,sharp_turn,delayed,high,rain,0.72,caution,False,medium,0,none,0.0,0.2,38.0,40.6,40.0,3.54,5.0,0,1,0,1,8.0,0.031,2.37,False,56,False,0.75,0.35,0.049,stable,0.055,0
PM-SYN-015,2026-08-19T09:30:00+08:00,15m,16,15,normal_update,fresh,high,rain,0.72,caution,False,medium,1,minor,0.333,0.6,12.67,13.8,16.0,3.49,4.0,1,0,1,0,6.0,0.0,0.5,False,999.0,False,0.75,0.35,0.222,decreasing,0.114,0
PM-SYN-015,2026-08-19T09:32:00+08:00,15m,16,15,normal_update,delayed,high,rain,0.72,caution,False,medium,1,minor,0.667,0.6,14.0,14.13,16.0,3.49,6.0,1,0,1,0,4.0,0.006,0.53,False,999.0,False,0.75,0.35,0.114,stable,0.077,0
PM-SYN-015,2026-08-19T09:34:00+08:00,15m,19,15,normal_update,fresh,high,rain,0.72,caution,False,medium,4,minor,1.0,0.6,17.0,14.6,19.0,3.2,3.0,0,0,0,0,4.0,0.083,0.57,False,999.0,False,0.75,0.35,0.077,increasing,0.051,0
PM-SYN-015,2026-08-19T09:36:00+08:00,15m,23,15,speeding,fresh,high,rain,0.72,caution,False,medium,8,minor,1.0,0.8,19.33,15.47,23.0,4.26,7.0,0,0,0,0,6.0,0.269,0.6,False,999.0,False,0.75,0.35,0.051,increasing,0.211,0
PM-SYN-015,2026-08-19T09:38:00+08:00,15m,13,15,normal_update,fresh,high,rain,0.72,caution,False,medium,0,none,0.667,0.8,18.33,15.07,23.0,3.38,-6.0,0,0,0,0,6.0,0.0,0.63,False,999.0,False,0.75,0.35,0.211,decreasing,0.185,0
PM-SYN-015,2026-08-19T09:40:00+08:00,15m,11,15,normal_update,fresh,high,rain,0.72,caution,False,medium,0,none,0.333,0.6,15.67,14.93,23.0,4.27,-12.0,0,0,0,0,6.0,0.0,0.67,False,999.0,False,0.75,0.35,0.185,decreasing,0.13,0
PM-SYN-015,2026-08-19T09:42:00+08:00,15m,9,15,normal_update,fresh,high,rain,0.72,caution,False,medium,0,none,0.0,0.4,11.0,14.27,13.0,5.22,-4.0,0,0,0,0,4.0,0.0,0.7,False,999.0,False,0.75,0.35,0.13,decreasing,0.054,0
PM-SYN-015,2026-08-19T09:44:00+08:00,15m,18,15,normal_update,fresh,high,rain,0.72,caution,False,medium,3,minor,0.333,0.4,12.67,14.47,18.0,5.08,7.0,0,0,0,0,4.0,0.066,0.73,False,999.0,False,0.75,0.35,0.054,increasing,0.045,0
PM-SYN-015,2026-08-19T09:46:00+08:00,15m,15,15,normal_update,delayed,high,rain,0.72,caution,False,medium,0,none,0.333,0.2,14.0,14.87,18.0,3.12,6.0,0,0,0,0,4.0,0.0,0.77,False,999.0,False,0.75,0.35,0.045,decreasing,0.034,0
PM-SYN-015,2026-08-19T09:48:00+08:00,15m,9,15,normal_update,fresh,high,rain,0.72,caution,False,medium,0,none,0.333,0.2,14.0,14.73,18.0,3.56,-9.0,0,0,0,0,4.0,0.0,0.8,False,999.0,False,0.75,0.35,0.034,stable,0.057,0
PM-SYN-015,2026-08-19T09:50:00+08:00,15m,13,15,normal_update,fresh,high,rain,0.72,caution,False,medium,0,none,0.0,0.2,12.33,14.67,15.0,3.49,-2.0,0,0,0,0,4.0,0.0,0.83,False,999.0,False,0.75,0.35,0.057,decreasing,0.032,0
PM-SYN-015,2026-08-19T09:52:00+08:00,15m,12,15,normal_update,fresh,high,rain,0.72,caution,False,medium,0,none,0.0,0.2,11.33,14.4,13.0,3.01,3.0,0,0,0,0,4.0,0.0,0.87,False,999.0,False,0.75,0.35,0.032,stable,0.076,0
PM-SYN-015,2026-08-19T09:54:00+08:00,15m,13,15,sharp_turn,fresh,high,rain,0.72,caution,False,medium,0,none,0.0,0.0,12.67,13.93,13.0,1.96,0.0,0,1,0,1,4.0,0.004,0.9,False,999.0,False,0.75,0.35,0.076,stable,0.04,0
PM-SYN-015,2026-08-19T09:56:00+08:00,15m,16,15,normal_update,fresh,high,rain,0.72,caution,False,medium,1,minor,0.333,0.2,13.67,14.2,16.0,2.24,4.0,0,1,0,1,4.0,0.08,0.93,False,999.0,False,0.75,0.35,0.04,increasing,0.065,0
PM-SYN-015,2026-08-19T09:58:00+08:00,15m,16,15,normal_update,fresh,high,rain,0.72,caution,False,medium,1,minor,0.667,0.4,15.0,14.6,16.0,1.67,3.0,0,1,0,1,4.0,0.055,0.97,False,999.0,False,0.75,0.35,0.065,increasing,0.047,0
PM-SYN-015,2026-08-19T10:00:00+08:00,15m,13,15,normal_update,fresh,high,rain,0.72,caution,False,medium,0,none,0.667,0.4,15.0,14.4,16.0,1.67,-3.0,0,1,0,1,4.0,0.033,1.0,False,999.0,False,0.75,0.35,0.047,stable,0.067,0
PM-SYN-015,2026-08-19T10:02:00+08:00,15m,23,15,normal_update,delayed,high,rain,0.72,caution,False,medium,8,minor,0.667,0.6,17.33,14.87,23.0,3.66,7.0,0,1,0,1,4.0,0.333,1.03,False,999.0,False,0.75,0.35,0.067,increasing,0.213,0
PM-SYN-015,2026-08-19T10:04:00+08:00,15m,9,15,normal_update,fresh,high,rain,0.72,caution,False,medium,0,none,0.333,0.6,15.0,14.2,23.0,4.59,-4.0,0,0,0,0,4.0,0.0,1.07,False,999.0,False,0.75,0.35,0.213,decreasing,0.052,0
PM-SYN-015,2026-08-19T10:06:00+08:00,15m,7,15,normal_update,stale,high,rain,0.72,caution,False,medium,0,none,0.333,0.4,13.0,13.13,23.0,5.64,-16.0,0,0,0,0,2.0,0.0,1.1,False,999.0,False,0.75,0.35,0.052,decreasing,0.072,0
PM-SYN-015,2026-08-19T10:08:00+08:00,15m,11,15,sharp_turn,fresh,high,rain,0.72,caution,False,medium,0,none,0.0,0.2,9.0,13.0,11.0,5.57,2.0,0,1,0,1,4.0,0.008,1.13,False,999.0,False,0.75,0.35,0.072,stable,0.067,0
PM-SYN-015,2026-08-19T10:10:00+08:00,15m,20,15,normal_update,fresh,high,rain,0.72,caution,False,medium,5,minor,0.333,0.4,12.67,13.6,20.0,6.32,13.0,0,1,0,1,4.0,0.213,1.17,False,999.0,False,0.75,0.35,0.067,increasing,0.112,0
PM-SYN-015,2026-08-19T10:12:00+08:00,15m,13,15,stale_gps,stale,high,rain,0.72,caution,False,medium,0,none,0.333,0.2,14.67,13.87,20.0,4.47,2.0,0,1,0,1,6.0,0.0,1.2,False,999.0,False,0.75,0.35,0.112,stable,0.044,0
PM-SYN-015,2026-08-19T10:14:00+08:00,15m,16,15,normal_update,fresh,high,rain,0.72,caution,False,medium,1,minor,0.667,0.4,16.33,13.73,20.0,4.41,-4.0,0,1,0,1,6.0,0.076,1.23,False,999.0,False,0.75,0.35,0.044,increasing,0.065,0
PM-SYN-015,2026-08-19T10:16:00+08:00,15m,12,15,normal_update,fresh,high,rain,0.72,caution,False,medium,0,none,0.333,0.4,13.67,13.53,16.0,3.26,-1.0,0,1,0,1,6.0,0.015,1.27,False,999.0,False,0.75,0.35,0.065,stable,0.133,0
PM-SYN-015,2026-08-19T10:18:00+08:00,15m,13,15,normal_update,fresh,high,rain,0.72,caution,False,medium,0,none,0.333,0.4,13.67,13.8,16.0,2.93,-3.0,0,0,0,0,6.0,0.0,1.3,False,999.0,False,0.75,0.35,0.133,decreasing,0.086,0
PM-SYN-015,2026-08-19T10:20:00+08:00,15m,25,15,speeding,fresh,high,rain,0.72,caution,False,medium,10,minor,0.333,0.4,16.67,14.6,25.0,4.79,13.0,0,0,0,0,8.0,0.314,1.33,False,999.0,False,0.75,0.35,0.086,increasing,0.056,0
PM-SYN-015,2026-08-19T10:22:00+08:00,15m,13,15,normal_update,fresh,high,rain,0.72,caution,False,medium,0,none,0.333,0.4,17.0,14.67,25.0,4.79,0.0,0,0,0,0,8.0,0.0,1.37,False,999.0,False,0.75,0.35,0.056,decreasing,0.049,0
PM-SYN-015,2026-08-19T10:24:00+08:00,15m,14,15,normal_update,fresh,high,rain,0.72,caution,False,medium,0,none,0.333,0.2,17.33,14.73,25.0,4.84,-11.0,0,0,0,0,6.0,0.0,1.4,False,999.0,False,0.75,0.35,0.049,decreasing,0.048,0
PM-SYN-015,2026-08-19T10:26:00+08:00,15m,24,15,normal_update,fresh,high,rain,0.72,caution,False,medium,9,minor,0.333,0.4,17.0,15.27,24.0,5.49,11.0,0,0,0,0,6.0,0.312,1.43,False,999.0,False,0.75,0.35,0.048,increasing,0.088,0
PM-SYN-015,2026-08-19T10:28:00+08:00,15m,25,15,speeding,fresh,high,rain,0.72,caution,False,medium,10,minor,0.667,0.6,21.0,15.87,25.0,5.49,11.0,0,0,0,0,8.0,0.312,1.47,False,999.0,False,0.75,0.35,0.088,increasing,0.15,0
PM-SYN-015,2026-08-19T10:30:00+08:00,15m,14,15,normal_update,delayed,high,rain,0.72,caution,False,medium,0,none,0.667,0.4,21.0,15.93,25.0,5.33,-10.0,0,0,0,0,8.0,0.0,1.5,False,999.0,False,0.75,0.35,0.15,decreasing,0.104,0
PM-SYN-015,2026-08-19T10:32:00+08:00,15m,10,15,normal_update,fresh,high,rain,0.72,caution,False,medium,0,none,0.333,0.4,16.33,15.07,25.0,5.99,-15.0,0,0,0,0,8.0,0.0,1.53,False,999.0,False,0.75,0.35,0.104,decreasing,0.084,1
PM-SYN-015,2026-08-19T10:34:00+08:00,15m,18,15,normal_update,fresh,high,rain,0.72,caution,False,medium,3,minor,0.333,0.6,14.0,15.67,18.0,5.74,4.0,0,0,0,0,8.0,0.036,1.57,False,0,True,0.75,0.35,0.084,stable,0.089,1
PM-SYN-015,2026-08-19T10:36:00+08:00,15m,13,15,normal_update,fresh,high,rain,0.72,caution,False,medium,0,none,0.333,0.4,13.67,16.07,18.0,5.18,3.0,0,0,0,0,8.0,0.0,1.6,False,2,True,0.75,0.35,0.089,decreasing,0.107,1
PM-SYN-015,2026-08-19T10:38:00+08:00,15m,7,15,harsh_brake,fresh,high,rain,0.72,caution,False,medium,0,none,0.333,0.2,12.67,15.8,18.0,3.72,-11.0,1,0,1,0,8.0,0.0,1.63,False,4,True,0.75,0.35,0.107,stable,0.182,1
PM-SYN-015,2026-08-19T10:40:00+08:00,15m,18,15,normal_update,fresh,high,rain,0.72,caution,False,medium,3,minor,0.333,0.4,12.67,15.67,18.0,4.35,5.0,1,0,1,0,8.0,0.018,1.67,False,6,True,0.75,0.35,0.182,stable,0.1,1
PM-SYN-015,2026-08-19T10:42:00+08:00,15m,19,15,normal_update,fresh,high,rain,0.72,caution,False,medium,4,minor,0.667,0.6,14.67,16.07,19.0,4.52,12.0,1,0,1,0,6.0,0.14,1.7,False,8,True,0.75,0.35,0.1,increasing,0.226,0
PM-SYN-015,2026-08-19T10:44:00+08:00,15m,18,15,normal_update,fresh,high,rain,0.72,caution,False,medium,3,minor,1.0,0.6,18.33,16.2,19.0,4.52,0.0,1,0,1,0,6.0,0.0,1.73,False,10,True,0.75,0.35,0.226,stable,0.155,0
PM-SYN-015,2026-08-19T10:46:00+08:00,15m,8,15,normal_update,fresh,high,rain,0.72,caution,False,medium,0,none,0.667,0.6,15.0,15.93,19.0,5.33,-11.0,1,0,1,0,6.0,0.0,1.77,False,12,True,0.75,0.35,0.155,decreasing,0.114,0
PM-SYN-015,2026-08-19T10:48:00+08:00,15m,13,15,normal_update,fresh,high,rain,0.72,caution,False,medium,0,none,0.333,0.6,13.0,15.93,18.0,4.17,-5.0,0,0,0,0,6.0,0.0,1.8,False,14,False,0.75,0.35,0.114,decreasing,0.076,0
PM-SYN-015,2026-08-19T10:50:00+08:00,15m,10,15,normal_update,fresh,high,rain,0.72,caution,False,medium,0,none,0.0,0.4,10.33,14.93,13.0,4.32,2.0,0,0,0,0,4.0,0.0,1.83,False,16,False,0.75,0.35,0.076,decreasing,0.048,0
PM-SYN-015,2026-08-19T10:52:00+08:00,15m,24,15,normal_update,fresh,high,rain,0.72,caution,False,medium,9,minor,0.333,0.4,15.67,15.67,24.0,5.78,11.0,0,0,0,0,4.0,0.312,1.87,False,18,False,0.75,0.35,0.048,increasing,0.052,0
PM-SYN-015,2026-08-19T10:54:00+08:00,15m,13,15,normal_update,delayed,high,rain,0.72,caution,False,medium,0,none,0.333,0.2,15.67,15.6,24.0,5.54,3.0,0,0,0,0,4.0,0.0,1.9,False,20,False,0.75,0.35,0.052,decreasing,0.094,0
PM-SYN-015,2026-08-19T10:56:00+08:00,15m,19,15,sharp_turn,delayed,high,rain,0.72,caution,False,medium,4,minor,0.667,0.4,18.67,15.27,24.0,5.04,-5.0,0,1,0,1,6.0,0.146,1.93,False,22,False,0.75,0.35,0.094,increasing,0.111,0
PM-SYN-015,2026-08-19T10:58:00+08:00,15m,29,15,normal_update,delayed,high,rain,0.72,caution,False,medium,14,moderate,0.667,0.6,20.33,15.53,29.0,6.96,16.0,0,1,0,1,4.0,0.529,1.97,False,24,False,0.75,0.35,0.111,increasing,0.104,0
PM-SYN-015,2026-08-19T11:00:00+08:00,15m,10,15,sharp_turn,fresh,high,rain,0.72,caution,False,medium,0,none,0.667,0.6,19.33,15.27,29.0,6.96,-9.0,0,2,0,2,6.0,0.056,2.0,False,26,False,0.75,0.35,0.104,increasing,0.168,0
PM-SYN-015,2026-08-19T11:02:00+08:00,15m,14,15,normal_update,fresh,high,rain,0.72,caution,False,medium,0,none,0.333,0.4,17.67,15.53,29.0,6.66,-15.0,0,2,0,2,6.0,0.0,2.03,False,28,False,0.75,0.35,0.168,stable,0.176,0
PM-SYN-015,2026-08-19T11:04:00+08:00,15m,9,15,normal_update,fresh,high,rain,0.72,caution,False,medium,0,none,0.0,0.4,11.0,14.93,14.0,7.3,-1.0,0,2,0,2,6.0,0.0,2.07,False,30,False,0.75,0.35,0.176,stable,0.199,0
PM-SYN-015,2026-08-19T11:06:00+08:00,15m,14,15,normal_update,stale,high,rain,0.72,caution,False,medium,0,none,0.0,0.2,12.33,15.0,14.0,7.19,0.0,0,1,0,1,6.0,0.0,2.1,False,32,False,0.75,0.35,0.199,decreasing,0.092,0
PM-SYN-015,2026-08-19T11:08:00+08:00,15m,21,15,normal_update,fresh,high,rain,0.72,caution,False,medium,6,minor,0.333,0.2,14.67,15.93,21.0,4.22,12.0,0,1,0,1,4.0,0.228,2.13,False,34,False,0.75,0.35,0.092,increasing,0.116,0
PM-SYN-015,2026-08-19T11:10:00+08:00,15m,12,15,normal_update,stale,high,rain,0.72,caution,False,medium,0,none,0.333,0.2,15.67,15.53,21.0,3.95,-2.0,0,0,0,0,4.0,0.0,2.17,False,36,False,0.75,0.35,0.116,decreasing,0.077,0
PM-SYN-015,2026-08-19T11:12:00+08:00,15m,13,15,normal_update,fresh,high,rain,0.72,caution,False,medium,0,none,0.333,0.2,15.33,15.13,21.0,3.97,-8.0,0,0,0,0,4.0,0.0,2.2,False,38,False,0.75,0.35,0.077,decreasing,0.039,0
PM-SYN-015,2026-08-19T11:14:00+08:00,15m,10,15,normal_update,fresh,high,rain,0.72,caution,False,medium,0,none,0.0,0.2,11.67,14.6,13.0,3.74,-2.0,0,0,0,0,4.0,0.0,2.23,False,40,False,0.75,0.35,0.039,stable,0.046,0
PM-SYN-015,2026-08-19T11:16:00+08:00,15m,17,15,normal_update,delayed,high,rain,0.72,caution,False,medium,2,minor,0.333,0.4,13.33,15.2,17.0,3.93,4.0,0,0,0,0,4.0,0.034,2.27,False,42,False,0.75,0.35,0.046,stable,0.093,0
PM-SYN-015,2026-08-19T11:18:00+08:00,15m,21,15,speeding,fresh,high,rain,0.72,caution,False,medium,6,minor,0.667,0.4,16.0,15.73,21.0,3.93,11.0,0,0,0,0,6.0,0.147,2.3,False,44,False,0.75,0.35,0.093,increasing,0.045,0
PM-SYN-015,2026-08-19T11:20:00+08:00,15m,25,15,sharp_turn,delayed,high,rain,0.72,caution,False,medium,10,minor,1.0,0.6,21.0,16.73,25.0,5.38,8.0,0,1,0,1,8.0,0.435,2.33,False,46,False,0.75,0.35,0.045,increasing,0.211,0
PM-SYN-015,2026-08-19T11:22:00+08:00,15m,20,15,harsh_brake,fresh,high,rain,0.72,caution,False,medium,5,minor,1.0,0.8,22.0,16.47,25.0,5.0,-1.0,1,1,1,1,10.0,0.149,2.37,False,48,False,0.75,0.35,0.211,increasing,0.263,0
PM-SYN-016,2026-08-19T07:21:00+08:00,15m,22,25,normal_update,fresh,medium,clear,0.78,wharf,False,high,0,none,0.333,0.4,22.67,24.13,28.0,3.61,4.0,0,0,0,0,2.0,0.0,0.5,False,999.0,False,0.25,1.0,0.092,decreasing,0.117,0
PM-SYN-016,2026-08-19T07:23:00+08:00,15m,24,25,normal_update,fresh,medium,clear,0.78,wharf,False,high,0,none,0.333,0.2,24.67,23.33,28.0,3.22,-4.0,0,0,0,0,0.0,0.0,0.53,False,999.0,False,0.25,1.0,0.117,decreasing,0.067,0
PM-SYN-016,2026-08-19T07:25:00+08:00,15m,31,25,normal_update,fresh,medium,clear,0.78,wharf,False,high,6,minor,0.333,0.4,25.67,23.53,31.0,4.54,9.0,0,0,0,0,0.0,0.173,0.57,False,999.0,False,0.25,1.0,0.067,increasing,0.121,0
PM-SYN-016,2026-08-19T07:27:00+08:00,15m,26,25,normal_update,fresh,medium,clear,0.78,wharf,False,high,1,minor,0.667,0.6,27.0,23.53,31.0,3.12,2.0,0,0,0,0,0.0,0.0,0.6,False,999.0,False,0.25,1.0,0.121,decreasing,0.164,1
PM-SYN-016,2026-08-19T07:29:00+08:00,15m,31,25,normal_update,delayed,medium,clear,0.78,wharf,False,high,6,minor,1.0,0.6,29.33,24.27,31.0,3.66,0.0,0,0,0,0,0.0,0.076,0.63,False,0,True,0.25,1.0,0.164,increasing,0.118,1
PM-SYN-016,2026-08-19T07:31:00+08:00,15m,21,25,stale_gps,stale,medium,clear,0.78,wharf,False,high,0,none,0.667,0.6,26.0,24.27,31.0,3.93,-5.0,0,0,0,0,2.0,0.0,0.67,False,2,True,0.25,1.0,0.118,decreasing,0.088,1
PM-SYN-016,2026-08-19T07:33:00+08:00,15m,28,25,normal_update,fresh,medium,clear,0.78,wharf,False,high,3,minor,0.667,0.8,26.67,24.6,31.0,3.72,-3.0,0,0,0,0,2.0,0.032,0.7,False,4,True,0.25,1.0,0.088,stable,0.208,1
PM-SYN-016,2026-08-19T07:35:00+08:00,15m,28,25,normal_update,delayed,medium,clear,0.78,wharf,False,high,3,minor,0.667,0.8,25.67,24.8,28.0,3.31,7.0,0,0,0,0,2.0,0.0,0.73,False,0,True,0.25,1.0,0.208,decreasing,0.24,1
PM-SYN-016,2026-08-19T07:37:00+08:00,15m,25,25,normal_update,stale,medium,clear,0.78,wharf,False,high,0,none,0.667,0.6,27.0,24.87,28.0,3.38,-3.0,0,0,0,0,2.0,0.0,0.77,False,2,True,0.25,1.0,0.24,decreasing,0.139,1
PM-SYN-016,2026-08-19T07:39:00+08:00,15m,26,25,sharp_turn,delayed,medium,clear,0.78,wharf,False,high,1,minor,0.667,0.6,26.33,25.2,28.0,2.58,-2.0,0,1,0,1,4.0,0.0,0.8,False,4,True,0.25,1.0,0.139,stable,0.229,0
PM-SYN-016,2026-08-19T07:41:00+08:00,15m,24,25,normal_update,fresh,medium,clear,0.78,wharf,False,high,0,none,0.333,0.6,25.0,25.47,26.0,1.6,-1.0,0,1,0,1,4.0,0.0,0.83,False,6,True,0.25,1.0,0.229,decreasing,0.18,0
PM-SYN-016,2026-08-19T07:43:00+08:00,15m,22,25,normal_update,fresh,medium,clear,0.78,wharf,False,high,0,none,0.333,0.4,24.0,25.13,26.0,2.0,-4.0,0,1,0,1,4.0,0.0,0.87,False,8,True,0.25,1.0,0.18,decreasing,0.108,1
PM-SYN-016,2026-08-19T07:45:00+08:00,15m,23,25,normal_update,fresh,medium,clear,0.78,wharf,False,high,0,none,0.0,0.2,23.0,25.13,24.0,1.41,-1.0,0,1,0,1,4.0,0.0,0.9,False,0,False,0.25,1.0,0.108,stable,0.051,1
PM-SYN-016,2026-08-19T07:47:00+08:00,15m,17,25,normal_update,delayed,medium,clear,0.78,wharf,False,high,0,none,0.0,0.2,20.67,25.07,23.0,3.01,-5.0,0,1,0,1,4.0,0.029,0.93,False,2,False,0.25,1.0,0.051,stable,0.065,1
PM-SYN-016,2026-08-19T07:49:00+08:00,15m,31,25,speeding,fresh,medium,clear,0.78,wharf,False,high,6,minor,0.333,0.2,23.67,25.27,31.0,4.5,8.0,0,0,0,0,6.0,0.175,0.97,False,4,False,0.25,1.0,0.065,increasing,0.047,1
PM-SYN-016,2026-08-19T07:51:00+08:00,15m,27,25,normal_update,fresh,medium,clear,0.78,wharf,False,high,2,minor,0.667,0.4,25.0,25.6,31.0,4.73,10.0,0,0,0,0,6.0,0.033,1.0,False,6,False,0.25,1.0,0.047,stable,0.099,1
PM-SYN-016,2026-08-19T07:53:00+08:00,15m,30,25,speeding,delayed,medium,clear,0.78,wharf,False,high,5,minor,1.0,0.6,29.33,26.0,31.0,5.12,-1.0,0,0,0,0,8.0,0.101,1.03,False,8,False,0.25,1.0,0.099,increasing,0.072,0
PM-SYN-016,2026-08-19T07:55:00+08:00,15m,27,25,sharp_turn,fresh,medium,clear,0.78,wharf,False,high,2,minor,1.0,0.8,28.0,25.73,30.0,4.96,0.0,0,1,0,1,10.0,0.088,1.07,False,10,False,0.25,1.0,0.072,increasing,0.112,0
PM-SYN-016,2026-08-19T07:57:00+08:00,15m,22,25,normal_update,fresh,medium,clear,0.78,wharf,False,high,0,none,0.667,0.8,26.33,25.47,30.0,3.14,-8.0,0,1,0,1,10.0,0.0,1.1,False,12,False,0.25,1.0,0.112,stable,0.138,0
PM-SYN-016,2026-08-19T07:59:00+08:00,15m,20,25,normal_update,fresh,medium,clear,0.78,wharf,False,high,0,none,0.333,0.6,23.0,24.73,27.0,3.66,-7.0,0,1,0,1,10.0,0.0,1.13,False,14,False,0.25,1.0,0.138,decreasing,0.129,0
PM-SYN-016,2026-08-19T08:01:00+08:00,15m,32,25,normal_update,fresh,medium,clear,0.78,wharf,False,high,7,minor,0.333,0.6,24.67,25.47,32.0,4.58,10.0,0,1,0,1,8.0,0.231,1.17,False,16,False,0.25,1.0,0.129,increasing,0.103,0
PM-SYN-016,2026-08-19T08:03:00+08:00,15m,22,25,normal_update,delayed,medium,clear,0.78,wharf,False,high,0,none,0.333,0.4,24.67,25.07,32.0,4.36,2.0,0,1,0,1,8.0,0.0,1.2,False,18,False,0.25,1.0,0.103,stable,0.126,0
PM-SYN-016,2026-08-19T08:05:00+08:00,15m,24,25,normal_update,fresh,medium,clear,0.78,wharf,False,high,0,none,0.333,0.2,26.0,24.8,32.0,4.2,-8.0,0,0,0,0,8.0,0.0,1.23,False,20,False,0.25,1.0,0.126,decreasing,0.081,0
PM-SYN-016,2026-08-19T08:07:00+08:00,15m,20,25,normal_update,fresh,medium,clear,0.78,wharf,False,high,0,none,0.0,0.2,22.0,24.47,24.0,4.45,-2.0,0,0,0,0,8.0,0.0,1.27,False,22,False,0.25,1.0,0.081,decreasing,0.104,0
PM-SYN-016,2026-08-19T08:09:00+08:00,15m,34,25,speeding,fresh,medium,clear,0.78,wharf,False,high,9,minor,0.333,0.4,26.0,25.0,34.0,5.57,10.0,0,0,0,0,8.0,0.256,1.3,False,24,False,0.25,1.0,0.104,increasing,0.122,0
PM-SYN-016,2026-08-19T08:11:00+08:00,15m,32,25,normal_update,delayed,medium,clear,0.78,wharf,False,high,7,minor,0.667,0.4,28.67,25.53,34.0,5.57,12.0,0,0,0,0,8.0,0.158,1.33,False,26,False,0.25,1.0,0.122,increasing,0.099,0
PM-SYN-016,2026-08-19T08:13:00+08:00,15m,21,25,normal_update,fresh,medium,clear,0.78,wharf,False,high,0,none,0.667,0.4,29.0,25.47,34.0,5.74,-13.0,0,0,0,0,8.0,0.0,1.37,False,28,False,0.25,1.0,0.099,decreasing,0.076,1
PM-SYN-016,2026-08-19T08:15:00+08:00,15m,21,25,normal_update,fresh,medium,clear,0.78,wharf,False,high,0,none,0.333,0.4,24.67,25.33,32.0,6.09,-11.0,0,0,0,0,8.0,0.0,1.4,False,0,False,0.25,1.0,0.076,decreasing,0.149,1
PM-SYN-016,2026-08-19T08:17:00+08:00,15m,19,25,normal_update,delayed,medium,clear,0.78,wharf,False,high,0,none,0.0,0.4,20.33,25.47,21.0,6.28,-2.0,0,0,0,0,8.0,0.0,1.43,False,2,False,0.25,1.0,0.149,decreasing,0.139,1
PM-SYN-016,2026-08-19T08:19:00+08:00,15m,24,25,normal_update,delayed,medium,clear,0.78,wharf,False,high,0,none,0.0,0.2,21.33,25.0,24.0,4.59,3.0,0,0,0,0,6.0,0.0,1.47,False,4,False,0.25,1.0,0.139,decreasing,0.059,1
PM-SYN-016,2026-08-19T08:21:00+08:00,15m,22,25,normal_update,fresh,medium,clear,0.78,wharf,False,high,0,none,0.0,0.0,21.67,24.67,24.0,1.62,3.0,0,0,0,0,6.0,0.0,1.5,False,6,False,0.25,1.0,0.059,decreasing,0.027,1
PM-SYN-016,2026-08-19T08:23:00+08:00,15m,23,25,normal_update,fresh,medium,clear,0.78,wharf,False,high,0,none,0.0,0.0,23.0,24.2,24.0,1.72,-1.0,0,0,0,0,4.0,0.0,1.53,False,8,False,0.25,1.0,0.027,stable,0.074,1
PM-SYN-016,2026-08-19T08:25:00+08:00,15m,20,25,normal_update,fresh,medium,clear,0.78,wharf,False,high,0,none,0.0,0.0,21.67,23.73,23.0,1.85,-2.0,0,0,0,0,2.0,0.0,1.57,False,10,False,0.25,1.0,0.074,decreasing,0.078,1
PM-SYN-016,2026-08-19T08:27:00+08:00,15m,28,25,normal_update,fresh,medium,clear,0.78,wharf,False,high,3,minor,0.333,0.2,23.67,24.13,28.0,2.65,5.0,0,0,0,0,2.0,0.042,1.6,False,12,False,0.25,1.0,0.078,increasing,0.053,0
PM-SYN-016,2026-08-19T08:29:00+08:00,15m,22,25,normal_update,fresh,medium,clear,0.78,wharf,False,high,0,none,0.333,0.2,23.33,24.27,28.0,2.68,2.0,0,0,0,0,2.0,0.0,1.63,False,14,False,0.25,1.0,0.053,decreasing,0.06,0
PM-SYN-016,2026-08-19T08:31:00+08:00,15m,26,25,normal_update,fresh,medium,clear,0.78,wharf,False,high,1,minor,0.667,0.4,25.33,23.87,28.0,2.86,-2.0,0,0,0,0,2.0,0.0,1.67,False,16,False,0.25,1.0,0.06,stable,0.111,1
PM-SYN-016,2026-08-19T08:33:00+08:00,15m,19,25,normal_update,fresh,medium,clear,0.78,wharf,False,high,0,none,0.333,0.4,22.33,23.67,26.0,3.46,-3.0,0,0,0,0,2.0,0.0,1.7,False,0,True,0.25,1.0,0.111,decreasing,0.197,1
PM-SYN-016,2026-08-19T08:35:00+08:00,15m,24,25,normal_update,fresh,medium,clear,0.78,wharf,False,high,0,none,0.333,0.4,23.0,23.67,26.0,3.12,-2.0,0,0,0,0,2.0,0.0,1.73,False,2,True,0.25,1.0,0.197,decreasing,0.072,1
PM-SYN-016,2026-08-19T08:37:00+08:00,15m,22,25,normal_update,fresh,medium,clear,0.78,wharf,False,high,0,none,0.0,0.2,21.67,23.8,24.0,2.33,3.0,0,0,0,0,2.0,0.0,1.77,False,4,True,0.25,1.0,0.072,decreasing,0.063,1
PM-SYN-016,2026-08-19T08:39:00+08:00,15m,30,25,normal_update,fresh,medium,clear,0.78,wharf,False,high,5,minor,0.333,0.4,25.33,23.53,30.0,3.71,6.0,0,0,0,0,0.0,0.137,1.8,False,0,True,0.25,1.0,0.063,increasing,0.217,1
PM-SYN-016,2026-08-19T08:41:00+08:00,15m,17,25,normal_update,fresh,medium,clear,0.78,wharf,False,high,0,none,0.333,0.2,23.0,22.53,30.0,4.5,-5.0,0,0,0,0,0.0,0.0,1.83,False,2,True,0.25,1.0,0.217,decreasing,0.07,1
PM-SYN-016,2026-08-19T08:43:00+08:00,15m,19,25,normal_update,fresh,medium,clear,0.78,wharf,False,high,0,none,0.333,0.2,22.0,22.4,30.0,4.5,-11.0,0,0,0,0,0.0,0.0,1.87,False,4,True,0.25,1.0,0.07,decreasing,0.131,1
PM-SYN-016,2026-08-19T08:45:00+08:00,15m,30,25,speeding,fresh,medium,clear,0.78,wharf,False,high,5,minor,0.333,0.4,22.0,23.0,30.0,5.46,13.0,0,0,0,0,2.0,0.069,1.9,False,6,True,0.25,1.0,0.131,increasing,0.186,1
PM-SYN-016,2026-08-19T08:47:00+08:00,15m,19,25,normal_update,stale,medium,clear,0.78,wharf,False,high,0,none,0.333,0.4,22.67,23.0,30.0,5.76,0.0,0,0,0,0,2.0,0.0,1.93,False,8,True,0.25,1.0,0.186,decreasing,0.152,0
PM-SYN-016,2026-08-19T08:49:00+08:00,15m,28,25,normal_update,stale,medium,clear,0.78,wharf,False,high,3,minor,0.667,0.4,25.67,23.27,30.0,5.31,-2.0,0,0,0,0,2.0,0.0,1.97,False,10,True,0.25,1.0,0.152,stable,0.088,0
PM-SYN-016,2026-08-19T08:51:00+08:00,15m,30,25,speeding,fresh,medium,clear,0.78,wharf,False,high,5,minor,0.667,0.6,25.67,23.8,30.0,5.11,11.0,0,0,0,0,4.0,0.112,2.0,False,12,True,0.25,1.0,0.088,increasing,0.235,1
PM-SYN-016,2026-08-19T08:53:00+08:00,15m,26,25,stale_gps,stale,medium,clear,0.78,wharf,False,high,1,minor,1.0,0.8,28.0,24.0,30.0,4.08,-2.0,0,0,0,0,6.0,0.0,2.03,False,0,False,0.25,1.0,0.235,decreasing,0.189,1
PM-SYN-016,2026-08-19T08:55:00+08:00,15m,27,25,normal_update,fresh,medium,clear,0.78,wharf,False,high,2,minor,1.0,0.8,27.67,24.47,30.0,3.74,-3.0,0,0,0,0,6.0,0.0,2.07,False,2,False,0.25,1.0,0.189,decreasing,0.145,1
PM-SYN-016,2026-08-19T08:57:00+08:00,15m,32,25,normal_update,fresh,medium,clear,0.78,wharf,False,high,7,minor,1.0,1.0,28.33,24.73,32.0,2.15,6.0,0,0,0,0,6.0,0.135,2.1,False,4,False,0.25,1.0,0.145,increasing,0.238,1
PM-SYN-016,2026-08-19T08:59:00+08:00,15m,28,25,normal_update,delayed,medium,clear,0.78,wharf,False,high,3,minor,1.0,1.0,29.0,25.13,32.0,2.15,1.0,0,0,0,0,6.0,0.0,2.13,False,6,False,0.25,1.0,0.238,decreasing,0.198,0
PM-SYN-016,2026-08-19T09:01:00+08:00,15m,31,25,speeding,fresh,medium,clear,0.78,wharf,False,high,6,minor,1.0,1.0,30.33,25.47,32.0,2.32,-1.0,0,0,0,0,8.0,0.042,2.17,False,8,False,0.25,1.0,0.198,increasing,0.124,0
PM-SYN-016,2026-08-19T09:03:00+08:00,15m,24,25,normal_update,fresh,medium,clear,0.78,wharf,False,high,0,none,0.667,0.8,27.67,25.8,31.0,2.87,-4.0,0,0,0,0,8.0,0.0,2.2,False,10,False,0.25,1.0,0.124,decreasing,0.121,0
PM-SYN-016,2026-08-19T09:05:00+08:00,15m,24,25,normal_update,fresh,medium,clear,0.78,wharf,False,high,0,none,0.333,0.6,26.33,25.8,31.0,3.37,-7.0,0,0,0,0,8.0,0.0,2.23,False,12,False,0.25,1.0,0.121,decreasing,0.091,0
PM-SYN-016,2026-08-19T09:07:00+08:00,15m,22,25,normal_update,delayed,medium,clear,0.78,wharf,False,high,0,none,0.0,0.4,23.33,25.8,24.0,3.25,-2.0,0,0,0,0,8.0,0.0,2.27,False,14,False,0.25,1.0,0.091,decreasing,0.121,0
PM-SYN-016,2026-08-19T09:09:00+08:00,15m,18,25,normal_update,delayed,medium,clear,0.78,wharf,False,high,0,none,0.0,0.2,21.33,25.0,24.0,4.21,-6.0,0,0,0,0,8.0,0.0,2.3,False,16,False,0.25,1.0,0.121,decreasing,0.037,0
PM-SYN-016,2026-08-19T09:11:00+08:00,15m,23,25,normal_update,delayed,medium,clear,0.78,wharf,False,high,0,none,0.0,0.0,21.0,25.4,23.0,2.23,1.0,0,0,0,0,8.0,0.0,2.33,False,18,False,0.25,1.0,0.037,stable,0.04,0
PM-SYN-016,2026-08-19T09:13:00+08:00,15m,28,25,normal_update,fresh,medium,clear,0.78,wharf,False,high,3,minor,0.333,0.2,23.0,26.0,28.0,3.22,10.0,0,0,0,0,8.0,0.08,2.37,False,20,False,0.25,1.0,0.04,increasing,0.039,0
PM-SYN-017,2026-08-19T09:12:00+08:00,15m,26,25,normal_update,fresh,high,rain,0.66,restricted,False,medium,1,minor,0.667,0.4,25.0,24.93,30.0,4.26,-4.0,0,0,0,0,6.0,0.0,0.5,False,999.0,False,0.75,0.7,0.167,decreasing,0.068,0
PM-SYN-017,2026-08-19T09:14:00+08:00,15m,21,25,normal_update,fresh,high,rain,0.66,restricted,False,medium,0,none,0.333,0.4,22.0,24.0,26.0,3.93,2.0,0,0,0,0,6.0,0.0,0.53,False,999.0,False,0.75,0.7,0.068,decreasing,0.061,0
PM-SYN-017,2026-08-19T09:16:00+08:00,15m,25,25,normal_update,fresh,high,rain,0.66,restricted,False,medium,0,none,0.333,0.4,24.0,23.73,26.0,3.87,-1.0,0,0,0,0,6.0,0.0,0.57,False,999.0,False,0.75,0.7,0.061,decreasing,0.113,0
PM-SYN-017,2026-08-19T09:18:00+08:00,15m,25,25,normal_update,fresh,high,rain,0.66,restricted,False,medium,0,none,0.0,0.2,23.67,24.0,25.0,2.71,4.0,0,0,0,0,6.0,0.0,0.6,False,999.0,False,0.75,0.7,0.113,decreasing,0.032,0
PM-SYN-017,2026-08-19T09:20:00+08:00,15m,29,25,normal_update,fresh,high,rain,0.66,restricted,False,medium,4,minor,0.333,0.4,26.33,24.0,29.0,2.56,4.0,0,0,0,0,6.0,0.128,0.63,False,999.0,False,0.75,0.7,0.032,increasing,0.081,0
PM-SYN-017,2026-08-19T09:22:00+08:00,15m,24,25,normal_update,fresh,high,rain,0.66,restricted,False,medium,0,none,0.333,0.2,26.0,24.27,29.0,2.56,-1.0,0,0,0,0,4.0,0.0,0.67,False,999.0,False,0.75,0.7,0.081,decreasing,0.07,0
PM-SYN-017,2026-08-19T09:24:00+08:00,15m,26,25,normal_update,fresh,high,rain,0.66,restricted,False,medium,1,minor,0.667,0.4,26.33,24.53,29.0,1.72,-3.0,0,0,0,0,4.0,0.0,0.7,False,999.0,False,0.75,0.7,0.07,stable,0.045,0
PM-SYN-017,2026-08-19T09:26:00+08:00,15m,25,25,normal_update,fresh,high,rain,0.66,restricted,False,medium,0,none,0.333,0.4,25.0,24.2,26.0,1.72,1.0,0,0,0,0,2.0,0.0,0.73,False,999.0,False,0.75,0.7,0.045,decreasing,0.048,1
PM-SYN-017,2026-08-19T09:28:00+08:00,15m,19,25,sharp_turn,fresh,high,rain,0.66,restricted,False,medium,0,none,0.333,0.4,23.33,24.0,26.0,3.26,-7.0,0,1,0,1,4.0,0.032,0.77,False,0,False,0.75,0.7,0.048,stable,0.093,1
PM-SYN-017,2026-08-19T09:30:00+08:00,15m,26,25,normal_update,delayed,high,rain,0.66,restricted,False,medium,1,minor,0.333,0.4,23.33,24.53,26.0,2.61,1.0,0,1,0,1,4.0,0.027,0.8,False,2,False,0.75,0.7,0.093,stable,0.117,0
PM-SYN-017,2026-08-19T09:32:00+08:00,15m,17,25,normal_update,fresh,high,rain,0.66,restricted,False,medium,0,none,0.333,0.4,20.67,23.53,26.0,3.83,-2.0,0,1,0,1,2.0,0.0,0.83,False,4,False,0.75,0.7,0.117,stable,0.134,0
PM-SYN-017,2026-08-19T09:34:00+08:00,15m,21,25,harsh_brake,fresh,high,rain,0.66,restricted,False,medium,0,none,0.333,0.2,21.33,23.67,26.0,3.44,-5.0,1,1,1,1,4.0,0.026,0.87,False,6,False,0.75,0.7,0.134,stable,0.052,0
PM-SYN-017,2026-08-19T09:36:00+08:00,15m,20,25,normal_update,fresh,high,rain,0.66,restricted,False,medium,0,none,0.0,0.2,19.33,23.53,21.0,3.01,3.0,1,1,1,1,4.0,0.108,0.9,False,8,False,0.75,0.7,0.052,increasing,0.083,0
PM-SYN-017,2026-08-19T09:38:00+08:00,15m,23,25,harsh_brake,delayed,high,rain,0.66,restricted,False,medium,0,none,0.0,0.2,21.33,23.07,23.0,3.01,2.0,2,0,2,0,6.0,0.077,0.93,False,10,False,0.75,0.7,0.083,increasing,0.059,0
PM-SYN-017,2026-08-19T09:40:00+08:00,15m,25,25,normal_update,fresh,high,rain,0.66,restricted,False,medium,0,none,0.0,0.0,22.67,23.47,25.0,2.71,5.0,2,0,2,0,6.0,0.101,0.97,False,12,False,0.75,0.7,0.059,increasing,0.089,0
PM-SYN-017,2026-08-19T09:42:00+08:00,15m,25,25,stale_gps,stale,high,rain,0.66,restricted,False,medium,0,none,0.0,0.0,24.33,23.4,25.0,2.04,2.0,2,0,2,0,8.0,0.071,1.0,False,14,False,0.75,0.7,0.089,increasing,0.079,0
PM-SYN-017,2026-08-19T09:44:00+08:00,15m,23,25,normal_update,fresh,high,rain,0.66,restricted,False,medium,0,none,0.0,0.0,24.33,23.53,25.0,1.83,-2.0,1,0,1,0,8.0,0.001,1.03,False,16,False,0.75,0.7,0.079,stable,0.071,0
PM-SYN-017,2026-08-19T09:46:00+08:00,15m,21,25,harsh_brake,fresh,high,rain,0.66,restricted,False,medium,0,none,0.0,0.0,23.0,23.27,25.0,1.5,-4.0,2,0,2,0,10.0,0.089,1.07,False,18,False,0.75,0.7,0.071,increasing,0.075,0
PM-SYN-017,2026-08-19T09:48:00+08:00,15m,23,25,normal_update,fresh,high,rain,0.66,restricted,False,medium,0,none,0.0,0.0,22.33,23.13,23.0,1.5,0.0,1,0,1,0,10.0,0.005,1.1,False,20,False,0.75,0.7,0.075,stable,0.056,0
PM-SYN-017,2026-08-19T09:50:00+08:00,15m,25,25,normal_update,fresh,high,rain,0.66,restricted,False,medium,0,none,0.0,0.0,23.0,22.87,25.0,1.5,4.0,1,0,1,0,10.0,0.024,1.13,False,22,False,0.75,0.7,0.056,stable,0.046,0
PM-SYN-017,2026-08-19T09:52:00+08:00,15m,18,25,normal_update,fresh,high,rain,0.66,restricted,False,medium,0,none,0.0,0.0,22.0,22.47,25.0,2.37,-5.0,1,0,1,0,10.0,0.034,1.17,False,24,False,0.75,0.7,0.046,stable,0.099,0
PM-SYN-017,2026-08-19T09:54:00+08:00,15m,26,25,normal_update,fresh,high,rain,0.66,restricted,False,medium,1,minor,0.333,0.2,23.0,22.47,26.0,2.87,1.0,1,0,1,0,10.0,0.021,1.2,False,26,False,0.75,0.7,0.099,stable,0.071,0
PM-SYN-017,2026-08-19T09:56:00+08:00,15m,35,25,normal_update,fresh,high,rain,0.66,restricted,False,medium,10,minor,0.667,0.4,26.33,23.13,35.0,5.54,17.0,0,0,0,0,10.0,0.329,1.23,False,28,False,0.75,0.7,0.071,increasing,0.073,0
PM-SYN-017,2026-08-19T09:58:00+08:00,15m,20,25,normal_update,fresh,high,rain,0.66,restricted,False,medium,0,none,0.667,0.4,27.0,23.2,35.0,5.91,-6.0,0,0,0,0,8.0,0.0,1.27,False,30,False,0.75,0.7,0.073,decreasing,0.089,0
PM-SYN-017,2026-08-19T10:00:00+08:00,15m,21,25,harsh_brake,fresh,high,rain,0.66,restricted,False,medium,0,none,0.333,0.4,25.33,22.87,35.0,6.1,-14.0,1,0,1,0,10.0,0.0,1.3,False,32,False,0.75,0.7,0.089,stable,0.06,0
PM-SYN-017,2026-08-19T10:02:00+08:00,15m,25,25,normal_update,fresh,high,rain,0.66,restricted,False,medium,0,none,0.0,0.4,22.0,23.4,25.0,5.31,5.0,1,0,1,0,10.0,0.02,1.33,False,34,False,0.75,0.7,0.06,stable,0.073,0
PM-SYN-017,2026-08-19T10:04:00+08:00,15m,20,25,normal_update,fresh,high,rain,0.66,restricted,False,medium,0,none,0.0,0.2,22.0,23.33,25.0,5.71,-1.0,1,0,1,0,8.0,0.007,1.37,False,36,False,0.75,0.7,0.073,stable,0.108,1
PM-SYN-017,2026-08-19T10:06:00+08:00,15m,22,25,normal_update,fresh,high,rain,0.66,restricted,False,medium,0,none,0.0,0.0,22.33,23.47,25.0,1.85,-3.0,1,0,1,0,8.0,0.0,1.4,False,0,False,0.75,0.7,0.108,stable,0.037,1
PM-SYN-017,2026-08-19T10:08:00+08:00,15m,23,25,normal_update,fresh,high,rain,0.66,restricted,False,medium,0,none,0.0,0.0,21.67,23.47,23.0,1.72,3.0,1,0,1,0,6.0,0.043,1.43,False,2,False,0.75,0.7,0.037,increasing,0.033,1
PM-SYN-017,2026-08-19T10:10:00+08:00,15m,25,25,normal_update,fresh,high,rain,0.66,restricted,False,medium,0,none,0.0,0.0,23.33,23.47,25.0,1.9,3.0,0,0,0,0,6.0,0.0,1.47,False,4,False,0.75,0.7,0.033,stable,0.023,1
PM-SYN-017,2026-08-19T10:12:00+08:00,15m,21,25,normal_update,fresh,high,rain,0.66,restricted,False,medium,0,none,0.0,0.0,23.0,23.2,25.0,1.72,-2.0,0,0,0,0,4.0,0.0,1.5,False,0,False,0.75,0.7,0.023,stable,0.033,1
PM-SYN-017,2026-08-19T10:14:00+08:00,15m,22,25,normal_update,fresh,high,rain,0.66,restricted,False,medium,0,none,0.0,0.0,22.67,23.13,25.0,1.36,-3.0,0,0,0,0,4.0,0.0,1.53,False,2,False,0.75,0.7,0.033,stable,0.032,1
PM-SYN-017,2026-08-19T10:16:00+08:00,15m,23,25,normal_update,fresh,high,rain,0.66,restricted,False,medium,0,none,0.0,0.0,22.0,23.27,23.0,1.33,2.0,0,0,0,0,2.0,0.0,1.57,False,4,False,0.75,0.7,0.032,stable,0.054,1
PM-SYN-017,2026-08-19T10:18:00+08:00,15m,30,25,normal_update,fresh,high,rain,0.66,restricted,False,medium,5,minor,0.333,0.2,25.0,23.73,30.0,3.19,8.0,0,0,0,0,2.0,0.146,1.6,False,0,False,0.75,0.7,0.054,increasing,0.101,1
PM-SYN-017,2026-08-19T10:20:00+08:00,15m,26,25,normal_update,fresh,high,rain,0.66,restricted,False,medium,1,minor,0.667,0.4,26.33,23.8,30.0,3.26,3.0,0,0,0,0,2.0,0.0,1.63,False,2,False,0.75,0.7,0.101,decreasing,0.11,1
PM-SYN-017,2026-08-19T10:22:00+08:00,15m,22,25,normal_update,stale,high,rain,0.66,restricted,False,medium,0,none,0.667,0.4,26.0,24.07,30.0,3.07,-8.0,0,0,0,0,2.0,0.0,1.67,False,4,False,0.75,0.7,0.11,decreasing,0.089,1
PM-SYN-017,2026-08-19T10:24:00+08:00,15m,27,25,normal_update,delayed,high,rain,0.66,restricted,False,medium,2,minor,0.667,0.6,25.0,24.13,27.0,2.87,1.0,0,0,0,0,2.0,0.0,1.7,False,6,False,0.75,0.7,0.089,stable,0.087,1
PM-SYN-017,2026-08-19T10:26:00+08:00,15m,20,25,normal_update,fresh,high,rain,0.66,restricted,False,medium,0,none,0.333,0.6,23.0,23.13,27.0,3.58,-2.0,0,0,0,0,2.0,0.0,1.73,False,8,False,0.75,0.7,0.087,decreasing,0.07,0
PM-SYN-017,2026-08-19T10:28:00+08:00,15m,27,25,harsh_brake,fresh,high,rain,0.66,restricted,False,medium,2,minor,0.667,0.6,24.67,23.6,27.0,2.87,0.0,1,0,1,0,4.0,0.09,1.77,False,10,False,0.75,0.7,0.07,increasing,0.096,0
PM-SYN-017,2026-08-19T10:30:00+08:00,15m,28,25,normal_update,delayed,high,rain,0.66,restricted,False,medium,3,minor,0.667,0.6,25.0,24.07,28.0,3.19,8.0,1,0,1,0,2.0,0.104,1.8,False,12,False,0.75,0.7,0.096,increasing,0.132,0
PM-SYN-017,2026-08-19T10:32:00+08:00,15m,25,25,harsh_brake,fresh,high,rain,0.66,restricted,False,medium,0,none,0.667,0.6,26.67,24.07,28.0,2.87,-2.0,2,0,2,0,4.0,0.028,1.83,False,14,False,0.75,0.7,0.132,stable,0.238,0
PM-SYN-017,2026-08-19T10:34:00+08:00,15m,18,25,normal_update,delayed,high,rain,0.66,restricted,False,medium,0,none,0.333,0.4,23.67,23.93,28.0,3.93,-10.0,2,0,2,0,4.0,0.0,1.87,False,16,False,0.75,0.7,0.238,decreasing,0.085,0
PM-SYN-017,2026-08-19T10:36:00+08:00,15m,25,25,normal_update,fresh,high,rain,0.66,restricted,False,medium,0,none,0.0,0.4,22.67,24.13,25.0,3.5,0.0,2,0,2,0,4.0,0.075,1.9,False,18,False,0.75,0.7,0.085,increasing,0.102,1
PM-SYN-017,2026-08-19T10:38:00+08:00,15m,24,25,normal_update,fresh,high,rain,0.66,restricted,False,medium,0,none,0.0,0.2,22.33,24.2,25.0,3.29,6.0,1,0,1,0,4.0,0.0,1.93,False,0,False,0.75,0.7,0.102,stable,0.059,1
PM-SYN-017,2026-08-19T10:40:00+08:00,15m,22,25,stale_gps,stale,high,rain,0.66,restricted,False,medium,0,none,0.0,0.0,23.67,24.0,25.0,2.64,-3.0,1,0,1,0,6.0,0.021,1.97,False,2,False,0.75,0.7,0.059,stable,0.08,1
PM-SYN-017,2026-08-19T10:42:00+08:00,15m,21,25,normal_update,fresh,high,rain,0.66,restricted,False,medium,0,none,0.0,0.0,22.33,24.0,24.0,2.45,-3.0,0,0,0,0,6.0,0.0,2.0,False,4,False,0.75,0.7,0.08,decreasing,0.069,1
PM-SYN-017,2026-08-19T10:44:00+08:00,15m,24,25,normal_update,fresh,high,rain,0.66,restricted,False,medium,0,none,0.0,0.0,22.33,24.13,24.0,1.47,2.0,0,0,0,0,6.0,0.0,2.03,False,6,False,0.75,0.7,0.069,decreasing,0.042,1
PM-SYN-017,2026-08-19T10:46:00+08:00,15m,25,25,normal_update,delayed,high,rain,0.66,restricted,False,medium,0,none,0.0,0.0,23.33,24.27,25.0,1.47,4.0,0,0,0,0,6.0,0.0,2.07,False,8,False,0.75,0.7,0.042,decreasing,0.064,1
PM-SYN-017,2026-08-19T10:48:00+08:00,15m,17,25,normal_update,fresh,high,rain,0.66,restricted,False,medium,0,none,0.0,0.0,22.0,23.4,25.0,2.79,-7.0,0,0,0,0,6.0,0.0,2.1,False,10,False,0.75,0.7,0.064,decreasing,0.076,0
PM-SYN-017,2026-08-19T10:50:00+08:00,15m,27,25,normal_update,delayed,high,rain,0.66,restricted,False,medium,2,minor,0.333,0.2,23.0,23.47,27.0,3.49,2.0,0,0,0,0,6.0,0.004,2.13,False,12,False,0.75,0.7,0.076,stable,0.033,0
PM-SYN-017,2026-08-19T10:52:00+08:00,15m,21,25,normal_update,fresh,high,rain,0.66,restricted,False,medium,0,none,0.333,0.2,21.67,23.4,27.0,3.49,4.0,0,0,0,0,6.0,0.0,2.17,False,14,False,0.75,0.7,0.033,stable,0.032,0
PM-SYN-017,2026-08-19T10:54:00+08:00,15m,19,25,normal_update,delayed,high,rain,0.66,restricted,False,medium,0,none,0.333,0.2,22.33,22.87,27.0,3.71,-8.0,0,0,0,0,6.0,0.0,2.2,False,16,False,0.75,0.7,0.032,stable,0.071,0
PM-SYN-017,2026-08-19T10:56:00+08:00,15m,23,25,normal_update,fresh,high,rain,0.66,restricted,False,medium,0,none,0.0,0.2,21.0,23.07,23.0,3.44,2.0,0,0,0,0,6.0,0.0,2.23,False,18,False,0.75,0.7,0.071,decreasing,0.057,0
PM-SYN-017,2026-08-19T10:58:00+08:00,15m,25,25,normal_update,fresh,high,rain,0.66,restricted,False,medium,0,none,0.0,0.2,22.33,22.93,25.0,2.83,6.0,0,0,0,0,4.0,0.0,2.27,False,20,False,0.75,0.7,0.057,decreasing,0.041,0
PM-SYN-017,2026-08-19T11:00:00+08:00,15m,22,25,normal_update,fresh,high,rain,0.66,restricted,False,medium,0,none,0.0,0.0,23.33,22.53,25.0,2.0,-1.0,0,0,0,0,4.0,0.0,2.3,False,22,False,0.75,0.7,0.041,decreasing,0.022,0
PM-SYN-017,2026-08-19T11:02:00+08:00,15m,19,25,stale_gps,stale,high,rain,0.66,restricted,False,medium,0,none,0.0,0.0,22.0,22.13,25.0,2.33,-6.0,0,0,0,0,4.0,0.0,2.33,False,24,False,0.75,0.7,0.022,stable,0.076,0
PM-SYN-017,2026-08-19T11:04:00+08:00,15m,28,25,normal_update,fresh,high,rain,0.66,restricted,False,medium,3,minor,0.333,0.2,23.0,22.8,28.0,3.01,6.0,0,0,0,0,4.0,0.044,2.37,False,26,False,0.75,0.7,0.076,increasing,0.061,0
PM-SYN-018,2026-08-19T09:18:00+08:00,15m,11,15,normal_update,delayed,medium,clear,0.6,caution,True,low,0,none,0.333,0.4,13.33,13.73,16.0,2.61,-5.0,0,0,0,0,4.0,0.0,0.5,False,999.0,False,0.25,0.35,0.141,decreasing,0.045,0
PM-SYN-018,2026-08-19T09:20:00+08:00,15m,12,15,normal_update,fresh,medium,clear,0.6,caution,True,low,0,none,0.0,0.2,12.0,13.8,13.0,1.72,-1.0,0,0,0,0,4.0,0.0,0.53,False,999.0,False,0.25,0.35,0.045,decreasing,0.018,0
PM-SYN-018,2026-08-19T09:22:00+08:00,15m,23,15,normal_update,fresh,medium,clear,0.6,caution,True,low,8,minor,0.333,0.4,15.33,14.73,23.0,4.34,12.0,0,0,0,0,4.0,0.302,0.57,False,999.0,False,0.25,0.35,0.018,increasing,0.061,0
PM-SYN-018,2026-08-19T09:24:00+08:00,15m,16,15,normal_update,fresh,medium,clear,0.6,caution,True,low,1,minor,0.667,0.4,17.0,14.67,23.0,4.34,4.0,0,0,0,0,4.0,0.0,0.6,False,999.0,False,0.25,0.35,0.061,stable,0.052,0
PM-SYN-018,2026-08-19T09:26:00+08:00,15m,19,15,normal_update,fresh,medium,clear,0.6,caution,True,low,4,minor,1.0,0.6,19.33,15.33,23.0,4.45,-4.0,0,0,0,0,4.0,0.108,0.63,False,999.0,False,0.25,0.35,0.052,increasing,0.051,0
PM-SYN-018,2026-08-19T09:28:00+08:00,15m,9,15,normal_update,fresh,medium,clear,0.6,caution,True,low,0,none,0.667,0.6,14.67,14.6,19.0,4.96,-7.0,0,0,0,0,4.0,0.0,0.67,False,999.0,False,0.25,0.35,0.051,decreasing,0.035,0
PM-SYN-018,2026-08-19T09:30:00+08:00,15m,24,15,normal_update,fresh,medium,clear,0.6,caution,True,low,9,minor,0.667,0.8,17.33,15.0,24.0,5.42,5.0,0,0,0,0,4.0,0.325,0.7,False,999.0,False,0.25,0.35,0.035,increasing,0.041,0
PM-SYN-018,2026-08-19T09:32:00+08:00,15m,13,15,normal_update,delayed,medium,clear,0.6,caution,True,low,0,none,0.333,0.6,15.33,15.07,24.0,5.11,4.0,0,0,0,0,2.0,0.0,0.73,False,999.0,False,0.25,0.35,0.041,decreasing,0.026,0
PM-SYN-018,2026-08-19T09:34:00+08:00,15m,11,15,normal_update,fresh,medium,clear,0.6,caution,True,low,0,none,0.333,0.4,16.0,14.8,24.0,5.53,-13.0,0,0,0,0,2.0,0.0,0.77,False,999.0,False,0.25,0.35,0.026,stable,0.046,0
PM-SYN-018,2026-08-19T09:36:00+08:00,15m,13,15,normal_update,fresh,medium,clear,0.6,caution,True,low,0,none,0.0,0.2,12.33,15.13,13.0,5.22,0.0,0,0,0,0,2.0,0.0,0.8,False,999.0,False,0.25,0.35,0.046,decreasing,0.039,0
PM-SYN-018,2026-08-19T09:38:00+08:00,15m,13,15,normal_update,fresh,medium,clear,0.6,caution,True,low,0,none,0.0,0.2,12.33,14.87,13.0,4.66,2.0,0,0,0,0,2.0,0.0,0.83,False,999.0,False,0.25,0.35,0.039,stable,0.028,0
PM-SYN-018,2026-08-19T09:40:00+08:00,15m,11,15,normal_update,fresh,medium,clear,0.6,caution,True,low,0,none,0.0,0.0,12.33,14.4,13.0,0.98,-2.0,0,0,0,0,0.0,0.0,0.87,False,999.0,False,0.25,0.35,0.028,stable,0.011,0
PM-SYN-018,2026-08-19T09:42:00+08:00,15m,17,15,normal_update,delayed,medium,clear,0.6,caution,True,low,2,minor,0.333,0.2,13.67,14.73,17.0,2.19,4.0,0,0,0,0,0.0,0.069,0.9,False,999.0,False,0.25,0.35,0.011,increasing,0.021,0
PM-SYN-018,2026-08-19T09:44:00+08:00,15m,9,15,normal_update,fresh,medium,clear,0.6,caution,True,low,0,none,0.333,0.2,12.33,14.27,17.0,2.65,-2.0,0,0,0,0,0.0,0.0,0.93,False,999.0,False,0.25,0.35,0.021,stable,0.017,0
PM-SYN-018,2026-08-19T09:46:00+08:00,15m,13,15,normal_update,fresh,medium,clear,0.6,caution,True,low,0,none,0.333,0.2,13.0,14.27,17.0,2.65,-4.0,0,0,0,0,0.0,0.0,0.97,False,999.0,False,0.25,0.35,0.017,stable,0.036,0
PM-SYN-018,2026-08-19T09:48:00+08:00,15m,12,15,normal_update,fresh,medium,clear,0.6,caution,True,low,0,none,0.0,0.2,11.33,14.33,13.0,2.65,3.0,0,0,0,0,0.0,0.0,1.0,False,999.0,False,0.25,0.35,0.036,stable,0.03,0
PM-SYN-018,2026-08-19T09:50:00+08:00,15m,21,15,normal_update,fresh,medium,clear,0.6,caution,True,low,6,minor,0.333,0.4,15.33,14.93,21.0,4.18,8.0,0,0,0,0,0.0,0.21,1.03,False,999.0,False,0.25,0.35,0.03,increasing,0.066,0
PM-SYN-018,2026-08-19T09:52:00+08:00,15m,15,15,normal_update,fresh,medium,clear,0.6,caution,True,low,0,none,0.333,0.2,16.0,14.4,21.0,4.0,3.0,0,0,0,0,0.0,0.0,1.07,False,999.0,False,0.25,0.35,0.066,decreasing,0.045,0
PM-SYN-018,2026-08-19T09:54:00+08:00,15m,10,15,normal_update,fresh,medium,clear,0.6,caution,True,low,0,none,0.333,0.2,15.33,14.0,21.0,3.76,-11.0,0,0,0,0,0.0,0.0,1.1,False,999.0,False,0.25,0.35,0.045,decreasing,0.033,0
PM-SYN-018,2026-08-19T09:56:00+08:00,15m,14,15,normal_update,fresh,medium,clear,0.6,caution,True,low,0,none,0.0,0.2,13.0,13.67,15.0,3.72,-1.0,0,0,0,0,0.0,0.0,1.13,False,999.0,False,0.25,0.35,0.033,stable,0.019,0
PM-SYN-018,2026-08-19T09:58:00+08:00,15m,14,15,normal_update,fresh,medium,clear,0.6,caution,True,low,0,none,0.0,0.2,12.67,14.0,14.0,3.54,4.0,0,0,0,0,0.0,0.0,1.17,False,999.0,False,0.25,0.35,0.019,stable,0.017,0
PM-SYN-018,2026-08-19T10:00:00+08:00,15m,21,15,normal_update,fresh,medium,clear,0.6,caution,True,low,6,minor,0.333,0.2,16.33,13.8,21.0,3.54,7.0,0,0,0,0,0.0,0.223,1.2,False,999.0,False,0.25,0.35,0.017,increasing,0.016,0
PM-SYN-018,2026-08-19T10:02:00+08:00,15m,20,15,speeding,delayed,medium,clear,0.6,caution,True,low,5,minor,0.667,0.4,18.33,14.27,21.0,4.12,6.0,0,0,0,0,2.0,0.184,1.23,False,999.0,False,0.25,0.35,0.016,increasing,0.028,0
PM-SYN-018,2026-08-19T10:04:00+08:00,15m,20,15,speeding,fresh,medium,clear,0.6,caution,True,low,5,minor,1.0,0.6,20.33,14.87,21.0,3.12,-1.0,0,0,0,0,4.0,0.172,1.27,False,999.0,False,0.25,0.35,0.028,increasing,0.039,0
PM-SYN-018,2026-08-19T10:06:00+08:00,15m,14,15,normal_update,fresh,medium,clear,0.6,caution,True,low,0,none,0.667,0.6,18.0,14.93,20.0,3.12,-6.0,0,0,0,0,4.0,0.0,1.3,False,999.0,False,0.25,0.35,0.039,stable,0.022,0
PM-SYN-018,2026-08-19T10:08:00+08:00,15m,11,15,normal_update,delayed,medium,clear,0.6,caution,True,low,0,none,0.333,0.6,15.0,14.8,20.0,3.97,-9.0,0,0,0,0,4.0,0.0,1.33,False,999.0,False,0.25,0.35,0.022,stable,0.057,0
PM-SYN-018,2026-08-19T10:10:00+08:00,15m,10,15,normal_update,delayed,medium,clear,0.6,caution,True,low,0,none,0.0,0.4,11.67,14.73,14.0,4.29,-4.0,0,0,0,0,4.0,0.0,1.37,False,999.0,False,0.25,0.35,0.057,decreasing,0.046,0
PM-SYN-018,2026-08-19T10:12:00+08:00,15m,12,15,normal_update,delayed,medium,clear,0.6,caution,True,low,0,none,0.0,0.2,11.0,14.4,12.0,3.56,1.0,0,0,0,0,4.0,0.0,1.4,False,999.0,False,0.25,0.35,0.046,decreasing,0.047,0
PM-SYN-018,2026-08-19T10:14:00+08:00,15m,12,15,normal_update,fresh,medium,clear,0.6,caution,True,low,0,none,0.0,0.0,11.33,14.6,12.0,1.33,2.0,0,0,0,0,4.0,0.0,1.43,False,999.0,False,0.25,0.35,0.047,decreasing,0.032,0
PM-SYN-018,2026-08-19T10:16:00+08:00,15m,15,15,normal_update,delayed,medium,clear,0.6,caution,True,low,0,none,0.0,0.0,13.0,14.73,15.0,1.67,3.0,0,0,0,0,4.0,0.0,1.47,False,999.0,False,0.25,0.35,0.032,stable,0.011,0
PM-SYN-018,2026-08-19T10:18:00+08:00,15m,22,15,speeding,fresh,medium,clear,0.6,caution,True,low,7,minor,0.333,0.2,16.33,15.4,22.0,4.21,10.0,0,0,0,0,6.0,0.269,1.5,False,999.0,False,0.25,0.35,0.011,increasing,0.023,0
PM-SYN-018,2026-08-19T10:20:00+08:00,15m,18,15,normal_update,fresh,medium,clear,0.6,caution,True,low,3,minor,0.667,0.4,18.33,15.2,22.0,3.82,3.0,0,0,0,0,6.0,0.097,1.53,False,999.0,False,0.25,0.35,0.023,increasing,0.054,0
PM-SYN-018,2026-08-19T10:22:00+08:00,15m,14,15,normal_update,fresh,medium,clear,0.6,caution,True,low,0,none,0.667,0.4,18.0,15.13,22.0,3.49,-8.0,0,0,0,0,6.0,0.0,1.57,False,999.0,False,0.25,0.35,0.054,decreasing,0.038,0
PM-SYN-018,2026-08-19T10:24:00+08:00,15m,14,15,normal_update,delayed,medium,clear,0.6,caution,True,low,0,none,0.333,0.4,15.33,15.4,18.0,3.07,-4.0,0,0,0,0,6.0,0.0,1.6,False,999.0,False,0.25,0.35,0.038,stable,0.055,0
PM-SYN-018,2026-08-19T10:26:00+08:00,15m,11,15,normal_update,fresh,medium,clear,0.6,caution,True,low,0,none,0.0,0.4,13.0,15.2,14.0,3.82,-3.0,0,0,0,0,6.0,0.0,1.63,False,999.0,False,0.25,0.35,0.055,decreasing,0.023,0
PM-SYN-018,2026-08-19T10:28:00+08:00,15m,8,15,sharp_turn,fresh,medium,clear,0.6,caution,True,low,0,none,0.0,0.2,11.0,14.8,14.0,3.35,-6.0,0,1,0,1,8.0,0.057,1.67,False,999.0,False,0.25,0.35,0.023,increasing,0.041,0
PM-SYN-018,2026-08-19T10:30:00+08:00,15m,23,15,normal_update,fresh,medium,clear,0.6,caution,True,low,8,minor,0.333,0.2,14.0,14.93,23.0,5.02,12.0,0,1,0,1,8.0,0.359,1.7,False,999.0,False,0.25,0.35,0.041,increasing,0.077,1
PM-SYN-018,2026-08-19T10:32:00+08:00,15m,13,15,normal_update,fresh,medium,clear,0.6,caution,True,low,0,none,0.333,0.2,14.67,14.47,23.0,5.04,5.0,0,1,0,1,6.0,0.003,1.73,False,0,False,0.25,0.35,0.077,stable,0.021,1
PM-SYN-018,2026-08-19T10:34:00+08:00,15m,12,15,normal_update,delayed,medium,clear,0.6,caution,True,low,0,none,0.333,0.2,16.0,13.93,23.0,5.08,-11.0,0,1,0,1,4.0,0.059,1.77,False,2,False,0.25,0.35,0.021,increasing,0.021,1
PM-SYN-018,2026-08-19T10:36:00+08:00,15m,21,15,speeding,delayed,medium,clear,0.6,caution,True,low,6,minor,0.333,0.4,15.33,14.4,21.0,5.68,8.0,0,1,0,1,6.0,0.299,1.8,False,4,False,0.25,0.35,0.021,increasing,0.048,1
PM-SYN-018,2026-08-19T10:38:00+08:00,15m,10,15,normal_update,fresh,medium,clear,0.6,caution,True,low,0,none,0.333,0.4,14.33,14.33,21.0,5.19,-2.0,0,0,0,0,6.0,0.0,1.83,False,6,False,0.25,0.35,0.048,decreasing,0.019,0
PM-SYN-018,2026-08-19T10:40:00+08:00,15m,20,15,normal_update,delayed,medium,clear,0.6,caution,True,low,5,minor,0.667,0.4,17.0,15.0,21.0,4.45,-1.0,0,0,0,0,6.0,0.181,1.87,False,8,False,0.25,0.35,0.019,increasing,0.038,0
PM-SYN-018,2026-08-19T10:42:00+08:00,15m,12,15,sharp_turn,delayed,medium,clear,0.6,caution,True,low,0,none,0.333,0.4,14.0,15.0,20.0,4.56,2.0,0,1,0,1,8.0,0.042,1.9,False,10,False,0.25,0.35,0.038,increasing,0.058,0
PM-SYN-018,2026-08-19T10:44:00+08:00,15m,12,15,normal_update,fresh,medium,clear,0.6,caution,True,low,0,none,0.333,0.4,14.67,15.0,20.0,4.56,-8.0,0,1,0,1,8.0,0.022,1.93,False,12,False,0.25,0.35,0.058,stable,0.051,0
PM-SYN-018,2026-08-19T10:46:00+08:00,15m,13,15,normal_update,delayed,medium,clear,0.6,caution,True,low,0,none,0.0,0.2,12.33,14.87,13.0,3.44,1.0,0,1,0,1,8.0,0.029,1.97,False,14,False,0.25,0.35,0.051,stable,0.037,0
PM-SYN-018,2026-08-19T10:48:00+08:00,15m,9,15,normal_update,fresh,medium,clear,0.6,caution,True,low,0,none,0.0,0.2,11.33,14.0,13.0,3.66,-3.0,0,1,0,1,6.0,0.043,2.0,False,16,False,0.25,0.35,0.037,increasing,0.055,0
PM-SYN-018,2026-08-19T10:50:00+08:00,15m,22,15,normal_update,stale,medium,clear,0.6,caution,True,low,7,minor,0.333,0.2,14.67,14.27,22.0,4.41,9.0,0,1,0,1,6.0,0.305,2.03,False,18,False,0.25,0.35,0.055,increasing,0.036,0
PM-SYN-018,2026-08-19T10:52:00+08:00,15m,9,15,normal_update,fresh,medium,clear,0.6,caution,True,low,0,none,0.333,0.2,13.33,13.93,22.0,4.77,0.0,0,0,0,0,6.0,0.0,2.07,False,20,False,0.25,0.35,0.036,stable,0.025,0
PM-SYN-018,2026-08-19T10:54:00+08:00,15m,8,15,normal_update,delayed,medium,clear,0.6,caution,True,low,0,none,0.333,0.2,13.0,13.53,22.0,5.19,-14.0,0,0,0,0,6.0,0.0,2.1,False,22,False,0.25,0.35,0.025,stable,0.045,0
PM-SYN-018,2026-08-19T10:56:00+08:00,15m,16,15,normal_update,fresh,medium,clear,0.6,caution,True,low,1,minor,0.333,0.4,11.0,13.87,16.0,5.42,7.0,0,0,0,0,6.0,0.0,2.13,False,24,False,0.25,0.35,0.045,stable,0.021,0
PM-SYN-018,2026-08-19T10:58:00+08:00,15m,15,15,normal_update,delayed,medium,clear,0.6,caution,True,low,0,none,0.333,0.4,13.0,14.33,16.0,5.1,7.0,0,0,0,0,4.0,0.0,2.17,False,26,False,0.25,0.35,0.021,stable,0.023,0
PM-SYN-018,2026-08-19T11:00:00+08:00,15m,23,15,normal_update,fresh,medium,clear,0.6,caution,True,low,8,minor,0.667,0.4,18.0,14.33,23.0,5.42,7.0,0,0,0,0,4.0,0.297,2.2,False,28,False,0.25,0.35,0.023,increasing,0.027,0
PM-SYN-018,2026-08-19T11:02:00+08:00,15m,13,15,normal_update,fresh,medium,clear,0.6,caution,True,low,0,none,0.333,0.4,17.0,14.33,23.0,4.86,-2.0,0,0,0,0,4.0,0.0,2.23,False,30,False,0.25,0.35,0.027,stable,0.057,0
PM-SYN-018,2026-08-19T11:04:00+08:00,15m,21,15,speeding,fresh,medium,clear,0.6,caution,True,low,6,minor,0.667,0.6,19.0,14.93,23.0,3.77,-2.0,0,0,0,0,6.0,0.183,2.27,False,32,False,0.25,0.35,0.057,increasing,0.076,0
PM-SYN-018,2026-08-19T11:06:00+08:00,15m,7,15,sharp_turn,stale,medium,clear,0.6,caution,True,low,0,none,0.333,0.4,13.67,14.0,21.0,5.74,-6.0,0,1,0,1,6.0,0.004,2.3,False,34,False,0.25,0.35,0.076,stable,0.037,0
PM-SYN-018,2026-08-19T11:08:00+08:00,15m,13,15,normal_update,delayed,medium,clear,0.6,caution,True,low,0,none,0.333,0.4,13.67,14.2,21.0,5.85,-8.0,0,1,0,1,6.0,0.043,2.33,False,36,False,0.25,0.35,0.037,increasing,0.045,0
PM-SYN-018,2026-08-19T11:10:00+08:00,15m,14,15,normal_update,delayed,medium,clear,0.6,caution,True,low,0,none,0.0,0.2,11.33,13.8,14.0,4.45,7.0,0,1,0,1,6.0,0.035,2.37,False,38,False,0.25,0.35,0.045,stable,0.02,0
PM-SYN-019,2026-08-19T08:07:00+08:00,15m,37,40,normal_update,fresh,medium,clear,0.78,wharf,False,high,0,none,0.0,0.0,35.67,36.87,37.0,1.72,1.0,0,0,0,0,2.0,0.0,0.5,False,999.0,False,0.25,1.0,0.146,decreasing,0.045,0
PM-SYN-019,2026-08-19T08:09:00+08:00,15m,38,40,sharp_turn,delayed,medium,clear,0.78,wharf,False,high,0,none,0.0,0.0,36.33,36.53,38.0,1.72,4.0,0,1,0,1,4.0,0.035,0.53,False,999.0,False,0.25,1.0,0.045,stable,0.037,0
PM-SYN-019,2026-08-19T08:11:00+08:00,15m,48,40,normal_update,delayed,medium,clear,0.78,wharf,False,high,8,minor,0.333,0.2,41.0,37.4,48.0,4.88,11.0,0,1,0,1,4.0,0.363,0.57,False,999.0,False,0.25,1.0,0.037,increasing,0.126,0
PM-SYN-019,2026-08-19T08:13:00+08:00,15m,33,40,normal_update,fresh,medium,clear,0.78,wharf,False,high,0,none,0.333,0.2,39.67,37.27,48.0,5.33,-5.0,0,1,0,1,4.0,0.0,0.6,False,999.0,False,0.25,1.0,0.126,decreasing,0.058,0
PM-SYN-019,2026-08-19T08:15:00+08:00,15m,44,40,normal_update,delayed,medium,clear,0.78,wharf,False,high,4,minor,0.667,0.4,41.67,37.73,48.0,5.33,-4.0,0,1,0,1,4.0,0.182,0.63,False,999.0,False,0.25,1.0,0.058,increasing,0.183,0
PM-SYN-019,2026-08-19T08:17:00+08:00,15m,39,40,normal_update,fresh,medium,clear,0.78,wharf,False,high,0,none,0.333,0.4,38.67,37.87,44.0,5.16,6.0,0,1,0,1,4.0,0.0,0.67,False,999.0,False,0.25,1.0,0.183,decreasing,0.075,0
PM-SYN-019,2026-08-19T08:19:00+08:00,15m,39,40,normal_update,fresh,medium,clear,0.78,wharf,False,high,0,none,0.333,0.4,40.67,37.8,44.0,5.08,-5.0,0,0,0,0,4.0,0.0,0.7,False,999.0,False,0.25,1.0,0.075,decreasing,0.086,0
PM-SYN-019,2026-08-19T08:21:00+08:00,15m,41,40,normal_update,fresh,medium,clear,0.78,wharf,False,high,1,minor,0.333,0.4,39.67,38.33,41.0,3.6,2.0,0,0,0,0,4.0,0.0,0.73,False,999.0,False,0.25,1.0,0.086,decreasing,0.081,0
PM-SYN-019,2026-08-19T08:23:00+08:00,15m,37,40,normal_update,fresh,medium,clear,0.78,wharf,False,high,0,none,0.333,0.4,39.0,38.2,41.0,2.37,-2.0,0,0,0,0,2.0,0.0,0.77,False,999.0,False,0.25,1.0,0.081,decreasing,0.049,0
PM-SYN-019,2026-08-19T08:25:00+08:00,15m,37,40,normal_update,fresh,medium,clear,0.78,wharf,False,high,0,none,0.333,0.2,38.33,38.0,41.0,1.5,-4.0,0,0,0,0,2.0,0.0,0.8,False,999.0,False,0.25,1.0,0.049,decreasing,0.037,0
PM-SYN-019,2026-08-19T08:27:00+08:00,15m,36,40,normal_update,fresh,medium,clear,0.78,wharf,False,high,0,none,0.0,0.2,36.67,38.2,37.0,1.79,-1.0,0,0,0,0,2.0,0.0,0.83,False,999.0,False,0.25,1.0,0.037,stable,0.085,0
PM-SYN-019,2026-08-19T08:29:00+08:00,15m,38,40,normal_update,fresh,medium,clear,0.78,wharf,False,high,0,none,0.0,0.2,37.0,38.4,38.0,1.72,1.0,0,0,0,0,2.0,0.0,0.87,False,999.0,False,0.25,1.0,0.085,decreasing,0.061,0
PM-SYN-019,2026-08-19T08:31:00+08:00,15m,43,40,normal_update,fresh,medium,clear,0.78,wharf,False,high,3,minor,0.333,0.2,39.0,38.67,43.0,2.48,7.0,0,0,0,0,2.0,0.059,0.9,False,999.0,False,0.25,1.0,0.061,increasing,0.094,0
PM-SYN-019,2026-08-19T08:33:00+08:00,15m,36,40,normal_update,fresh,medium,clear,0.78,wharf,False,high,0,none,0.333,0.2,39.0,38.67,43.0,2.61,-2.0,0,0,0,0,2.0,0.0,0.93,False,999.0,False,0.25,1.0,0.094,decreasing,0.074,1
PM-SYN-019,2026-08-19T08:35:00+08:00,15m,36,40,normal_update,fresh,medium,clear,0.78,wharf,False,high,0,none,0.333,0.2,38.33,38.8,43.0,2.71,-7.0,0,0,0,0,2.0,0.0,0.97,False,0,True,0.25,1.0,0.074,decreasing,0.155,1
PM-SYN-019,2026-08-19T08:37:00+08:00,15m,45,40,stale_gps,stale,medium,clear,0.78,wharf,False,high,5,minor,0.333,0.4,39.0,39.33,45.0,3.72,9.0,0,0,0,0,4.0,0.045,1.0,False,2,True,0.25,1.0,0.155,increasing,0.17,1
PM-SYN-019,2026-08-19T08:39:00+08:00,15m,38,40,sharp_turn,fresh,medium,clear,0.78,wharf,False,high,0,none,0.333,0.4,39.67,39.33,45.0,3.72,2.0,0,1,0,1,4.0,0.0,1.03,False,4,True,0.25,1.0,0.17,decreasing,0.107,1
PM-SYN-019,2026-08-19T08:41:00+08:00,15m,38,40,normal_update,delayed,medium,clear,0.78,wharf,False,high,0,none,0.333,0.2,40.33,38.67,45.0,3.32,-7.0,0,1,0,1,4.0,0.0,1.07,False,6,True,0.25,1.0,0.107,stable,0.165,1
PM-SYN-019,2026-08-19T08:43:00+08:00,15m,38,40,normal_update,fresh,medium,clear,0.78,wharf,False,high,0,none,0.0,0.2,38.0,39.0,38.0,3.1,0.0,0,1,0,1,4.0,0.0,1.1,False,8,True,0.25,1.0,0.165,decreasing,0.068,1
PM-SYN-019,2026-08-19T08:45:00+08:00,15m,33,40,normal_update,fresh,medium,clear,0.78,wharf,False,high,0,none,0.0,0.2,36.33,38.27,38.0,3.83,-5.0,0,1,0,1,4.0,0.012,1.13,False,0,True,0.25,1.0,0.068,stable,0.089,1
PM-SYN-019,2026-08-19T08:47:00+08:00,15m,45,40,normal_update,delayed,medium,clear,0.78,wharf,False,high,5,minor,0.333,0.2,38.67,38.67,45.0,3.83,7.0,0,1,0,1,4.0,0.191,1.17,False,2,True,0.25,1.0,0.089,increasing,0.176,1
PM-SYN-019,2026-08-19T08:49:00+08:00,15m,50,40,sharp_turn,fresh,medium,clear,0.78,wharf,False,high,10,minor,0.667,0.4,42.67,39.4,50.0,5.98,17.0,0,1,0,1,6.0,0.304,1.2,False,4,True,0.25,1.0,0.176,increasing,0.248,1
PM-SYN-019,2026-08-19T08:51:00+08:00,15m,50,40,normal_update,fresh,medium,clear,0.78,wharf,False,high,10,minor,1.0,0.6,48.33,40.0,50.0,6.73,5.0,0,1,0,1,6.0,0.232,1.23,False,6,True,0.25,1.0,0.248,increasing,0.305,1
PM-SYN-019,2026-08-19T08:53:00+08:00,15m,47,40,normal_update,fresh,medium,clear,0.78,wharf,False,high,7,minor,1.0,0.8,49.0,40.67,50.0,6.29,-3.0,0,1,0,1,6.0,0.055,1.27,False,8,True,0.25,1.0,0.305,increasing,0.223,1
PM-SYN-019,2026-08-19T08:55:00+08:00,15m,39,40,normal_update,fresh,medium,clear,0.78,wharf,False,high,0,none,0.667,0.8,45.33,40.8,50.0,4.07,-11.0,0,1,0,1,6.0,0.0,1.3,False,10,True,0.25,1.0,0.223,decreasing,0.276,0
PM-SYN-019,2026-08-19T08:57:00+08:00,15m,48,40,normal_update,fresh,medium,clear,0.78,wharf,False,high,8,minor,0.667,0.8,44.67,41.6,48.0,4.07,1.0,0,1,0,1,6.0,0.124,1.33,False,12,True,0.25,1.0,0.276,increasing,0.161,0
PM-SYN-019,2026-08-19T08:59:00+08:00,15m,37,40,normal_update,fresh,medium,clear,0.78,wharf,False,high,0,none,0.333,0.6,41.33,41.53,48.0,5.19,-2.0,0,0,0,0,6.0,0.0,1.37,False,14,False,0.25,1.0,0.161,decreasing,0.07,0
PM-SYN-019,2026-08-19T09:01:00+08:00,15m,35,40,normal_update,fresh,medium,clear,0.78,wharf,False,high,0,none,0.333,0.4,40.0,41.0,48.0,5.31,-13.0,0,0,0,0,6.0,0.0,1.4,False,16,False,0.25,1.0,0.07,decreasing,0.135,0
PM-SYN-019,2026-08-19T09:03:00+08:00,15m,48,40,normal_update,delayed,medium,clear,0.78,wharf,False,high,8,minor,0.333,0.4,40.0,41.8,48.0,5.54,11.0,0,0,0,0,6.0,0.185,1.43,False,18,False,0.25,1.0,0.135,increasing,0.136,1
PM-SYN-019,2026-08-19T09:05:00+08:00,15m,40,40,normal_update,fresh,medium,clear,0.78,wharf,False,high,0,none,0.333,0.4,41.0,42.07,48.0,5.46,5.0,0,0,0,0,6.0,0.0,1.47,False,0,True,0.25,1.0,0.136,decreasing,0.14,1
PM-SYN-019,2026-08-19T09:07:00+08:00,15m,48,40,normal_update,fresh,medium,clear,0.78,wharf,False,high,8,minor,0.667,0.4,45.33,42.27,48.0,5.46,0.0,0,0,0,0,4.0,0.18,1.5,False,2,True,0.25,1.0,0.14,increasing,0.235,1
PM-SYN-019,2026-08-19T09:09:00+08:00,15m,37,40,normal_update,fresh,medium,clear,0.78,wharf,False,high,0,none,0.333,0.4,41.67,42.2,48.0,5.46,-3.0,0,0,0,0,2.0,0.0,1.53,False,4,True,0.25,1.0,0.235,decreasing,0.168,1
PM-SYN-019,2026-08-19T09:11:00+08:00,15m,36,40,sharp_turn,fresh,medium,clear,0.78,wharf,False,high,0,none,0.333,0.4,40.33,42.07,48.0,5.23,-12.0,0,1,0,1,4.0,0.0,1.57,False,6,True,0.25,1.0,0.168,decreasing,0.161,1
PM-SYN-019,2026-08-19T09:13:00+08:00,15m,48,40,normal_update,fresh,medium,clear,0.78,wharf,False,high,8,minor,0.333,0.4,40.33,42.73,48.0,5.23,11.0,0,1,0,1,4.0,0.239,1.6,False,0,False,0.25,1.0,0.161,increasing,0.168,1
PM-SYN-019,2026-08-19T09:15:00+08:00,15m,40,40,normal_update,stale,medium,clear,0.78,wharf,False,high,0,none,0.333,0.4,41.33,43.2,48.0,5.23,4.0,0,1,0,1,4.0,0.0,1.63,False,2,False,0.25,1.0,0.168,decreasing,0.084,1
PM-SYN-019,2026-08-19T09:17:00+08:00,15m,35,40,normal_update,fresh,medium,clear,0.78,wharf,False,high,0,none,0.333,0.2,41.0,42.53,48.0,4.71,-13.0,0,1,0,1,4.0,0.0,1.67,False,4,False,0.25,1.0,0.084,stable,0.06,0
PM-SYN-019,2026-08-19T09:19:00+08:00,15m,36,40,normal_update,fresh,medium,clear,0.78,wharf,False,high,0,none,0.0,0.2,37.0,41.6,40.0,4.82,-4.0,0,1,0,1,2.0,0.02,1.7,False,6,False,0.25,1.0,0.06,stable,0.071,0
PM-SYN-019,2026-08-19T09:21:00+08:00,15m,45,40,speeding,fresh,medium,clear,0.78,wharf,False,high,5,minor,0.333,0.4,38.67,41.27,45.0,5.04,10.0,0,0,0,0,4.0,0.129,1.73,False,8,False,0.25,1.0,0.071,increasing,0.092,0
PM-SYN-019,2026-08-19T09:23:00+08:00,15m,43,40,normal_update,fresh,medium,clear,0.78,wharf,False,high,3,minor,0.667,0.4,41.33,41.0,45.0,3.87,7.0,0,0,0,0,4.0,0.028,1.77,False,10,False,0.25,1.0,0.092,stable,0.069,1
PM-SYN-019,2026-08-19T09:25:00+08:00,15m,40,40,normal_update,delayed,medium,clear,0.78,wharf,False,high,0,none,0.667,0.4,42.67,41.07,45.0,3.87,-5.0,0,0,0,0,4.0,0.0,1.8,False,0,False,0.25,1.0,0.069,decreasing,0.046,1
PM-SYN-019,2026-08-19T09:27:00+08:00,15m,40,40,normal_update,fresh,medium,clear,0.78,wharf,False,high,0,none,0.333,0.4,41.0,40.53,43.0,3.06,-3.0,0,0,0,0,4.0,0.0,1.83,False,2,False,0.25,1.0,0.046,decreasing,0.069,1
PM-SYN-019,2026-08-19T09:29:00+08:00,15m,39,40,normal_update,fresh,medium,clear,0.78,wharf,False,high,0,none,0.0,0.4,39.67,40.67,40.0,2.24,-1.0,0,0,0,0,4.0,0.0,1.87,False,4,False,0.25,1.0,0.069,decreasing,0.051,1
PM-SYN-019,2026-08-19T09:31:00+08:00,15m,46,40,normal_update,fresh,medium,clear,0.78,wharf,False,high,6,minor,0.333,0.4,41.67,41.4,46.0,2.58,6.0,0,0,0,0,4.0,0.189,1.9,False,6,False,0.25,1.0,0.051,increasing,0.078,1
PM-SYN-019,2026-08-19T09:33:00+08:00,15m,38,40,normal_update,fresh,medium,clear,0.78,wharf,False,high,0,none,0.333,0.2,41.0,40.73,46.0,2.8,-1.0,0,0,0,0,4.0,0.0,1.93,False,8,False,0.25,1.0,0.078,decreasing,0.103,0
PM-SYN-019,2026-08-19T09:35:00+08:00,15m,37,40,normal_update,fresh,medium,clear,0.78,wharf,False,high,0,none,0.333,0.2,40.33,40.53,46.0,3.16,-9.0,0,0,0,0,4.0,0.0,1.97,False,10,False,0.25,1.0,0.103,decreasing,0.042,0
PM-SYN-019,2026-08-19T09:37:00+08:00,15m,36,40,normal_update,fresh,medium,clear,0.78,wharf,False,high,0,none,0.0,0.2,37.0,39.73,38.0,3.54,-2.0,0,0,0,0,4.0,0.0,2.0,False,12,False,0.25,1.0,0.042,decreasing,0.06,0
PM-SYN-019,2026-08-19T09:39:00+08:00,15m,34,40,normal_update,fresh,medium,clear,0.78,wharf,False,high,0,none,0.0,0.2,35.67,39.53,37.0,4.12,-3.0,0,0,0,0,4.0,0.0,2.03,False,14,False,0.25,1.0,0.06,decreasing,0.093,0
PM-SYN-019,2026-08-19T09:41:00+08:00,15m,47,40,normal_update,fresh,medium,clear,0.78,wharf,False,high,7,minor,0.333,0.2,39.0,40.27,47.0,4.5,11.0,0,0,0,0,2.0,0.187,2.07,False,16,False,0.25,1.0,0.093,increasing,0.131,0
PM-SYN-019,2026-08-19T09:43:00+08:00,15m,40,40,normal_update,fresh,medium,clear,0.78,wharf,False,high,0,none,0.333,0.2,40.33,39.73,47.0,4.53,6.0,0,0,0,0,2.0,0.0,2.1,False,18,False,0.25,1.0,0.131,decreasing,0.086,0
PM-SYN-019,2026-08-19T09:45:00+08:00,15m,39,40,normal_update,fresh,medium,clear,0.78,wharf,False,high,0,none,0.333,0.2,42.0,39.67,47.0,4.45,-8.0,0,0,0,0,2.0,0.0,2.13,False,20,False,0.25,1.0,0.086,decreasing,0.105,0
PM-SYN-019,2026-08-19T09:47:00+08:00,15m,35,40,normal_update,fresh,medium,clear,0.78,wharf,False,high,0,none,0.0,0.2,38.0,39.67,40.0,4.6,-5.0,0,0,0,0,2.0,0.0,2.17,False,22,False,0.25,1.0,0.105,decreasing,0.113,0
PM-SYN-019,2026-08-19T09:49:00+08:00,15m,38,40,normal_update,fresh,medium,clear,0.78,wharf,False,high,0,none,0.0,0.2,37.33,39.8,39.0,3.97,-1.0,0,0,0,0,2.0,0.0,2.2,False,24,False,0.25,1.0,0.113,decreasing,0.036,0
PM-SYN-019,2026-08-19T09:51:00+08:00,15m,38,40,sharp_turn,fresh,medium,clear,0.78,wharf,False,high,0,none,0.0,0.0,37.0,39.33,38.0,1.67,3.0,0,1,0,1,2.0,0.044,2.23,False,26,False,0.25,1.0,0.036,increasing,0.047,0
PM-SYN-019,2026-08-19T09:53:00+08:00,15m,38,40,normal_update,fresh,medium,clear,0.78,wharf,False,high,0,none,0.0,0.0,38.0,39.0,38.0,1.36,0.0,0,1,0,1,2.0,0.033,2.27,False,28,False,0.25,1.0,0.047,stable,0.035,0
PM-SYN-019,2026-08-19T09:55:00+08:00,15m,39,40,normal_update,stale,medium,clear,0.78,wharf,False,high,0,none,0.0,0.0,38.33,38.93,39.0,1.36,1.0,0,1,0,1,2.0,0.045,2.3,False,30,False,0.25,1.0,0.035,increasing,0.059,0
PM-SYN-019,2026-08-19T09:57:00+08:00,15m,32,40,normal_update,fresh,medium,clear,0.78,wharf,False,high,0,none,0.0,0.0,36.33,38.4,39.0,2.53,-6.0,0,1,0,1,2.0,0.021,2.33,False,32,False,0.25,1.0,0.059,stable,0.081,0
PM-SYN-019,2026-08-19T09:59:00+08:00,15m,36,40,normal_update,fresh,medium,clear,0.78,wharf,False,high,0,none,0.0,0.0,35.67,38.2,39.0,2.5,-3.0,0,1,0,1,2.0,0.0,2.37,False,34,False,0.25,1.0,0.081,stable,0.039,0
PM-SYN-020,2026-08-19T06:54:00+08:00,15m,16,15,normal_update,fresh,high,rain,0.72,caution,False,medium,1,minor,0.667,0.8,16.33,17.13,20.0,5.02,-4.0,0,0,0,0,4.0,0.0,0.5,True,999.0,False,0.75,0.35,0.307,decreasing,0.215,0
PM-SYN-020,2026-08-19T06:56:00+08:00,15m,11,15,normal_update,delayed,high,rain,0.72,caution,False,medium,0,none,0.333,0.6,13.33,17.0,16.0,5.02,-2.0,0,0,0,0,2.0,0.0,0.53,True,999.0,False,0.75,0.35,0.215,decreasing,0.103,0
PM-SYN-020,2026-08-19T06:58:00+08:00,15m,21,15,speeding,fresh,high,rain,0.72,caution,False,medium,6,minor,0.667,0.6,16.0,17.87,21.0,3.87,5.0,0,0,0,0,4.0,0.137,0.57,True,999.0,False,0.75,0.35,0.103,increasing,0.194,0
PM-SYN-020,2026-08-19T07:00:00+08:00,15m,20,15,speeding,fresh,high,rain,0.72,caution,False,medium,5,minor,0.667,0.6,17.33,17.53,21.0,3.87,9.0,0,0,0,0,6.0,0.006,0.6,False,999.0,False,0.75,0.35,0.194,stable,0.088,0
PM-SYN-020,2026-08-19T07:02:00+08:00,15m,8,15,normal_update,stale,high,rain,0.72,caution,False,medium,0,none,0.667,0.6,16.33,16.47,21.0,5.04,-13.0,0,0,0,0,6.0,0.0,0.63,False,999.0,False,0.75,0.35,0.088,decreasing,0.127,1
PM-SYN-020,2026-08-19T07:04:00+08:00,15m,11,15,normal_update,fresh,high,rain,0.72,caution,False,medium,0,none,0.333,0.4,13.0,16.2,20.0,5.27,-9.0,0,0,0,0,6.0,0.0,0.67,False,0,True,0.75,0.35,0.127,decreasing,0.073,1
PM-SYN-020,2026-08-19T07:06:00+08:00,15m,21,15,normal_update,fresh,high,rain,0.72,caution,False,medium,6,minor,0.333,0.6,13.33,16.8,21.0,5.56,13.0,0,0,0,0,6.0,0.167,0.7,False,2,True,0.75,0.35,0.073,increasing,0.145,0
PM-SYN-020,2026-08-19T07:08:00+08:00,15m,9,15,normal_update,delayed,high,rain,0.72,caution,False,medium,0,none,0.333,0.4,13.67,16.4,21.0,5.56,-2.0,0,0,0,0,6.0,0.0,0.73,False,4,True,0.75,0.35,0.145,decreasing,0.137,0
PM-SYN-020,2026-08-19T07:10:00+08:00,15m,12,15,normal_update,fresh,high,rain,0.72,caution,False,medium,0,none,0.333,0.2,14.0,16.33,21.0,4.62,-9.0,0,0,0,0,6.0,0.0,0.77,False,6,True,0.75,0.35,0.137,decreasing,0.102,0
PM-SYN-020,2026-08-19T07:12:00+08:00,15m,16,15,normal_update,fresh,high,rain,0.72,caution,False,medium,1,minor,0.333,0.4,12.33,16.2,16.0,4.26,7.0,0,0,0,0,6.0,0.0,0.8,False,8,True,0.75,0.35,0.102,decreasing,0.117,0
PM-SYN-020,2026-08-19T07:14:00+08:00,15m,9,15,normal_update,fresh,high,rain,0.72,caution,False,medium,0,none,0.333,0.4,12.33,15.87,16.0,4.59,-3.0,0,0,0,0,6.0,0.0,0.83,False,10,True,0.75,0.35,0.117,decreasing,0.123,0
PM-SYN-020,2026-08-19T07:16:00+08:00,15m,19,15,normal_update,fresh,high,rain,0.72,caution,False,medium,4,minor,0.667,0.4,14.67,15.4,19.0,3.95,3.0,0,0,0,0,6.0,0.037,0.87,False,12,True,0.75,0.35,0.123,stable,0.083,0
PM-SYN-020,2026-08-19T07:18:00+08:00,15m,20,15,normal_update,fresh,high,rain,0.72,caution,False,medium,5,minor,0.667,0.6,16.0,15.07,20.0,4.17,11.0,0,0,0,0,4.0,0.117,0.9,False,14,False,0.75,0.35,0.083,increasing,0.117,1
PM-SYN-020,2026-08-19T07:20:00+08:00,15m,19,15,harsh_brake,fresh,high,rain,0.72,caution,False,medium,4,minor,1.0,0.8,19.33,15.0,20.0,4.03,0.0,1,0,1,0,6.0,0.123,0.93,False,0,False,0.75,0.35,0.117,increasing,0.181,1
PM-SYN-020,2026-08-19T07:22:00+08:00,15m,10,15,normal_update,fresh,high,rain,0.72,caution,False,medium,0,none,0.667,0.6,16.33,14.8,20.0,4.84,-10.0,1,0,1,0,6.0,0.0,0.97,False,2,False,0.75,0.35,0.181,decreasing,0.185,1
PM-SYN-020,2026-08-19T07:24:00+08:00,15m,10,15,normal_update,fresh,high,rain,0.72,caution,False,medium,0,none,0.333,0.6,13.0,14.4,19.0,4.59,-9.0,1,0,1,0,6.0,0.0,1.0,False,4,False,0.75,0.35,0.185,decreasing,0.157,1
PM-SYN-020,2026-08-19T07:26:00+08:00,15m,24,15,speeding,fresh,high,rain,0.72,caution,False,medium,9,minor,0.333,0.6,14.67,15.27,24.0,5.64,14.0,1,0,1,0,8.0,0.283,1.03,False,6,False,0.75,0.35,0.157,increasing,0.203,1
PM-SYN-020,2026-08-19T07:28:00+08:00,15m,8,15,normal_update,fresh,high,rain,0.72,caution,False,medium,0,none,0.333,0.4,14.0,14.4,24.0,6.21,-2.0,1,0,1,0,6.0,0.0,1.07,False,8,False,0.75,0.35,0.203,decreasing,0.155,0
PM-SYN-020,2026-08-19T07:30:00+08:00,15m,15,15,normal_update,delayed,high,rain,0.72,caution,False,medium,0,none,0.333,0.2,15.67,14.07,24.0,5.78,-9.0,0,0,0,0,4.0,0.0,1.1,False,10,False,0.75,0.35,0.155,decreasing,0.05,1
PM-SYN-020,2026-08-19T07:32:00+08:00,15m,11,15,normal_update,fresh,high,rain,0.72,caution,False,medium,0,none,0.0,0.2,11.33,14.27,15.0,5.68,3.0,0,0,0,0,4.0,0.0,1.13,False,0,True,0.75,0.35,0.05,decreasing,0.091,1
PM-SYN-020,2026-08-19T07:34:00+08:00,15m,12,15,normal_update,fresh,high,rain,0.72,caution,False,medium,0,none,0.0,0.2,12.67,14.33,15.0,5.48,-3.0,0,0,0,0,4.0,0.0,1.17,False,2,True,0.75,0.35,0.091,decreasing,0.14,1
PM-SYN-020,2026-08-19T07:36:00+08:00,15m,12,15,normal_update,fresh,high,rain,0.72,caution,False,medium,0,none,0.0,0.0,11.67,13.73,12.0,2.24,1.0,0,0,0,0,4.0,0.0,1.2,False,4,True,0.75,0.35,0.14,decreasing,0.087,1
PM-SYN-020,2026-08-19T07:38:00+08:00,15m,13,15,normal_update,fresh,high,rain,0.72,caution,False,medium,0,none,0.0,0.0,12.33,14.0,13.0,1.36,1.0,0,0,0,0,4.0,0.0,1.23,False,6,True,0.75,0.35,0.087,decreasing,0.075,0
PM-SYN-020,2026-08-19T07:40:00+08:00,15m,11,15,normal_update,delayed,high,rain,0.72,caution,False,medium,0,none,0.0,0.0,12.0,13.93,13.0,0.75,-1.0,0,0,0,0,4.0,0.0,1.27,False,8,True,0.75,0.35,0.075,decreasing,0.064,0
PM-SYN-020,2026-08-19T07:42:00+08:00,15m,18,15,normal_update,fresh,high,rain,0.72,caution,False,medium,3,minor,0.333,0.2,14.0,14.07,18.0,2.48,5.0,0,0,0,0,4.0,0.056,1.3,False,10,True,0.75,0.35,0.064,increasing,0.099,0
PM-SYN-020,2026-08-19T07:44:00+08:00,15m,8,15,normal_update,fresh,high,rain,0.72,caution,False,medium,0,none,0.333,0.2,12.33,14.0,18.0,3.26,-3.0,0,0,0,0,4.0,0.0,1.33,False,12,True,0.75,0.35,0.099,decreasing,0.044,0
PM-SYN-020,2026-08-19T07:46:00+08:00,15m,25,15,speeding,fresh,high,rain,0.72,caution,False,medium,10,minor,0.667,0.4,17.0,14.4,25.0,5.97,7.0,0,0,0,0,6.0,0.356,1.37,False,14,False,0.75,0.35,0.044,increasing,0.053,0
PM-SYN-020,2026-08-19T07:48:00+08:00,15m,15,15,normal_update,delayed,high,rain,0.72,caution,False,medium,0,none,0.333,0.4,16.0,14.07,25.0,5.89,7.0,0,0,0,0,6.0,0.0,1.4,False,16,False,0.75,0.35,0.053,decreasing,0.061,0
PM-SYN-020,2026-08-19T07:50:00+08:00,15m,21,15,normal_update,fresh,high,rain,0.72,caution,False,medium,6,minor,0.667,0.6,20.33,14.2,25.0,5.75,-4.0,0,0,0,0,4.0,0.179,1.43,False,18,False,0.75,0.35,0.061,increasing,0.132,0
PM-SYN-020,2026-08-19T07:52:00+08:00,15m,13,15,stale_gps,stale,high,rain,0.72,caution,False,medium,0,none,0.333,0.4,16.33,14.4,21.0,5.99,-2.0,0,0,0,0,6.0,0.0,1.47,False,20,False,0.75,0.35,0.132,decreasing,0.053,0
PM-SYN-020,2026-08-19T07:54:00+08:00,15m,20,15,normal_update,fresh,high,rain,0.72,caution,False,medium,5,minor,0.667,0.6,18.0,15.07,21.0,4.31,-1.0,0,0,0,0,6.0,0.147,1.5,False,22,False,0.75,0.35,0.053,increasing,0.089,0
PM-SYN-020,2026-08-19T07:56:00+08:00,15m,16,15,normal_update,fresh,high,rain,0.72,caution,False,medium,1,minor,0.667,0.6,16.33,14.53,20.0,3.03,3.0,0,0,0,0,4.0,0.0,1.53,False,24,False,0.75,0.35,0.089,decreasing,0.054,0
PM-SYN-020,2026-08-19T07:58:00+08:00,15m,17,15,normal_update,fresh,high,rain,0.72,caution,False,medium,2,minor,1.0,0.8,17.67,15.13,20.0,2.87,-3.0,0,0,0,0,4.0,0.026,1.57,False,26,False,0.75,0.35,0.054,stable,0.145,0
PM-SYN-020,2026-08-19T08:00:00+08:00,15m,9,15,normal_update,fresh,high,rain,0.72,caution,False,medium,0,none,0.667,0.6,14.0,14.73,17.0,3.74,-7.0,0,0,0,0,4.0,0.0,1.6,False,28,False,0.75,0.35,0.145,decreasing,0.073,0
PM-SYN-020,2026-08-19T08:02:00+08:00,15m,10,15,normal_update,delayed,high,rain,0.72,caution,False,medium,0,none,0.333,0.6,12.0,14.67,17.0,4.22,-7.0,0,0,0,0,4.0,0.0,1.63,False,30,False,0.75,0.35,0.073,decreasing,0.128,0
PM-SYN-020,2026-08-19T08:04:00+08:00,15m,19,15,normal_update,fresh,high,rain,0.72,caution,False,medium,4,minor,0.333,0.6,12.67,15.13,19.0,3.97,10.0,0,0,0,0,4.0,0.032,1.67,False,32,False,0.75,0.35,0.128,stable,0.077,0
PM-SYN-020,2026-08-19T08:06:00+08:00,15m,12,15,normal_update,fresh,high,rain,0.72,caution,False,medium,0,none,0.333,0.4,13.67,15.13,19.0,3.93,2.0,0,0,0,0,4.0,0.0,1.7,False,34,False,0.75,0.35,0.077,decreasing,0.041,0
PM-SYN-020,2026-08-19T08:08:00+08:00,15m,9,15,normal_update,fresh,high,rain,0.72,caution,False,medium,0,none,0.333,0.2,13.33,14.87,19.0,3.76,-10.0,0,0,0,0,4.0,0.0,1.73,False,36,False,0.75,0.35,0.041,decreasing,0.093,1
PM-SYN-020,2026-08-19T08:10:00+08:00,15m,14,15,normal_update,delayed,high,rain,0.72,caution,False,medium,0,none,0.0,0.2,11.67,15.07,14.0,3.54,2.0,0,0,0,0,4.0,0.0,1.77,False,0,False,0.75,0.35,0.093,decreasing,0.039,1
PM-SYN-020,2026-08-19T08:12:00+08:00,15m,10,15,normal_update,fresh,high,rain,0.72,caution,False,medium,0,none,0.0,0.2,11.0,14.53,14.0,3.54,1.0,0,0,0,0,4.0,0.0,1.8,False,2,False,0.75,0.35,0.039,stable,0.061,1
PM-SYN-020,2026-08-19T08:14:00+08:00,15m,10,15,normal_update,delayed,high,rain,0.72,caution,False,medium,0,none,0.0,0.0,11.33,14.67,14.0,1.79,-4.0,0,0,0,0,4.0,0.0,1.83,False,4,False,0.75,0.35,0.061,decreasing,0.065,1
PM-SYN-020,2026-08-19T08:16:00+08:00,15m,17,15,normal_update,delayed,high,rain,0.72,caution,False,medium,2,minor,0.333,0.2,12.33,14.13,17.0,3.03,7.0,0,0,0,0,2.0,0.015,1.87,False,6,False,0.75,0.35,0.065,stable,0.031,1
PM-SYN-020,2026-08-19T08:18:00+08:00,15m,14,15,normal_update,fresh,high,rain,0.72,caution,False,medium,0,none,0.333,0.2,13.67,14.07,17.0,2.68,4.0,0,0,0,0,2.0,0.0,1.9,False,8,False,0.75,0.35,0.031,stable,0.029,1
PM-SYN-020,2026-08-19T08:20:00+08:00,15m,25,15,normal_update,fresh,high,rain,0.72,caution,False,medium,10,minor,0.667,0.4,18.67,14.33,25.0,5.56,8.0,0,0,0,0,2.0,0.371,1.93,False,10,False,0.75,0.35,0.029,increasing,0.112,0
PM-SYN-020,2026-08-19T08:22:00+08:00,15m,22,15,speeding,fresh,high,rain,0.72,caution,False,medium,7,minor,0.667,0.6,20.33,14.93,25.0,5.39,8.0,0,0,0,0,2.0,0.168,1.97,False,12,False,0.75,0.35,0.112,increasing,0.069,0
PM-SYN-020,2026-08-19T08:24:00+08:00,15m,16,15,normal_update,fresh,high,rain,0.72,caution,False,medium,1,minor,1.0,0.8,21.0,14.67,25.0,4.07,-9.0,0,0,0,0,2.0,0.0,2.0,False,14,False,0.75,0.35,0.069,stable,0.104,0
PM-SYN-020,2026-08-19T08:26:00+08:00,15m,15,15,normal_update,fresh,high,rain,0.72,caution,False,medium,0,none,0.667,0.6,17.67,14.6,22.0,4.32,-7.0,0,0,0,0,2.0,0.0,2.03,False,16,False,0.75,0.35,0.104,decreasing,0.096,0
PM-SYN-020,2026-08-19T08:28:00+08:00,15m,24,15,speeding,fresh,high,rain,0.72,caution,False,medium,9,minor,0.667,0.8,18.33,15.07,24.0,4.13,8.0,0,0,0,0,4.0,0.264,2.07,False,18,False,0.75,0.35,0.096,increasing,0.209,1
PM-SYN-020,2026-08-19T08:30:00+08:00,15m,14,15,normal_update,fresh,high,rain,0.72,caution,False,medium,0,none,0.333,0.6,17.67,15.4,24.0,4.02,-1.0,0,0,0,0,4.0,0.0,2.1,False,0,True,0.75,0.35,0.209,decreasing,0.111,1
PM-SYN-020,2026-08-19T08:32:00+08:00,15m,12,15,normal_update,fresh,high,rain,0.72,caution,False,medium,0,none,0.333,0.4,16.67,15.53,24.0,4.12,-12.0,0,0,0,0,4.0,0.0,2.13,False,2,True,0.75,0.35,0.111,decreasing,0.135,1
PM-SYN-020,2026-08-19T08:34:00+08:00,15m,10,15,normal_update,fresh,high,rain,0.72,caution,False,medium,0,none,0.0,0.2,12.0,14.93,14.0,4.82,-4.0,0,0,0,0,4.0,0.0,2.17,False,4,True,0.75,0.35,0.135,decreasing,0.086,1
PM-SYN-020,2026-08-19T08:36:00+08:00,15m,11,15,sharp_turn,fresh,high,rain,0.72,caution,False,medium,0,none,0.0,0.2,11.0,14.87,12.0,5.08,-1.0,0,1,0,1,6.0,0.0,2.2,False,6,True,0.75,0.35,0.086,stable,0.174,1
PM-SYN-020,2026-08-19T08:38:00+08:00,15m,20,15,speeding,fresh,high,rain,0.72,caution,False,medium,5,minor,0.333,0.2,13.67,15.6,20.0,3.56,10.0,0,1,0,1,8.0,0.106,2.23,False,8,True,0.75,0.35,0.174,increasing,0.074,1
PM-SYN-020,2026-08-19T08:40:00+08:00,15m,13,15,normal_update,fresh,high,rain,0.72,caution,False,medium,0,none,0.333,0.2,14.67,15.53,20.0,3.54,2.0,0,1,0,1,8.0,0.006,2.27,False,10,True,0.75,0.35,0.074,stable,0.156,1
PM-SYN-020,2026-08-19T08:42:00+08:00,15m,9,15,normal_update,stale,high,rain,0.72,caution,False,medium,0,none,0.333,0.2,14.0,15.47,20.0,3.93,-11.0,0,1,0,1,8.0,0.0,2.3,False,12,True,0.75,0.35,0.156,decreasing,0.149,0
PM-SYN-020,2026-08-19T08:44:00+08:00,15m,20,15,speeding,fresh,high,rain,0.72,caution,False,medium,5,minor,0.333,0.4,14.0,16.13,20.0,4.59,7.0,0,1,0,1,10.0,0.131,2.33,False,14,False,0.75,0.35,0.149,increasing,0.127,0
PM-SYN-020,2026-08-19T08:46:00+08:00,15m,24,15,speeding,fresh,high,rain,0.72,caution,False,medium,9,minor,0.667,0.6,17.67,16.6,24.0,5.42,15.0,0,0,0,0,12.0,0.233,2.37,False,16,False,0.75,0.35,0.127,increasing,0.141,0
PM-SYN-021,2026-08-19T08:43:00+08:00,15m,29,25,normal_update,fresh,high,rain,0.72,caution,False,medium,4,minor,0.333,0.2,23.0,24.13,29.0,3.93,11.0,1,0,1,0,4.0,0.099,0.5,False,999.0,False,0.75,0.35,0.141,increasing,0.083,0
PM-SYN-021,2026-08-19T08:45:00+08:00,15m,22,25,normal_update,fresh,high,rain,0.72,caution,False,medium,0,none,0.333,0.2,24.33,23.73,29.0,3.58,0.0,1,0,1,0,4.0,0.0,0.53,False,999.0,False,0.75,0.35,0.083,stable,0.07,0
PM-SYN-021,2026-08-19T08:47:00+08:00,15m,24,25,normal_update,fresh,high,rain,0.72,caution,False,medium,0,none,0.333,0.2,25.0,23.53,29.0,3.58,-5.0,1,0,1,0,4.0,0.01,0.57,False,999.0,False,0.75,0.35,0.07,stable,0.071,0
PM-SYN-021,2026-08-19T08:49:00+08:00,15m,23,25,normal_update,fresh,high,rain,0.72,caution,False,medium,0,none,0.0,0.2,23.0,23.33,24.0,2.61,1.0,1,0,1,0,2.0,0.009,0.6,False,999.0,False,0.75,0.35,0.071,stable,0.053,0
PM-SYN-021,2026-08-19T08:51:00+08:00,15m,24,25,normal_update,delayed,high,rain,0.72,caution,False,medium,0,none,0.0,0.2,23.67,23.67,24.0,2.42,0.0,0,0,0,0,2.0,0.0,0.63,False,999.0,False,0.75,0.35,0.053,decreasing,0.056,0
PM-SYN-021,2026-08-19T08:53:00+08:00,15m,35,25,sharp_turn,fresh,high,rain,0.72,caution,False,medium,10,minor,0.333,0.2,27.33,23.87,35.0,4.76,12.0,0,1,0,1,4.0,0.424,0.67,False,999.0,False,0.75,0.35,0.056,increasing,0.127,1
PM-SYN-021,2026-08-19T08:55:00+08:00,15m,25,25,normal_update,fresh,high,rain,0.72,caution,False,medium,0,none,0.333,0.2,28.0,23.93,35.0,4.45,1.0,0,1,0,1,4.0,0.0,0.7,False,0,False,0.75,0.35,0.127,decreasing,0.067,1
PM-SYN-021,2026-08-19T08:57:00+08:00,15m,31,25,speeding,delayed,high,rain,0.72,caution,False,medium,6,minor,0.667,0.4,30.33,24.4,35.0,4.63,-4.0,0,1,0,1,6.0,0.253,0.73,False,2,False,0.75,0.35,0.067,increasing,0.123,1
PM-SYN-021,2026-08-19T08:59:00+08:00,15m,18,25,sharp_turn,delayed,high,rain,0.72,caution,False,medium,0,none,0.333,0.4,24.67,23.93,31.0,5.89,-7.0,0,2,0,2,8.0,0.037,0.77,False,4,False,0.75,0.35,0.123,stable,0.11,1
PM-SYN-021,2026-08-19T09:01:00+08:00,15m,23,25,harsh_brake,fresh,high,rain,0.72,caution,False,medium,0,none,0.333,0.4,24.0,23.87,31.0,5.99,-8.0,1,2,1,2,10.0,0.13,0.8,False,0,False,0.75,0.35,0.11,increasing,0.101,1
PM-SYN-021,2026-08-19T09:03:00+08:00,15m,28,25,normal_update,fresh,high,rain,0.72,caution,False,medium,3,minor,0.333,0.4,23.0,24.33,28.0,4.43,10.0,1,1,1,1,10.0,0.179,0.83,False,0,False,0.75,0.35,0.101,increasing,0.09,1
PM-SYN-021,2026-08-19T09:05:00+08:00,15m,24,25,normal_update,fresh,high,rain,0.72,caution,False,medium,0,none,0.333,0.4,25.0,24.67,28.0,4.45,1.0,1,1,1,1,10.0,0.07,0.87,False,0,False,0.75,0.35,0.09,increasing,0.131,1
PM-SYN-021,2026-08-19T09:07:00+08:00,15m,20,25,sharp_turn,fresh,high,rain,0.72,caution,False,medium,0,none,0.333,0.2,24.0,24.4,28.0,3.44,-8.0,1,2,1,2,12.0,0.109,0.9,False,2,False,0.75,0.35,0.131,increasing,0.085,1
PM-SYN-021,2026-08-19T09:09:00+08:00,15m,25,25,normal_update,fresh,high,rain,0.72,caution,False,medium,0,none,0.0,0.2,23.0,24.87,25.0,2.61,1.0,1,1,1,1,12.0,0.075,0.93,False,4,False,0.75,0.35,0.085,increasing,0.123,1
PM-SYN-021,2026-08-19T09:11:00+08:00,15m,23,25,normal_update,fresh,high,rain,0.72,caution,False,medium,0,none,0.0,0.2,22.67,24.93,25.0,2.61,3.0,0,1,0,1,10.0,0.0,0.97,False,6,False,0.75,0.35,0.123,decreasing,0.044,1
PM-SYN-021,2026-08-19T09:13:00+08:00,15m,21,25,normal_update,fresh,high,rain,0.72,caution,False,medium,0,none,0.0,0.0,23.0,24.4,25.0,1.85,-4.0,0,1,0,1,10.0,0.036,1.0,False,0,False,0.75,0.35,0.044,stable,0.035,1
PM-SYN-021,2026-08-19T09:15:00+08:00,15m,19,25,harsh_brake,fresh,high,rain,0.72,caution,False,medium,0,none,0.0,0.0,21.0,24.2,23.0,2.15,-4.0,1,1,1,1,12.0,0.125,1.03,False,2,False,0.75,0.35,0.035,increasing,0.113,1
PM-SYN-021,2026-08-19T09:17:00+08:00,15m,24,25,normal_update,delayed,high,rain,0.72,caution,False,medium,0,none,0.0,0.0,21.33,24.2,24.0,2.15,3.0,1,0,1,0,12.0,0.0,1.07,False,4,False,0.75,0.35,0.113,stable,0.03,1
PM-SYN-021,2026-08-19T09:19:00+08:00,15m,29,25,normal_update,fresh,high,rain,0.72,caution,False,medium,4,minor,0.333,0.2,24.0,24.6,29.0,3.37,10.0,1,0,1,0,12.0,0.21,1.1,False,6,False,0.75,0.35,0.03,increasing,0.105,1
PM-SYN-021,2026-08-19T09:21:00+08:00,15m,32,25,speeding,fresh,high,rain,0.72,caution,False,medium,7,minor,0.667,0.4,28.33,25.13,32.0,4.86,8.0,1,0,1,0,14.0,0.255,1.13,False,8,False,0.75,0.35,0.105,increasing,0.077,1
PM-SYN-021,2026-08-19T09:23:00+08:00,15m,17,25,stale_gps,stale,high,rain,0.72,caution,False,medium,0,none,0.667,0.4,26.0,23.93,32.0,5.71,-12.0,1,0,1,0,14.0,0.003,1.17,False,10,False,0.75,0.35,0.077,stable,0.089,0
PM-SYN-021,2026-08-19T09:25:00+08:00,15m,27,25,normal_update,fresh,high,rain,0.72,caution,False,medium,2,minor,0.667,0.6,25.33,24.07,32.0,5.11,-5.0,0,0,0,0,14.0,0.0,1.2,False,12,False,0.75,0.35,0.089,stable,0.066,0
PM-SYN-021,2026-08-19T09:27:00+08:00,15m,26,25,normal_update,fresh,high,rain,0.72,caution,False,medium,1,minor,0.667,0.8,23.33,23.73,27.0,5.04,9.0,0,0,0,0,12.0,0.0,1.23,False,14,False,0.75,0.35,0.066,stable,0.085,0
PM-SYN-021,2026-08-19T09:29:00+08:00,15m,23,25,harsh_brake,fresh,high,rain,0.72,caution,False,medium,0,none,0.667,0.6,25.33,24.07,27.0,4.94,-4.0,1,0,1,0,12.0,0.0,1.27,False,16,False,0.75,0.35,0.085,stable,0.166,0
PM-SYN-021,2026-08-19T09:31:00+08:00,15m,20,25,normal_update,fresh,high,rain,0.72,caution,False,medium,0,none,0.333,0.4,23.0,23.87,26.0,3.72,-6.0,1,0,1,0,10.0,0.0,1.3,False,18,False,0.75,0.35,0.166,decreasing,0.059,0
PM-SYN-021,2026-08-19T09:33:00+08:00,15m,26,25,normal_update,fresh,high,rain,0.72,caution,False,medium,1,minor,0.333,0.6,23.0,23.73,26.0,2.58,3.0,1,0,1,0,10.0,0.061,1.33,False,20,False,0.75,0.35,0.059,increasing,0.129,0
PM-SYN-021,2026-08-19T09:35:00+08:00,15m,22,25,normal_update,fresh,high,rain,0.72,caution,False,medium,0,none,0.333,0.4,22.67,23.6,26.0,2.33,2.0,1,0,1,0,10.0,0.0,1.37,False,22,False,0.75,0.35,0.129,decreasing,0.055,0
PM-SYN-021,2026-08-19T09:37:00+08:00,15m,21,25,normal_update,fresh,high,rain,0.72,caution,False,medium,0,none,0.333,0.2,23.0,23.67,26.0,2.06,-5.0,1,0,1,0,8.0,0.025,1.4,False,24,False,0.75,0.35,0.055,stable,0.048,0
PM-SYN-021,2026-08-19T09:39:00+08:00,15m,34,25,normal_update,delayed,high,rain,0.72,caution,False,medium,9,minor,0.333,0.4,25.67,24.27,34.0,5.12,12.0,0,0,0,0,8.0,0.312,1.43,False,26,False,0.75,0.35,0.048,increasing,0.104,0
PM-SYN-021,2026-08-19T09:41:00+08:00,15m,20,25,normal_update,fresh,high,rain,0.72,caution,False,medium,0,none,0.333,0.4,25.0,24.07,34.0,5.12,-1.0,0,0,0,0,8.0,0.0,1.47,False,28,False,0.75,0.35,0.104,decreasing,0.094,0
PM-SYN-021,2026-08-19T09:43:00+08:00,15m,29,25,stale_gps,stale,high,rain,0.72,caution,False,medium,4,minor,0.667,0.4,27.67,24.6,34.0,5.42,-5.0,0,0,0,0,10.0,0.066,1.5,False,30,False,0.75,0.35,0.094,increasing,0.068,0
PM-SYN-021,2026-08-19T09:45:00+08:00,15m,33,25,normal_update,fresh,high,rain,0.72,caution,False,medium,8,minor,0.667,0.6,27.33,25.53,33.0,5.89,13.0,0,0,0,0,8.0,0.252,1.53,False,32,False,0.75,0.35,0.068,increasing,0.113,0
PM-SYN-021,2026-08-19T09:47:00+08:00,15m,22,25,normal_update,fresh,high,rain,0.72,caution,False,medium,0,none,0.667,0.6,28.0,25.4,33.0,5.68,-7.0,0,0,0,0,8.0,0.0,1.57,False,34,False,0.75,0.35,0.113,decreasing,0.14,0
PM-SYN-021,2026-08-19T09:49:00+08:00,15m,19,25,normal_update,fresh,high,rain,0.72,caution,False,medium,0,none,0.333,0.4,24.67,24.73,33.0,5.46,-14.0,0,0,0,0,8.0,0.0,1.6,False,36,False,0.75,0.35,0.14,decreasing,0.053,0
PM-SYN-021,2026-08-19T09:51:00+08:00,15m,23,25,normal_update,fresh,high,rain,0.72,caution,False,medium,0,none,0.0,0.4,21.33,24.13,23.0,5.08,1.0,0,0,0,0,6.0,0.0,1.63,False,38,False,0.75,0.35,0.053,decreasing,0.065,0
PM-SYN-021,2026-08-19T09:53:00+08:00,15m,18,25,normal_update,fresh,high,rain,0.72,caution,False,medium,0,none,0.0,0.2,20.0,24.2,23.0,5.33,-1.0,0,0,0,0,4.0,0.0,1.67,False,40,False,0.75,0.35,0.065,decreasing,0.047,0
PM-SYN-021,2026-08-19T09:55:00+08:00,15m,33,25,normal_update,fresh,high,rain,0.72,caution,False,medium,8,minor,0.333,0.2,24.67,24.6,33.0,5.33,10.0,0,0,0,0,4.0,0.273,1.7,False,42,False,0.75,0.35,0.047,increasing,0.04,0
PM-SYN-021,2026-08-19T09:57:00+08:00,15m,22,25,normal_update,stale,high,rain,0.72,caution,False,medium,0,none,0.333,0.2,24.33,24.33,33.0,5.33,4.0,0,0,0,0,4.0,0.0,1.73,False,44,False,0.75,0.35,0.04,decreasing,0.036,0
PM-SYN-021,2026-08-19T09:59:00+08:00,15m,18,25,normal_update,stale,high,rain,0.72,caution,False,medium,0,none,0.333,0.2,24.33,24.0,33.0,5.49,-15.0,0,0,0,0,2.0,0.0,1.77,False,46,False,0.75,0.35,0.036,stable,0.093,0
PM-SYN-021,2026-08-19T10:01:00+08:00,15m,20,25,normal_update,fresh,high,rain,0.72,caution,False,medium,0,none,0.0,0.2,20.0,24.0,22.0,5.6,-2.0,0,0,0,0,2.0,0.0,1.8,False,48,False,0.75,0.35,0.093,decreasing,0.082,0
PM-SYN-021,2026-08-19T10:03:00+08:00,15m,19,25,normal_update,fresh,high,rain,0.72,caution,False,medium,0,none,0.0,0.2,19.0,23.53,20.0,5.46,1.0,0,0,0,0,2.0,0.0,1.83,False,50,False,0.75,0.35,0.082,decreasing,0.039,0
PM-SYN-021,2026-08-19T10:05:00+08:00,15m,21,25,normal_update,delayed,high,rain,0.72,caution,False,medium,0,none,0.0,0.0,20.0,23.47,21.0,1.41,1.0,0,0,0,0,2.0,0.0,1.87,False,52,False,0.75,0.35,0.039,stable,0.067,0
PM-SYN-021,2026-08-19T10:07:00+08:00,15m,33,25,normal_update,stale,high,rain,0.72,caution,False,medium,8,minor,0.333,0.2,24.33,24.27,33.0,5.49,14.0,0,0,0,0,2.0,0.253,1.9,False,54,False,0.75,0.35,0.067,increasing,0.037,0
PM-SYN-021,2026-08-19T10:09:00+08:00,15m,22,25,normal_update,fresh,high,rain,0.72,caution,False,medium,0,none,0.333,0.2,25.33,23.47,33.0,5.1,1.0,0,0,0,0,2.0,0.0,1.93,False,56,False,0.75,0.35,0.037,stable,0.051,0
PM-SYN-021,2026-08-19T10:11:00+08:00,15m,21,25,normal_update,fresh,high,rain,0.72,caution,False,medium,0,none,0.333,0.2,25.33,23.53,33.0,5.0,-12.0,0,0,0,0,2.0,0.0,1.97,False,58,False,0.75,0.35,0.051,decreasing,0.064,0
PM-SYN-021,2026-08-19T10:13:00+08:00,15m,29,25,normal_update,fresh,high,rain,0.72,caution,False,medium,4,minor,0.333,0.4,24.0,23.53,29.0,4.92,7.0,0,0,0,0,0.0,0.096,2.0,False,60,False,0.75,0.35,0.064,increasing,0.05,0
PM-SYN-021,2026-08-19T10:15:00+08:00,15m,24,25,normal_update,fresh,high,rain,0.72,caution,False,medium,0,none,0.333,0.4,24.67,22.93,29.0,4.53,3.0,0,0,0,0,0.0,0.0,2.03,False,62,False,0.75,0.35,0.05,decreasing,0.068,0
PM-SYN-021,2026-08-19T10:17:00+08:00,15m,23,25,harsh_brake,fresh,high,rain,0.72,caution,False,medium,0,none,0.333,0.2,25.33,23.0,29.0,2.79,-6.0,1,0,1,0,2.0,0.012,2.07,False,64,False,0.75,0.35,0.068,stable,0.122,0
PM-SYN-021,2026-08-19T10:19:00+08:00,15m,19,25,normal_update,fresh,high,rain,0.72,caution,False,medium,0,none,0.0,0.2,22.0,23.0,24.0,3.37,-5.0,1,0,1,0,2.0,0.0,2.1,False,66,False,0.75,0.35,0.122,decreasing,0.068,0
PM-SYN-021,2026-08-19T10:21:00+08:00,15m,18,25,normal_update,fresh,high,rain,0.72,caution,False,medium,0,none,0.0,0.2,20.0,22.67,23.0,3.93,-5.0,1,0,1,0,2.0,0.012,2.13,False,68,False,0.75,0.35,0.068,stable,0.112,0
PM-SYN-021,2026-08-19T10:23:00+08:00,15m,21,25,normal_update,fresh,high,rain,0.72,caution,False,medium,0,none,0.0,0.0,19.33,22.87,21.0,2.28,2.0,1,0,1,0,2.0,0.0,2.17,False,70,False,0.75,0.35,0.112,stable,0.081,0
PM-SYN-021,2026-08-19T10:25:00+08:00,15m,24,25,normal_update,delayed,high,rain,0.72,caution,False,medium,0,none,0.0,0.0,21.0,22.27,24.0,2.28,6.0,1,0,1,0,2.0,0.0,2.2,False,72,False,0.75,0.35,0.081,stable,0.032,0
PM-SYN-021,2026-08-19T10:27:00+08:00,15m,23,25,normal_update,fresh,high,rain,0.72,caution,False,medium,0,none,0.0,0.0,22.67,22.33,24.0,2.28,2.0,0,0,0,0,2.0,0.0,2.23,False,74,False,0.75,0.35,0.032,stable,0.052,0
PM-SYN-021,2026-08-19T10:29:00+08:00,15m,22,25,normal_update,fresh,high,rain,0.72,caution,False,medium,0,none,0.0,0.0,23.0,22.6,24.0,2.06,-2.0,0,0,0,0,2.0,0.0,2.27,False,76,False,0.75,0.35,0.052,decreasing,0.057,0
PM-SYN-021,2026-08-19T10:31:00+08:00,15m,28,25,normal_update,fresh,high,rain,0.72,caution,False,medium,3,minor,0.333,0.2,24.33,23.13,28.0,2.42,5.0,0,0,0,0,2.0,0.063,2.3,False,78,False,0.75,0.35,0.057,increasing,0.07,1
PM-SYN-021,2026-08-19T10:33:00+08:00,15m,21,25,normal_update,delayed,high,rain,0.72,caution,False,medium,0,none,0.333,0.2,23.67,23.27,28.0,2.42,-1.0,0,0,0,0,2.0,0.0,2.33,False,0,False,0.75,0.35,0.07,decreasing,0.063,1
PM-SYN-021,2026-08-19T10:35:00+08:00,15m,33,25,normal_update,fresh,high,rain,0.72,caution,False,medium,8,minor,0.667,0.4,27.33,24.07,33.0,4.5,5.0,0,0,0,0,2.0,0.257,2.37,False,0,True,0.75,0.35,0.063,increasing,0.103,1
PM-SYN-022,2026-08-19T06:42:00+08:00,15m,33,40,normal_update,fresh,medium,clear,0.78,wharf,False,high,0,none,0.667,0.6,40.67,39.93,45.0,5.68,-11.0,0,0,0,0,6.0,0.0,0.5,True,999.0,False,0.25,1.0,0.147,decreasing,0.15,0
PM-SYN-022,2026-08-19T06:44:00+08:00,15m,38,40,normal_update,delayed,medium,clear,0.78,wharf,False,high,0,none,0.333,0.6,38.67,40.0,45.0,4.96,-7.0,0,0,0,0,6.0,0.0,0.53,True,999.0,False,0.25,1.0,0.15,decreasing,0.185,0
PM-SYN-022,2026-08-19T06:46:00+08:00,15m,35,40,normal_update,fresh,medium,clear,0.78,wharf,False,high,0,none,0.0,0.4,35.33,39.6,38.0,4.77,2.0,0,0,0,0,6.0,0.0,0.57,True,999.0,False,0.25,1.0,0.185,decreasing,0.177,1
PM-SYN-022,2026-08-19T06:48:00+08:00,15m,32,40,normal_update,stale,medium,clear,0.78,wharf,False,high,0,none,0.0,0.2,35.0,39.2,38.0,4.67,-6.0,0,0,0,0,4.0,0.0,0.6,True,0,True,0.25,1.0,0.177,decreasing,0.119,1
PM-SYN-022,2026-08-19T06:50:00+08:00,15m,45,40,normal_update,fresh,medium,clear,0.78,wharf,False,high,5,minor,0.333,0.2,37.33,39.67,45.0,4.67,10.0,0,0,0,0,4.0,0.081,0.63,True,2,True,0.25,1.0,0.119,increasing,0.094,1
PM-SYN-022,2026-08-19T06:52:00+08:00,15m,39,40,normal_update,fresh,medium,clear,0.78,wharf,False,high,0,none,0.333,0.2,38.67,39.27,45.0,4.35,7.0,0,0,0,0,4.0,0.0,0.67,True,4,True,0.25,1.0,0.094,decreasing,0.199,1
PM-SYN-022,2026-08-19T06:54:00+08:00,15m,39,40,normal_update,delayed,medium,clear,0.78,wharf,False,high,0,none,0.333,0.2,41.0,39.4,45.0,4.38,-6.0,0,0,0,0,4.0,0.0,0.7,True,0,False,0.25,1.0,0.199,decreasing,0.103,1
PM-SYN-022,2026-08-19T06:56:00+08:00,15m,39,40,normal_update,fresh,medium,clear,0.78,wharf,False,high,0,none,0.0,0.2,39.0,39.4,39.0,4.12,0.0,0,0,0,0,4.0,0.0,0.73,True,0,True,0.25,1.0,0.103,decreasing,0.111,1
PM-SYN-022,2026-08-19T06:58:00+08:00,15m,36,40,normal_update,fresh,medium,clear,0.78,wharf,False,high,0,none,0.0,0.2,38.0,39.47,39.0,2.94,-3.0,0,0,0,0,4.0,0.0,0.77,True,2,True,0.25,1.0,0.111,decreasing,0.143,1
PM-SYN-022,2026-08-19T07:00:00+08:00,15m,39,40,normal_update,stale,medium,clear,0.78,wharf,False,high,0,none,0.0,0.0,38.0,38.73,39.0,1.2,0.0,0,0,0,0,2.0,0.0,0.8,False,4,True,0.25,1.0,0.143,decreasing,0.086,1
PM-SYN-022,2026-08-19T07:02:00+08:00,15m,36,40,normal_update,fresh,medium,clear,0.78,wharf,False,high,0,none,0.0,0.0,37.0,38.67,39.0,1.47,0.0,0,0,0,0,2.0,0.0,0.83,False,6,True,0.25,1.0,0.086,decreasing,0.044,1
PM-SYN-022,2026-08-19T07:04:00+08:00,15m,46,40,speeding,fresh,medium,clear,0.78,wharf,False,high,6,minor,0.333,0.2,40.33,39.47,46.0,3.66,7.0,0,0,0,0,4.0,0.196,0.87,False,8,True,0.25,1.0,0.044,increasing,0.186,1
PM-SYN-022,2026-08-19T07:06:00+08:00,15m,35,40,normal_update,fresh,medium,clear,0.78,wharf,False,high,0,none,0.333,0.2,39.0,38.73,46.0,4.03,-1.0,0,0,0,0,2.0,0.0,0.9,False,10,True,0.25,1.0,0.186,decreasing,0.062,1
PM-SYN-022,2026-08-19T07:08:00+08:00,15m,38,40,normal_update,fresh,medium,clear,0.78,wharf,False,high,0,none,0.333,0.2,39.67,38.33,46.0,3.87,-8.0,0,0,0,0,2.0,0.0,0.93,False,12,True,0.25,1.0,0.062,decreasing,0.122,0
PM-SYN-022,2026-08-19T07:10:00+08:00,15m,43,40,normal_update,fresh,medium,clear,0.78,wharf,False,high,3,minor,0.333,0.4,38.67,38.2,43.0,4.22,8.0,0,0,0,0,2.0,0.0,0.97,False,14,False,0.25,1.0,0.122,stable,0.063,0
PM-SYN-022,2026-08-19T07:12:00+08:00,15m,35,40,normal_update,fresh,medium,clear,0.78,wharf,False,high,0,none,0.333,0.4,38.67,38.33,43.0,4.41,-3.0,0,0,0,0,2.0,0.0,1.0,False,16,False,0.25,1.0,0.063,decreasing,0.051,0
PM-SYN-022,2026-08-19T07:14:00+08:00,15m,36,40,normal_update,delayed,medium,clear,0.78,wharf,False,high,0,none,0.333,0.2,38.0,38.2,43.0,3.01,-7.0,0,0,0,0,2.0,0.0,1.03,False,18,False,0.25,1.0,0.051,decreasing,0.069,0
PM-SYN-022,2026-08-19T07:16:00+08:00,15m,47,40,sharp_turn,fresh,medium,clear,0.78,wharf,False,high,7,minor,0.333,0.4,39.33,39.0,47.0,4.53,12.0,0,1,0,1,4.0,0.291,1.07,False,20,False,0.25,1.0,0.069,increasing,0.199,0
PM-SYN-022,2026-08-19T07:18:00+08:00,15m,37,40,normal_update,fresh,medium,clear,0.78,wharf,False,high,0,none,0.333,0.4,40.0,39.33,47.0,4.63,1.0,0,1,0,1,4.0,0.0,1.1,False,22,False,0.25,1.0,0.199,decreasing,0.112,0
PM-SYN-022,2026-08-19T07:20:00+08:00,15m,37,40,normal_update,fresh,medium,clear,0.78,wharf,False,high,0,none,0.333,0.2,40.33,38.8,47.0,4.36,-10.0,0,1,0,1,4.0,0.0,1.13,False,24,False,0.25,1.0,0.112,stable,0.133,0
PM-SYN-022,2026-08-19T07:22:00+08:00,15m,41,40,sharp_turn,delayed,medium,clear,0.78,wharf,False,high,1,minor,0.333,0.4,38.33,38.93,41.0,4.08,4.0,0,2,0,2,6.0,0.067,1.17,False,26,False,0.25,1.0,0.133,increasing,0.079,0
PM-SYN-022,2026-08-19T07:24:00+08:00,15m,38,40,normal_update,delayed,medium,clear,0.78,wharf,False,high,0,none,0.333,0.4,38.67,38.87,41.0,3.79,1.0,0,2,0,2,6.0,0.081,1.2,False,28,False,0.25,1.0,0.079,increasing,0.165,0
PM-SYN-022,2026-08-19T07:26:00+08:00,15m,38,40,normal_update,fresh,medium,clear,0.78,wharf,False,high,0,none,0.333,0.2,39.0,38.8,41.0,1.47,-3.0,0,1,0,1,6.0,0.0,1.23,False,30,False,0.25,1.0,0.165,decreasing,0.086,0
PM-SYN-022,2026-08-19T07:28:00+08:00,15m,37,40,normal_update,delayed,medium,clear,0.78,wharf,False,high,0,none,0.0,0.2,37.67,38.87,38.0,1.47,-1.0,0,1,0,1,6.0,0.0,1.27,False,32,False,0.25,1.0,0.086,stable,0.126,0
PM-SYN-022,2026-08-19T07:30:00+08:00,15m,38,40,normal_update,fresh,medium,clear,0.78,wharf,False,high,0,none,0.0,0.2,37.67,38.8,38.0,1.36,0.0,0,1,0,1,6.0,0.0,1.3,False,34,False,0.25,1.0,0.126,decreasing,0.074,0
PM-SYN-022,2026-08-19T07:32:00+08:00,15m,39,40,normal_update,delayed,medium,clear,0.78,wharf,False,high,0,none,0.0,0.0,38.0,39.0,39.0,0.63,2.0,0,0,0,0,6.0,0.0,1.33,False,36,False,0.25,1.0,0.074,decreasing,0.059,0
PM-SYN-022,2026-08-19T07:34:00+08:00,15m,36,40,normal_update,fresh,medium,clear,0.78,wharf,False,high,0,none,0.0,0.0,37.67,38.33,39.0,1.02,-2.0,0,0,0,0,4.0,0.0,1.37,False,38,False,0.25,1.0,0.059,decreasing,0.048,0
PM-SYN-022,2026-08-19T07:36:00+08:00,15m,38,40,normal_update,fresh,medium,clear,0.78,wharf,False,high,0,none,0.0,0.0,37.67,38.53,39.0,1.02,-1.0,0,0,0,0,4.0,0.0,1.4,False,40,False,0.25,1.0,0.048,decreasing,0.037,0
PM-SYN-022,2026-08-19T07:38:00+08:00,15m,47,40,speeding,fresh,medium,clear,0.78,wharf,False,high,7,minor,0.333,0.2,40.33,39.13,47.0,3.83,11.0,0,0,0,0,6.0,0.243,1.43,False,42,False,0.25,1.0,0.037,increasing,0.043,0
PM-SYN-022,2026-08-19T07:40:00+08:00,15m,35,40,normal_update,fresh,medium,clear,0.78,wharf,False,high,0,none,0.333,0.2,40.0,38.6,47.0,4.24,-3.0,0,0,0,0,6.0,0.0,1.47,False,44,False,0.25,1.0,0.043,decreasing,0.093,0
PM-SYN-022,2026-08-19T07:42:00+08:00,15m,36,40,normal_update,fresh,medium,clear,0.78,wharf,False,high,0,none,0.333,0.2,39.33,38.67,47.0,4.41,-11.0,0,0,0,0,6.0,0.0,1.5,False,46,False,0.25,1.0,0.093,decreasing,0.108,0
PM-SYN-022,2026-08-19T07:44:00+08:00,15m,37,40,sharp_turn,fresh,medium,clear,0.78,wharf,False,high,0,none,0.0,0.2,36.0,38.73,37.0,4.32,2.0,0,1,0,1,8.0,0.0,1.53,False,48,False,0.25,1.0,0.108,stable,0.048,0
PM-SYN-022,2026-08-19T07:46:00+08:00,15m,44,40,normal_update,delayed,medium,clear,0.78,wharf,False,high,4,minor,0.333,0.4,39.0,38.53,44.0,4.79,8.0,0,1,0,1,6.0,0.192,1.57,False,50,False,0.25,1.0,0.048,increasing,0.113,0
PM-SYN-022,2026-08-19T07:48:00+08:00,15m,40,40,normal_update,fresh,medium,clear,0.78,wharf,False,high,0,none,0.333,0.2,40.33,38.73,44.0,3.26,3.0,0,1,0,1,6.0,0.0,1.6,False,52,False,0.25,1.0,0.113,stable,0.05,0
PM-SYN-022,2026-08-19T07:50:00+08:00,15m,35,40,normal_update,fresh,medium,clear,0.78,wharf,False,high,0,none,0.333,0.2,39.67,38.6,44.0,3.26,-9.0,0,1,0,1,6.0,0.03,1.63,False,54,False,0.25,1.0,0.05,stable,0.09,0
PM-SYN-022,2026-08-19T07:52:00+08:00,15m,37,40,normal_update,delayed,medium,clear,0.78,wharf,False,high,0,none,0.0,0.2,37.33,38.33,40.0,3.14,-3.0,0,1,0,1,4.0,0.0,1.67,False,56,False,0.25,1.0,0.09,stable,0.062,0
PM-SYN-022,2026-08-19T07:54:00+08:00,15m,37,40,normal_update,delayed,medium,clear,0.78,wharf,False,high,0,none,0.0,0.2,36.33,38.27,37.0,3.14,2.0,0,0,0,0,4.0,0.0,1.7,False,58,False,0.25,1.0,0.062,decreasing,0.096,1
PM-SYN-022,2026-08-19T07:56:00+08:00,15m,35,40,normal_update,fresh,medium,clear,0.78,wharf,False,high,0,none,0.0,0.0,36.33,38.07,37.0,1.83,-2.0,0,0,0,0,4.0,0.0,1.73,False,0,False,0.25,1.0,0.096,decreasing,0.078,1
PM-SYN-022,2026-08-19T07:58:00+08:00,15m,34,40,normal_update,fresh,medium,clear,0.78,wharf,False,high,0,none,0.0,0.0,35.33,37.87,37.0,1.2,-3.0,0,0,0,0,4.0,0.0,1.77,False,2,False,0.25,1.0,0.078,decreasing,0.035,1
PM-SYN-022,2026-08-19T08:00:00+08:00,15m,41,40,sharp_turn,fresh,medium,clear,0.78,wharf,False,high,1,minor,0.333,0.2,36.67,38.07,41.0,2.4,6.0,0,1,0,1,6.0,0.085,1.8,False,4,False,0.25,1.0,0.035,increasing,0.113,0
PM-SYN-022,2026-08-19T08:02:00+08:00,15m,39,40,normal_update,fresh,medium,clear,0.78,wharf,False,high,0,none,0.333,0.2,38.0,38.07,41.0,2.56,5.0,0,1,0,1,6.0,0.0,1.83,False,6,False,0.25,1.0,0.113,stable,0.046,0
PM-SYN-022,2026-08-19T08:04:00+08:00,15m,37,40,normal_update,stale,medium,clear,0.78,wharf,False,high,0,none,0.333,0.2,39.0,38.13,41.0,2.56,-4.0,0,1,0,1,6.0,0.034,1.87,False,8,False,0.25,1.0,0.046,stable,0.062,0
PM-SYN-022,2026-08-19T08:06:00+08:00,15m,39,40,normal_update,delayed,medium,clear,0.78,wharf,False,high,0,none,0.0,0.2,38.33,38.2,39.0,2.37,0.0,0,1,0,1,6.0,0.018,1.9,False,10,False,0.25,1.0,0.062,stable,0.133,0
PM-SYN-022,2026-08-19T08:08:00+08:00,15m,44,40,normal_update,fresh,medium,clear,0.78,wharf,False,high,4,minor,0.333,0.4,40.0,38.0,44.0,2.37,7.0,0,1,0,1,4.0,0.107,1.93,False,12,False,0.25,1.0,0.133,increasing,0.076,0
PM-SYN-022,2026-08-19T08:10:00+08:00,15m,40,40,normal_update,fresh,medium,clear,0.78,wharf,False,high,0,none,0.333,0.2,41.0,38.33,44.0,2.32,1.0,0,0,0,0,4.0,0.0,1.97,False,14,False,0.25,1.0,0.076,decreasing,0.083,0
PM-SYN-022,2026-08-19T08:12:00+08:00,15m,40,40,normal_update,fresh,medium,clear,0.78,wharf,False,high,0,none,0.333,0.2,41.33,38.6,44.0,2.28,-4.0,0,0,0,0,4.0,0.0,2.0,False,16,False,0.25,1.0,0.083,decreasing,0.043,0
PM-SYN-022,2026-08-19T08:14:00+08:00,15m,39,40,normal_update,delayed,medium,clear,0.78,wharf,False,high,0,none,0.0,0.2,39.67,38.73,40.0,1.85,-1.0,0,0,0,0,2.0,0.0,2.03,False,18,False,0.25,1.0,0.043,decreasing,0.041,0
PM-SYN-022,2026-08-19T08:16:00+08:00,15m,37,40,stale_gps,stale,medium,clear,0.78,wharf,False,high,0,none,0.0,0.2,38.67,38.27,40.0,2.28,-3.0,0,0,0,0,4.0,0.0,2.07,False,20,False,0.25,1.0,0.041,decreasing,0.072,0
PM-SYN-022,2026-08-19T08:18:00+08:00,15m,43,40,normal_update,delayed,medium,clear,0.78,wharf,False,high,3,minor,0.333,0.2,39.67,38.47,43.0,1.94,4.0,0,0,0,0,4.0,0.048,2.1,False,22,False,0.25,1.0,0.072,increasing,0.049,0
PM-SYN-022,2026-08-19T08:20:00+08:00,15m,32,40,normal_update,fresh,medium,clear,0.78,wharf,False,high,0,none,0.333,0.2,37.33,38.27,43.0,3.66,-5.0,0,0,0,0,4.0,0.0,2.13,False,24,False,0.25,1.0,0.049,decreasing,0.067,1
PM-SYN-022,2026-08-19T08:22:00+08:00,15m,35,40,normal_update,delayed,medium,clear,0.78,wharf,False,high,0,none,0.333,0.2,36.67,38.13,43.0,3.71,-8.0,0,0,0,0,4.0,0.0,2.17,False,0,True,0.25,1.0,0.067,decreasing,0.053,1
PM-SYN-022,2026-08-19T08:24:00+08:00,15m,44,40,normal_update,fresh,medium,clear,0.78,wharf,False,high,4,minor,0.333,0.4,37.0,38.6,44.0,4.62,12.0,0,0,0,0,4.0,0.107,2.2,False,0,False,0.25,1.0,0.053,increasing,0.055,1
PM-SYN-022,2026-08-19T08:26:00+08:00,15m,38,40,normal_update,fresh,medium,clear,0.78,wharf,False,high,0,none,0.333,0.4,39.0,38.8,44.0,4.59,3.0,0,0,0,0,4.0,0.0,2.23,False,2,False,0.25,1.0,0.055,decreasing,0.075,1
PM-SYN-022,2026-08-19T08:28:00+08:00,15m,39,40,normal_update,fresh,medium,clear,0.78,wharf,False,high,0,none,0.333,0.2,40.33,39.13,44.0,4.03,-5.0,0,0,0,0,4.0,0.0,2.27,False,4,False,0.25,1.0,0.075,decreasing,0.079,1
PM-SYN-022,2026-08-19T08:30:00+08:00,15m,37,40,normal_update,fresh,medium,clear,0.78,wharf,False,high,0,none,0.0,0.2,38.0,38.87,39.0,3.01,-1.0,0,0,0,0,2.0,0.0,2.3,False,6,False,0.25,1.0,0.079,decreasing,0.084,1
PM-SYN-022,2026-08-19T08:32:00+08:00,15m,34,40,sharp_turn,fresh,medium,clear,0.78,wharf,False,high,0,none,0.0,0.2,36.67,38.53,39.0,3.26,-5.0,0,1,0,1,4.0,0.0,2.33,False,8,False,0.25,1.0,0.084,stable,0.116,1
PM-SYN-022,2026-08-19T08:34:00+08:00,15m,37,40,normal_update,delayed,medium,clear,0.78,wharf,False,high,0,none,0.0,0.0,36.0,38.53,37.0,1.67,0.0,0,1,0,1,4.0,0.0,2.37,False,10,False,0.25,1.0,0.116,stable,0.038,0
PM-SYN-023,2026-08-19T08:17:00+08:00,15m,38,40,normal_update,fresh,medium,clear,0.6,caution,True,low,0,none,0.0,0.4,36.67,39.8,38.0,4.34,0.0,0,0,0,0,2.0,0.0,0.5,False,999.0,False,0.25,0.35,0.315,decreasing,0.039,0
PM-SYN-023,2026-08-19T08:19:00+08:00,15m,37,40,normal_update,stale,medium,clear,0.6,caution,True,low,0,none,0.0,0.2,36.33,39.27,38.0,3.61,3.0,0,0,0,0,2.0,0.0,0.53,False,999.0,False,0.25,0.35,0.039,stable,0.046,0
PM-SYN-023,2026-08-19T08:21:00+08:00,15m,35,40,normal_update,fresh,medium,clear,0.6,caution,True,low,0,none,0.0,0.0,36.67,39.27,38.0,1.62,-3.0,0,0,0,0,2.0,0.0,0.57,False,999.0,False,0.25,0.35,0.046,decreasing,0.016,0
PM-SYN-023,2026-08-19T08:23:00+08:00,15m,39,40,normal_update,fresh,medium,clear,0.6,caution,True,low,0,none,0.0,0.0,37.0,39.53,39.0,1.85,2.0,0,0,0,0,2.0,0.0,0.6,False,999.0,False,0.25,0.35,0.016,stable,0.032,0
PM-SYN-023,2026-08-19T08:25:00+08:00,15m,35,40,normal_update,stale,medium,clear,0.6,caution,True,low,0,none,0.0,0.0,36.33,39.27,39.0,1.6,0.0,0,0,0,0,2.0,0.0,0.63,False,999.0,False,0.25,0.35,0.032,stable,0.03,0
PM-SYN-023,2026-08-19T08:27:00+08:00,15m,43,40,normal_update,fresh,medium,clear,0.6,caution,True,low,3,minor,0.333,0.2,39.0,39.93,43.0,2.99,4.0,0,0,0,0,2.0,0.09,0.67,False,999.0,False,0.25,0.35,0.03,increasing,0.017,0
PM-SYN-023,2026-08-19T08:29:00+08:00,15m,37,40,normal_update,fresh,medium,clear,0.6,caution,True,low,0,none,0.333,0.2,38.33,39.8,43.0,2.99,2.0,0,0,0,0,2.0,0.0,0.7,False,999.0,False,0.25,0.35,0.017,stable,0.035,0
PM-SYN-023,2026-08-19T08:31:00+08:00,15m,48,40,normal_update,stale,medium,clear,0.6,caution,True,low,8,minor,0.667,0.4,42.67,40.4,48.0,4.63,5.0,0,0,0,0,2.0,0.285,0.73,False,999.0,False,0.25,0.35,0.035,increasing,0.074,0
PM-SYN-023,2026-08-19T08:33:00+08:00,15m,37,40,normal_update,fresh,medium,clear,0.6,caution,True,low,0,none,0.333,0.4,40.67,40.4,48.0,4.82,0.0,0,0,0,0,2.0,0.0,0.77,False,999.0,False,0.25,0.35,0.074,decreasing,0.027,0
PM-SYN-023,2026-08-19T08:35:00+08:00,15m,35,40,normal_update,fresh,medium,clear,0.6,caution,True,low,0,none,0.333,0.4,40.0,39.67,48.0,4.82,-13.0,0,0,0,0,2.0,0.0,0.8,False,999.0,False,0.25,0.35,0.027,stable,0.032,0
PM-SYN-023,2026-08-19T08:37:00+08:00,15m,44,40,sharp_turn,fresh,medium,clear,0.6,caution,True,low,4,minor,0.333,0.4,38.67,39.33,44.0,4.96,7.0,0,1,0,1,4.0,0.208,0.83,False,999.0,False,0.25,0.35,0.032,increasing,0.043,0
PM-SYN-023,2026-08-19T08:39:00+08:00,15m,38,40,normal_update,fresh,medium,clear,0.6,caution,True,low,0,none,0.333,0.4,39.0,38.87,44.0,4.84,3.0,0,1,0,1,2.0,0.037,0.87,False,999.0,False,0.25,0.35,0.043,stable,0.036,0
PM-SYN-023,2026-08-19T08:41:00+08:00,15m,35,40,normal_update,fresh,medium,clear,0.6,caution,True,low,0,none,0.333,0.2,39.0,38.2,44.0,3.31,-9.0,0,1,0,1,2.0,0.044,0.9,False,999.0,False,0.25,0.35,0.036,increasing,0.024,0
PM-SYN-023,2026-08-19T08:43:00+08:00,15m,49,40,normal_update,fresh,medium,clear,0.6,caution,True,low,9,minor,0.333,0.4,40.67,38.93,49.0,5.49,11.0,0,1,0,1,2.0,0.416,0.93,False,999.0,False,0.25,0.35,0.024,increasing,0.059,0
PM-SYN-023,2026-08-19T08:45:00+08:00,15m,35,40,normal_update,fresh,medium,clear,0.6,caution,True,low,0,none,0.333,0.4,39.67,39.0,49.0,5.49,0.0,0,1,0,1,2.0,0.021,0.97,False,999.0,False,0.25,0.35,0.059,stable,0.026,0
PM-SYN-023,2026-08-19T08:47:00+08:00,15m,41,40,normal_update,fresh,medium,clear,0.6,caution,True,low,1,minor,0.667,0.4,41.67,39.2,49.0,5.2,-8.0,0,0,0,0,2.0,0.014,1.0,False,999.0,False,0.25,0.35,0.026,stable,0.047,0
PM-SYN-023,2026-08-19T08:49:00+08:00,15m,49,40,stale_gps,stale,medium,clear,0.6,caution,True,low,9,minor,0.667,0.6,41.67,40.0,49.0,6.27,14.0,0,0,0,0,4.0,0.313,1.03,False,999.0,False,0.25,0.35,0.047,increasing,0.069,0
PM-SYN-023,2026-08-19T08:51:00+08:00,15m,37,40,normal_update,delayed,medium,clear,0.6,caution,True,low,0,none,0.667,0.6,42.33,40.13,49.0,5.88,-4.0,0,0,0,0,4.0,0.0,1.07,False,999.0,False,0.25,0.35,0.069,decreasing,0.031,0
PM-SYN-023,2026-08-19T08:53:00+08:00,15m,43,40,normal_update,fresh,medium,clear,0.6,caution,True,low,3,minor,0.667,0.6,43.0,40.4,49.0,4.9,-6.0,0,0,0,0,4.0,0.089,1.1,False,999.0,False,0.25,0.35,0.031,increasing,0.037,0
PM-SYN-023,2026-08-19T08:55:00+08:00,15m,38,40,stale_gps,stale,medium,clear,0.6,caution,True,low,0,none,0.333,0.6,39.33,40.6,43.0,4.27,1.0,0,0,0,0,6.0,0.0,1.13,False,999.0,False,0.25,0.35,0.037,stable,0.032,0
PM-SYN-023,2026-08-19T08:57:00+08:00,15m,40,40,normal_update,fresh,medium,clear,0.6,caution,True,low,0,none,0.333,0.4,40.33,40.4,43.0,4.32,-3.0,0,0,0,0,6.0,0.0,1.17,False,999.0,False,0.25,0.35,0.032,stable,0.023,0
PM-SYN-023,2026-08-19T08:59:00+08:00,15m,33,40,normal_update,fresh,medium,clear,0.6,caution,True,low,0,none,0.0,0.2,37.0,40.13,40.0,3.31,-5.0,0,0,0,0,6.0,0.0,1.2,False,999.0,False,0.25,0.35,0.023,stable,0.015,0
PM-SYN-023,2026-08-19T09:01:00+08:00,15m,35,40,normal_update,fresh,medium,clear,0.6,caution,True,low,0,none,0.0,0.2,36.0,39.27,40.0,3.54,-5.0,0,0,0,0,6.0,0.0,1.23,False,999.0,False,0.25,0.35,0.015,stable,0.028,0
PM-SYN-023,2026-08-19T09:03:00+08:00,15m,33,40,normal_update,fresh,medium,clear,0.6,caution,True,low,0,none,0.0,0.0,33.67,39.0,35.0,2.79,0.0,0,0,0,0,6.0,0.0,1.27,False,999.0,False,0.25,0.35,0.028,stable,0.026,0
PM-SYN-023,2026-08-19T09:05:00+08:00,15m,39,40,normal_update,fresh,medium,clear,0.6,caution,True,low,0,none,0.0,0.0,35.67,39.27,39.0,2.97,4.0,0,0,0,0,6.0,0.0,1.3,False,999.0,False,0.25,0.35,0.026,stable,0.032,0
PM-SYN-023,2026-08-19T09:07:00+08:00,15m,43,40,stale_gps,stale,medium,clear,0.6,caution,True,low,3,minor,0.333,0.2,38.33,39.2,43.0,3.88,10.0,0,0,0,0,6.0,0.088,1.33,False,999.0,False,0.25,0.35,0.032,increasing,0.038,0
PM-SYN-023,2026-08-19T09:09:00+08:00,15m,32,40,normal_update,fresh,medium,clear,0.6,caution,True,low,0,none,0.333,0.2,38.0,38.8,43.0,4.08,-7.0,0,0,0,0,6.0,0.0,1.37,False,999.0,False,0.25,0.35,0.038,stable,0.021,0
PM-SYN-023,2026-08-19T09:11:00+08:00,15m,35,40,normal_update,fresh,medium,clear,0.6,caution,True,low,0,none,0.333,0.2,36.67,38.8,43.0,4.08,-8.0,0,0,0,0,6.0,0.0,1.4,False,999.0,False,0.25,0.35,0.021,stable,0.048,0
PM-SYN-023,2026-08-19T09:13:00+08:00,15m,43,40,normal_update,fresh,medium,clear,0.6,caution,True,low,3,minor,0.333,0.4,36.67,38.4,43.0,4.36,11.0,0,0,0,0,6.0,0.072,1.43,False,999.0,False,0.25,0.35,0.048,increasing,0.059,0
PM-SYN-023,2026-08-19T09:15:00+08:00,15m,36,40,normal_update,fresh,medium,clear,0.6,caution,True,low,0,none,0.333,0.4,38.0,38.47,43.0,4.45,1.0,0,0,0,0,6.0,0.0,1.47,False,999.0,False,0.25,0.35,0.059,decreasing,0.046,0
PM-SYN-023,2026-08-19T09:17:00+08:00,15m,42,40,normal_update,fresh,medium,clear,0.6,caution,True,low,2,minor,0.667,0.4,40.33,38.53,43.0,4.22,-1.0,0,0,0,0,6.0,0.034,1.5,False,999.0,False,0.25,0.35,0.046,stable,0.04,0
PM-SYN-023,2026-08-19T09:19:00+08:00,15m,42,40,normal_update,fresh,medium,clear,0.6,caution,True,low,2,minor,0.667,0.6,40.0,38.07,42.0,3.38,6.0,0,0,0,0,4.0,0.04,1.53,False,999.0,False,0.25,0.35,0.04,stable,0.047,0
PM-SYN-023,2026-08-19T09:21:00+08:00,15m,47,40,speeding,fresh,medium,clear,0.6,caution,True,low,7,minor,1.0,0.8,43.67,38.73,47.0,3.52,5.0,0,0,0,0,6.0,0.233,1.57,False,999.0,False,0.25,0.35,0.047,increasing,0.06,0
PM-SYN-023,2026-08-19T09:23:00+08:00,15m,41,40,normal_update,fresh,medium,clear,0.6,caution,True,low,1,minor,1.0,0.8,43.33,38.6,47.0,3.5,-1.0,0,0,0,0,6.0,0.0,1.6,False,999.0,False,0.25,0.35,0.06,stable,0.048,0
PM-SYN-023,2026-08-19T09:25:00+08:00,15m,33,40,normal_update,fresh,medium,clear,0.6,caution,True,low,0,none,0.667,0.8,40.33,38.27,47.0,4.52,-14.0,0,0,0,0,4.0,0.0,1.63,False,999.0,False,0.25,0.35,0.048,decreasing,0.094,0
PM-SYN-023,2026-08-19T09:27:00+08:00,15m,42,40,normal_update,stale,medium,clear,0.6,caution,True,low,2,minor,0.667,0.8,38.67,38.4,42.0,4.52,1.0,0,0,0,0,4.0,0.0,1.67,False,999.0,False,0.25,0.35,0.094,stable,0.03,0
PM-SYN-023,2026-08-19T09:29:00+08:00,15m,37,40,normal_update,fresh,medium,clear,0.6,caution,True,low,0,none,0.333,0.6,37.33,38.67,42.0,4.73,4.0,0,0,0,0,4.0,0.0,1.7,False,999.0,False,0.25,0.35,0.03,stable,0.027,0
PM-SYN-023,2026-08-19T09:31:00+08:00,15m,36,40,normal_update,delayed,medium,clear,0.6,caution,True,low,0,none,0.333,0.4,38.33,38.73,42.0,3.31,-6.0,0,0,0,0,4.0,0.0,1.73,False,999.0,False,0.25,0.35,0.027,stable,0.027,0
PM-SYN-023,2026-08-19T09:33:00+08:00,15m,47,40,normal_update,fresh,medium,clear,0.6,caution,True,low,7,minor,0.333,0.4,40.0,39.67,47.0,4.94,10.0,0,0,0,0,4.0,0.253,1.77,False,999.0,False,0.25,0.35,0.027,increasing,0.067,0
PM-SYN-023,2026-08-19T09:35:00+08:00,15m,37,40,normal_update,fresh,medium,clear,0.6,caution,True,low,0,none,0.333,0.4,40.0,39.53,47.0,4.17,1.0,0,0,0,0,4.0,0.0,1.8,False,999.0,False,0.25,0.35,0.067,decreasing,0.042,0
PM-SYN-023,2026-08-19T09:37:00+08:00,15m,38,40,normal_update,stale,medium,clear,0.6,caution,True,low,0,none,0.333,0.2,40.67,39.2,47.0,4.05,-9.0,0,0,0,0,2.0,0.0,1.83,False,999.0,False,0.25,0.35,0.042,decreasing,0.018,0
PM-SYN-023,2026-08-19T09:39:00+08:00,15m,33,40,normal_update,fresh,medium,clear,0.6,caution,True,low,0,none,0.0,0.2,36.0,39.27,38.0,4.71,-4.0,0,0,0,0,2.0,0.0,1.87,False,999.0,False,0.25,0.35,0.018,stable,0.023,0
PM-SYN-023,2026-08-19T09:41:00+08:00,15m,47,40,normal_update,fresh,medium,clear,0.6,caution,True,low,7,minor,0.333,0.4,39.33,40.07,47.0,5.64,9.0,0,0,0,0,2.0,0.257,1.9,False,999.0,False,0.25,0.35,0.023,increasing,0.031,0
PM-SYN-023,2026-08-19T09:43:00+08:00,15m,37,40,normal_update,fresh,medium,clear,0.6,caution,True,low,0,none,0.333,0.2,39.0,39.67,47.0,4.63,4.0,0,0,0,0,2.0,0.0,1.93,False,999.0,False,0.25,0.35,0.031,stable,0.038,0
PM-SYN-023,2026-08-19T09:45:00+08:00,15m,37,40,normal_update,fresh,medium,clear,0.6,caution,True,low,0,none,0.333,0.2,40.33,39.73,47.0,4.63,-10.0,0,0,0,0,2.0,0.0,1.97,False,999.0,False,0.25,0.35,0.038,stable,0.029,0
PM-SYN-023,2026-08-19T09:47:00+08:00,15m,36,40,normal_update,fresh,medium,clear,0.6,caution,True,low,0,none,0.0,0.2,36.67,39.33,37.0,4.73,-1.0,0,0,0,0,2.0,0.0,2.0,False,999.0,False,0.25,0.35,0.029,stable,0.04,0
PM-SYN-023,2026-08-19T09:49:00+08:00,15m,34,40,normal_update,fresh,medium,clear,0.6,caution,True,low,0,none,0.0,0.2,35.67,38.8,37.0,4.53,-3.0,0,0,0,0,2.0,0.0,2.03,False,999.0,False,0.25,0.35,0.04,stable,0.018,0
PM-SYN-023,2026-08-19T09:51:00+08:00,15m,46,40,normal_update,fresh,medium,clear,0.6,caution,True,low,6,minor,0.333,0.2,38.67,38.73,46.0,4.15,10.0,0,0,0,0,0.0,0.222,2.07,False,999.0,False,0.25,0.35,0.018,increasing,0.021,0
PM-SYN-023,2026-08-19T09:53:00+08:00,15m,42,40,normal_update,fresh,medium,clear,0.6,caution,True,low,2,minor,0.667,0.4,40.67,38.8,46.0,4.38,8.0,0,0,0,0,0.0,0.059,2.1,False,999.0,False,0.25,0.35,0.021,increasing,0.049,0
PM-SYN-023,2026-08-19T09:55:00+08:00,15m,37,40,normal_update,fresh,medium,clear,0.6,caution,True,low,0,none,0.667,0.4,41.67,39.07,46.0,4.38,-9.0,0,0,0,0,0.0,0.0,2.13,False,999.0,False,0.25,0.35,0.049,decreasing,0.026,0
PM-SYN-023,2026-08-19T09:57:00+08:00,15m,48,40,normal_update,fresh,medium,clear,0.6,caution,True,low,8,minor,0.667,0.6,42.33,39.47,48.0,5.28,6.0,0,0,0,0,0.0,0.294,2.17,False,999.0,False,0.25,0.35,0.026,increasing,0.029,0
PM-SYN-023,2026-08-19T09:59:00+08:00,15m,36,40,normal_update,fresh,medium,clear,0.6,caution,True,low,0,none,0.333,0.6,40.33,39.4,48.0,4.75,-1.0,0,0,0,0,0.0,0.0,2.2,False,999.0,False,0.25,0.35,0.029,stable,0.037,1
PM-SYN-023,2026-08-19T10:01:00+08:00,15m,50,40,normal_update,fresh,medium,clear,0.6,caution,True,low,10,minor,0.667,0.6,44.67,40.33,50.0,5.64,2.0,0,0,0,0,0.0,0.363,2.23,False,0,False,0.25,0.35,0.037,increasing,0.078,1
PM-SYN-023,2026-08-19T10:03:00+08:00,15m,35,40,normal_update,fresh,medium,clear,0.6,caution,True,low,0,none,0.333,0.4,40.33,39.53,50.0,6.43,-1.0,0,0,0,0,0.0,0.0,2.27,False,0,True,0.25,0.35,0.078,decreasing,0.036,1
PM-SYN-023,2026-08-19T10:05:00+08:00,15m,38,40,normal_update,fresh,medium,clear,0.6,caution,True,low,0,none,0.333,0.4,41.0,39.6,50.0,6.31,-12.0,0,0,0,0,0.0,0.0,2.3,False,2,True,0.25,0.35,0.036,stable,0.074,1
PM-SYN-023,2026-08-19T10:07:00+08:00,15m,46,40,normal_update,delayed,medium,clear,0.6,caution,True,low,6,minor,0.333,0.4,39.67,40.13,46.0,5.93,11.0,0,0,0,0,0.0,0.166,2.33,False,4,True,0.25,0.35,0.074,increasing,0.036,1
PM-SYN-023,2026-08-19T10:09:00+08:00,15m,43,40,normal_update,fresh,medium,clear,0.6,caution,True,low,3,minor,0.667,0.6,42.33,40.8,46.0,5.39,5.0,0,0,0,0,0.0,0.084,2.37,False,6,True,0.25,0.35,0.036,increasing,0.075,1
PM-SYN-024,2026-08-19T07:26:00+08:00,15m,21,25,normal_update,fresh,high,rain,0.72,caution,False,medium,0,none,0.333,0.4,24.67,24.53,30.0,4.59,-2.0,0,0,0,0,6.0,0.0,0.5,False,999.0,False,0.75,0.35,0.278,decreasing,0.125,0
PM-SYN-024,2026-08-19T07:28:00+08:00,15m,26,25,normal_update,delayed,high,rain,0.72,caution,False,medium,1,minor,0.667,0.6,25.67,24.87,30.0,3.63,-4.0,0,0,0,0,6.0,0.0,0.53,False,999.0,False,0.75,0.35,0.125,decreasing,0.058,0
PM-SYN-024,2026-08-19T07:30:00+08:00,15m,25,25,normal_update,fresh,high,rain,0.72,caution,False,medium,0,none,0.333,0.4,24.0,24.67,26.0,3.03,4.0,0,0,0,0,6.0,0.0,0.57,False,999.0,False,0.75,0.35,0.058,decreasing,0.065,0
PM-SYN-024,2026-08-19T07:32:00+08:00,15m,29,25,normal_update,fresh,high,rain,0.72,caution,False,medium,4,minor,0.667,0.6,26.67,25.13,29.0,3.19,3.0,0,0,0,0,6.0,0.095,0.6,False,999.0,False,0.75,0.35,0.065,increasing,0.061,1
PM-SYN-024,2026-08-19T07:34:00+08:00,15m,20,25,harsh_brake,delayed,high,rain,0.72,caution,False,medium,0,none,0.333,0.4,24.67,24.4,29.0,3.31,-5.0,1,0,1,0,6.0,0.019,0.63,False,0,False,0.75,0.35,0.061,stable,0.068,1
PM-SYN-024,2026-08-19T07:36:00+08:00,15m,25,25,normal_update,fresh,high,rain,0.72,caution,False,medium,0,none,0.333,0.4,24.67,24.4,29.0,2.9,-4.0,1,0,1,0,6.0,0.012,0.67,False,2,False,0.75,0.35,0.068,stable,0.094,0
PM-SYN-024,2026-08-19T07:38:00+08:00,15m,22,25,normal_update,fresh,high,rain,0.72,caution,False,medium,0,none,0.0,0.2,22.33,24.4,25.0,3.06,2.0,1,0,1,0,6.0,0.0,0.7,False,4,False,0.75,0.35,0.094,stable,0.067,0
PM-SYN-024,2026-08-19T07:40:00+08:00,15m,21,25,normal_update,fresh,high,rain,0.72,caution,False,medium,0,none,0.0,0.2,22.67,24.2,25.0,3.26,-4.0,1,0,1,0,6.0,0.013,0.73,False,6,False,0.75,0.35,0.067,stable,0.063,0
PM-SYN-024,2026-08-19T07:42:00+08:00,15m,24,25,normal_update,fresh,high,rain,0.72,caution,False,medium,0,none,0.0,0.0,22.33,24.27,24.0,1.85,2.0,1,0,1,0,6.0,0.017,0.77,False,8,False,0.75,0.35,0.063,stable,0.045,0
PM-SYN-024,2026-08-19T07:44:00+08:00,15m,24,25,normal_update,fresh,high,rain,0.72,caution,False,medium,0,none,0.0,0.0,23.0,24.4,24.0,1.47,3.0,0,0,0,0,4.0,0.0,0.8,False,10,False,0.75,0.35,0.045,decreasing,0.048,0
PM-SYN-024,2026-08-19T07:46:00+08:00,15m,24,25,normal_update,fresh,high,rain,0.72,caution,False,medium,0,none,0.0,0.0,24.0,24.2,24.0,1.26,0.0,0,0,0,0,4.0,0.0,0.83,False,12,False,0.75,0.35,0.048,decreasing,0.052,0
PM-SYN-024,2026-08-19T07:48:00+08:00,15m,26,25,normal_update,fresh,high,rain,0.72,caution,False,medium,1,minor,0.333,0.2,24.67,24.67,26.0,1.6,2.0,0,0,0,0,4.0,0.0,0.87,False,14,False,0.75,0.35,0.052,stable,0.05,1
PM-SYN-024,2026-08-19T07:50:00+08:00,15m,20,25,normal_update,fresh,high,rain,0.72,caution,False,medium,0,none,0.333,0.2,23.33,24.0,26.0,1.96,-4.0,0,0,0,0,2.0,0.0,0.9,False,0,False,0.75,0.35,0.05,decreasing,0.05,1
PM-SYN-024,2026-08-19T07:52:00+08:00,15m,24,25,normal_update,delayed,high,rain,0.72,caution,False,medium,0,none,0.333,0.2,23.33,24.07,26.0,1.96,-2.0,0,0,0,0,2.0,0.0,0.93,False,2,False,0.75,0.35,0.05,decreasing,0.045,0
PM-SYN-024,2026-08-19T07:54:00+08:00,15m,36,25,speeding,delayed,high,rain,0.72,caution,False,medium,11,moderate,0.333,0.4,26.67,24.47,36.0,5.37,16.0,0,0,0,0,4.0,0.395,0.97,False,4,False,0.75,0.35,0.045,increasing,0.052,0
PM-SYN-024,2026-08-19T07:56:00+08:00,15m,17,25,normal_update,fresh,high,rain,0.72,caution,False,medium,0,none,0.333,0.4,25.67,24.2,36.0,6.5,-7.0,0,0,0,0,4.0,0.0,1.0,False,6,False,0.75,0.35,0.052,decreasing,0.061,0
PM-SYN-024,2026-08-19T07:58:00+08:00,15m,21,25,normal_update,fresh,high,rain,0.72,caution,False,medium,0,none,0.333,0.2,24.67,23.87,36.0,6.59,-15.0,0,0,0,0,4.0,0.0,1.03,False,8,False,0.75,0.35,0.061,decreasing,0.085,1
PM-SYN-024,2026-08-19T08:00:00+08:00,15m,24,25,normal_update,fresh,high,rain,0.72,caution,False,medium,0,none,0.0,0.2,20.67,23.8,24.0,6.34,7.0,0,0,0,0,4.0,0.0,1.07,False,0,False,0.75,0.35,0.085,decreasing,0.052,1
PM-SYN-024,2026-08-19T08:02:00+08:00,15m,21,25,normal_update,fresh,high,rain,0.72,caution,False,medium,0,none,0.0,0.2,22.0,23.27,24.0,6.49,0.0,0,0,0,0,4.0,0.0,1.1,False,2,False,0.75,0.35,0.052,decreasing,0.061,1
PM-SYN-024,2026-08-19T08:04:00+08:00,15m,22,25,normal_update,fresh,high,rain,0.72,caution,False,medium,0,none,0.0,0.0,22.33,23.4,24.0,2.28,-2.0,0,0,0,0,2.0,0.0,1.13,False,4,False,0.75,0.35,0.061,decreasing,0.045,1
PM-SYN-024,2026-08-19T08:06:00+08:00,15m,21,25,normal_update,fresh,high,rain,0.72,caution,False,medium,0,none,0.0,0.0,21.33,23.13,22.0,1.17,0.0,0,0,0,0,2.0,0.0,1.17,False,6,False,0.75,0.35,0.045,decreasing,0.023,0
PM-SYN-024,2026-08-19T08:08:00+08:00,15m,22,25,normal_update,fresh,high,rain,0.72,caution,False,medium,0,none,0.0,0.0,21.67,23.13,22.0,1.1,0.0,0,0,0,0,2.0,0.0,1.2,False,8,False,0.75,0.35,0.023,stable,0.041,0
PM-SYN-024,2026-08-19T08:10:00+08:00,15m,33,25,normal_update,delayed,high,rain,0.72,caution,False,medium,8,minor,0.333,0.2,25.33,23.93,33.0,4.62,12.0,0,0,0,0,2.0,0.279,1.23,False,10,False,0.75,0.35,0.041,increasing,0.068,0
PM-SYN-024,2026-08-19T08:12:00+08:00,15m,22,25,normal_update,fresh,high,rain,0.72,caution,False,medium,0,none,0.333,0.2,25.67,23.8,33.0,4.52,0.0,0,0,0,0,2.0,0.0,1.27,False,12,False,0.75,0.35,0.068,decreasing,0.057,0
PM-SYN-024,2026-08-19T08:14:00+08:00,15m,30,25,normal_update,fresh,high,rain,0.72,caution,False,medium,5,minor,0.667,0.4,28.33,24.2,33.0,4.92,-3.0,0,0,0,0,2.0,0.143,1.3,False,14,False,0.75,0.35,0.057,increasing,0.077,0
PM-SYN-024,2026-08-19T08:16:00+08:00,15m,19,25,harsh_brake,fresh,high,rain,0.72,caution,False,medium,0,none,0.333,0.4,23.67,23.87,30.0,5.34,-3.0,1,0,1,0,4.0,0.003,1.33,False,16,False,0.75,0.35,0.077,stable,0.066,0
PM-SYN-024,2026-08-19T08:18:00+08:00,15m,20,25,normal_update,delayed,high,rain,0.72,caution,False,medium,0,none,0.333,0.4,23.0,23.47,30.0,5.64,-10.0,1,0,1,0,4.0,0.014,1.37,False,18,False,0.75,0.35,0.066,stable,0.066,0
PM-SYN-024,2026-08-19T08:20:00+08:00,15m,19,25,normal_update,delayed,high,rain,0.72,caution,False,medium,0,none,0.0,0.2,19.33,23.4,20.0,4.15,0.0,1,0,1,0,4.0,0.014,1.4,False,20,False,0.75,0.35,0.066,stable,0.118,0
PM-SYN-024,2026-08-19T08:22:00+08:00,15m,35,25,speeding,fresh,high,rain,0.72,caution,False,medium,10,minor,0.333,0.4,24.67,24.13,35.0,6.65,15.0,1,0,1,0,6.0,0.362,1.43,False,22,False,0.75,0.35,0.118,increasing,0.079,0
PM-SYN-024,2026-08-19T08:24:00+08:00,15m,20,25,normal_update,delayed,high,rain,0.72,caution,False,medium,0,none,0.333,0.2,24.67,23.07,35.0,6.22,1.0,1,0,1,0,4.0,0.001,1.47,False,24,False,0.75,0.35,0.079,stable,0.053,0
PM-SYN-024,2026-08-19T08:26:00+08:00,15m,22,25,normal_update,fresh,high,rain,0.72,caution,False,medium,0,none,0.333,0.2,25.67,23.4,35.0,5.98,-13.0,0,0,0,0,4.0,0.0,1.5,False,26,False,0.75,0.35,0.053,decreasing,0.072,0
PM-SYN-024,2026-08-19T08:28:00+08:00,15m,22,25,normal_update,fresh,high,rain,0.72,caution,False,medium,0,none,0.0,0.2,21.33,23.47,22.0,5.82,2.0,0,0,0,0,4.0,0.0,1.53,False,28,False,0.75,0.35,0.072,decreasing,0.051,0
PM-SYN-024,2026-08-19T08:30:00+08:00,15m,28,25,normal_update,fresh,high,rain,0.72,caution,False,medium,3,minor,0.333,0.4,24.0,23.73,28.0,5.5,6.0,0,0,0,0,4.0,0.069,1.57,False,30,False,0.75,0.35,0.051,increasing,0.056,0
PM-SYN-024,2026-08-19T08:32:00+08:00,15m,31,25,normal_update,fresh,high,rain,0.72,caution,False,medium,6,minor,0.667,0.4,27.0,24.4,31.0,4.18,9.0,0,0,0,0,4.0,0.184,1.6,False,32,False,0.75,0.35,0.056,increasing,0.112,0
PM-SYN-024,2026-08-19T08:34:00+08:00,15m,26,25,normal_update,fresh,high,rain,0.72,caution,False,medium,1,minor,1.0,0.6,28.33,24.67,31.0,3.49,-2.0,0,0,0,0,4.0,0.0,1.63,False,34,False,0.75,0.35,0.112,decreasing,0.092,0
PM-SYN-024,2026-08-19T08:36:00+08:00,15m,19,25,normal_update,delayed,high,rain,0.72,caution,False,medium,0,none,0.667,0.6,25.33,24.53,31.0,4.26,-12.0,0,0,0,0,4.0,0.0,1.67,False,36,False,0.75,0.35,0.092,decreasing,0.051,0
PM-SYN-024,2026-08-19T08:38:00+08:00,15m,30,25,speeding,delayed,high,rain,0.72,caution,False,medium,5,minor,0.667,0.8,25.0,25.07,30.0,4.26,4.0,0,0,0,0,6.0,0.149,1.7,False,38,False,0.75,0.35,0.051,increasing,0.19,0
PM-SYN-024,2026-08-19T08:40:00+08:00,15m,23,25,normal_update,fresh,high,rain,0.72,caution,False,medium,0,none,0.333,0.6,24.0,24.4,30.0,4.45,4.0,0,0,0,0,6.0,0.0,1.73,False,40,False,0.75,0.35,0.19,decreasing,0.089,1
PM-SYN-024,2026-08-19T08:42:00+08:00,15m,27,25,normal_update,fresh,high,rain,0.72,caution,False,medium,2,minor,0.667,0.6,26.67,24.73,30.0,3.74,-3.0,0,0,0,0,6.0,0.0,1.77,False,0,True,0.75,0.35,0.089,stable,0.111,1
PM-SYN-024,2026-08-19T08:44:00+08:00,15m,32,25,normal_update,delayed,high,rain,0.72,caution,False,medium,7,minor,0.667,0.6,27.33,24.87,32.0,4.71,9.0,0,0,0,0,6.0,0.169,1.8,False,2,True,0.75,0.35,0.111,increasing,0.208,1
PM-SYN-024,2026-08-19T08:46:00+08:00,15m,22,25,normal_update,delayed,high,rain,0.72,caution,False,medium,0,none,0.667,0.6,27.0,25.07,32.0,3.87,-5.0,0,0,0,0,4.0,0.0,1.83,False,4,True,0.75,0.35,0.208,decreasing,0.156,1
PM-SYN-024,2026-08-19T08:48:00+08:00,15m,19,25,normal_update,fresh,high,rain,0.72,caution,False,medium,0,none,0.333,0.4,24.33,25.0,32.0,4.5,-13.0,0,0,0,0,4.0,0.0,1.87,False,6,True,0.75,0.35,0.156,decreasing,0.116,1
PM-SYN-024,2026-08-19T08:50:00+08:00,15m,21,25,normal_update,stale,high,rain,0.72,caution,False,medium,0,none,0.0,0.4,20.67,25.13,22.0,4.71,-1.0,0,0,0,0,4.0,0.0,1.9,False,8,True,0.75,0.35,0.116,decreasing,0.081,1
PM-SYN-024,2026-08-19T08:52:00+08:00,15m,21,25,normal_update,delayed,high,rain,0.72,caution,False,medium,0,none,0.0,0.2,20.33,24.2,21.0,4.6,2.0,0,0,0,0,2.0,0.0,1.93,False,10,True,0.75,0.35,0.081,decreasing,0.103,0
PM-SYN-024,2026-08-19T08:54:00+08:00,15m,21,25,normal_update,fresh,high,rain,0.72,caution,False,medium,0,none,0.0,0.0,21.0,24.27,21.0,0.98,0.0,0,0,0,0,2.0,0.0,1.97,False,12,True,0.75,0.35,0.103,decreasing,0.044,0
PM-SYN-024,2026-08-19T08:56:00+08:00,15m,18,25,normal_update,delayed,high,rain,0.72,caution,False,medium,0,none,0.0,0.0,20.0,24.0,21.0,1.26,-3.0,0,0,0,0,2.0,0.0,2.0,False,14,False,0.75,0.35,0.044,decreasing,0.033,0
PM-SYN-024,2026-08-19T08:58:00+08:00,15m,19,25,normal_update,fresh,high,rain,0.72,caution,False,medium,0,none,0.0,0.0,19.33,23.8,21.0,1.26,-2.0,0,0,0,0,2.0,0.0,2.03,False,16,False,0.75,0.35,0.033,stable,0.057,0
PM-SYN-024,2026-08-19T09:00:00+08:00,15m,31,25,normal_update,delayed,high,rain,0.72,caution,False,medium,6,minor,0.333,0.2,22.67,24.0,31.0,4.65,13.0,0,0,0,0,2.0,0.183,2.07,False,18,False,0.75,0.35,0.057,increasing,0.058,0
PM-SYN-024,2026-08-19T09:02:00+08:00,15m,18,25,normal_update,fresh,high,rain,0.72,caution,False,medium,0,none,0.333,0.2,22.67,23.13,31.0,4.92,-1.0,0,0,0,0,2.0,0.0,2.1,False,20,False,0.75,0.35,0.058,decreasing,0.038,0
PM-SYN-024,2026-08-19T09:04:00+08:00,15m,29,25,normal_update,fresh,high,rain,0.72,caution,False,medium,4,minor,0.667,0.4,26.0,23.33,31.0,5.76,-2.0,0,0,0,0,2.0,0.122,2.13,False,22,False,0.75,0.35,0.038,increasing,0.107,0
PM-SYN-024,2026-08-19T09:06:00+08:00,15m,21,25,normal_update,fresh,high,rain,0.72,caution,False,medium,0,none,0.333,0.4,22.67,23.47,29.0,5.35,3.0,0,0,0,0,2.0,0.0,2.17,False,24,False,0.75,0.35,0.107,decreasing,0.056,0
PM-SYN-024,2026-08-19T09:08:00+08:00,15m,22,25,normal_update,delayed,high,rain,0.72,caution,False,medium,0,none,0.333,0.4,24.0,22.93,29.0,4.96,-7.0,0,0,0,0,0.0,0.0,2.2,False,26,False,0.75,0.35,0.056,decreasing,0.04,0
PM-SYN-024,2026-08-19T09:10:00+08:00,15m,33,25,speeding,fresh,high,rain,0.72,caution,False,medium,8,minor,0.333,0.4,25.33,23.6,33.0,5.54,12.0,0,0,0,0,2.0,0.28,2.23,False,28,False,0.75,0.35,0.04,increasing,0.096,0
PM-SYN-024,2026-08-19T09:12:00+08:00,15m,20,25,normal_update,delayed,high,rain,0.72,caution,False,medium,0,none,0.333,0.4,25.0,23.13,33.0,5.1,-2.0,0,0,0,0,2.0,0.0,2.27,False,30,False,0.75,0.35,0.096,decreasing,0.048,0
PM-SYN-024,2026-08-19T09:14:00+08:00,15m,25,25,normal_update,fresh,high,rain,0.72,caution,False,medium,0,none,0.333,0.2,26.0,22.67,33.0,4.71,-8.0,0,0,0,0,2.0,0.0,2.3,False,32,False,0.75,0.35,0.048,decreasing,0.053,0
PM-SYN-024,2026-08-19T09:16:00+08:00,15m,22,25,normal_update,fresh,high,rain,0.72,caution,False,medium,0,none,0.0,0.2,22.33,22.67,25.0,4.59,2.0,0,0,0,0,2.0,0.0,2.33,False,34,False,0.75,0.35,0.053,decreasing,0.048,0
PM-SYN-024,2026-08-19T09:18:00+08:00,15m,33,25,speeding,fresh,high,rain,0.72,caution,False,medium,8,minor,0.333,0.4,26.67,23.6,33.0,5.46,8.0,0,0,0,0,4.0,0.272,2.37,False,36,False,0.75,0.35,0.048,increasing,0.088,0
PM-SYN-025,2026-08-19T08:05:00+08:00,15m,24,25,normal_update,fresh,high,rain,0.66,restricted,False,medium,0,none,0.333,0.4,23.33,24.87,26.0,2.94,4.0,1,0,1,0,6.0,0.0,0.5,False,999.0,False,0.75,0.7,0.093,stable,0.123,1
PM-SYN-025,2026-08-19T08:07:00+08:00,15m,24,25,normal_update,fresh,high,rain,0.66,restricted,False,medium,0,none,0.333,0.2,24.67,25.07,26.0,2.4,-2.0,1,0,1,0,6.0,0.0,0.53,False,0,True,0.75,0.7,0.123,decreasing,0.162,1
PM-SYN-025,2026-08-19T08:09:00+08:00,15m,22,25,normal_update,delayed,high,rain,0.66,restricted,False,medium,0,none,0.0,0.2,23.33,24.8,24.0,2.04,-2.0,0,0,0,0,6.0,0.0,0.57,False,2,True,0.75,0.7,0.162,decreasing,0.13,1
PM-SYN-025,2026-08-19T08:11:00+08:00,15m,25,25,normal_update,stale,high,rain,0.66,restricted,False,medium,0,none,0.0,0.2,23.67,25.27,25.0,1.33,1.0,0,0,0,0,6.0,0.0,0.6,False,4,True,0.75,0.7,0.13,decreasing,0.066,1
PM-SYN-025,2026-08-19T08:13:00+08:00,15m,28,25,normal_update,fresh,high,rain,0.66,restricted,False,medium,3,minor,0.333,0.2,25.0,25.6,28.0,1.96,6.0,0,0,0,0,6.0,0.054,0.63,False,6,True,0.75,0.7,0.066,increasing,0.124,1
PM-SYN-025,2026-08-19T08:15:00+08:00,15m,21,25,normal_update,fresh,high,rain,0.66,restricted,False,medium,0,none,0.333,0.2,24.67,24.6,28.0,2.45,-4.0,0,0,0,0,4.0,0.0,0.67,False,8,True,0.75,0.7,0.124,decreasing,0.059,0
PM-SYN-025,2026-08-19T08:17:00+08:00,15m,19,25,harsh_brake,fresh,high,rain,0.66,restricted,False,medium,0,none,0.333,0.2,22.67,24.07,28.0,3.16,-9.0,1,0,1,0,6.0,0.021,0.7,False,10,True,0.75,0.7,0.059,stable,0.18,0
PM-SYN-025,2026-08-19T08:19:00+08:00,15m,27,25,normal_update,delayed,high,rain,0.66,restricted,False,medium,2,minor,0.333,0.4,22.33,24.4,27.0,3.46,6.0,1,0,1,0,6.0,0.0,0.73,False,12,True,0.75,0.7,0.18,stable,0.107,0
PM-SYN-025,2026-08-19T08:21:00+08:00,15m,23,25,harsh_brake,delayed,high,rain,0.66,restricted,False,medium,0,none,0.333,0.4,23.0,24.27,27.0,3.44,4.0,2,0,2,0,6.0,0.053,0.77,False,14,False,0.75,0.7,0.107,increasing,0.104,0
PM-SYN-025,2026-08-19T08:23:00+08:00,15m,26,25,harsh_brake,fresh,high,rain,0.66,restricted,False,medium,1,minor,0.667,0.4,25.33,24.2,27.0,2.99,-1.0,3,0,3,0,8.0,0.176,0.8,False,16,False,0.75,0.7,0.104,increasing,0.174,0
PM-SYN-025,2026-08-19T08:25:00+08:00,15m,32,25,normal_update,fresh,high,rain,0.66,restricted,False,medium,7,minor,0.667,0.6,27.0,24.27,32.0,4.32,9.0,3,0,3,0,8.0,0.346,0.83,False,18,False,0.75,0.7,0.174,increasing,0.246,1
PM-SYN-025,2026-08-19T08:27:00+08:00,15m,28,25,normal_update,fresh,high,rain,0.66,restricted,False,medium,3,minor,1.0,0.8,28.67,24.33,32.0,2.93,2.0,2,0,2,0,8.0,0.034,0.87,False,0,False,0.75,0.7,0.246,stable,0.128,1
PM-SYN-025,2026-08-19T08:29:00+08:00,15m,24,25,normal_update,fresh,high,rain,0.66,restricted,False,medium,0,none,0.667,0.6,28.0,24.6,32.0,3.2,-8.0,2,0,2,0,6.0,0.032,0.9,False,2,False,0.75,0.7,0.128,stable,0.108,1
PM-SYN-025,2026-08-19T08:31:00+08:00,15m,22,25,normal_update,stale,high,rain,0.66,restricted,False,medium,0,none,0.333,0.6,24.67,24.73,28.0,3.44,-6.0,1,0,1,0,6.0,0.0,0.93,False,4,False,0.75,0.7,0.108,stable,0.168,1
PM-SYN-025,2026-08-19T08:33:00+08:00,15m,24,25,normal_update,fresh,high,rain,0.66,restricted,False,medium,0,none,0.0,0.4,23.33,24.6,24.0,3.58,0.0,0,0,0,0,6.0,0.0,0.97,False,0,False,0.75,0.7,0.168,decreasing,0.069,1
PM-SYN-025,2026-08-19T08:35:00+08:00,15m,30,25,normal_update,fresh,high,rain,0.66,restricted,False,medium,5,minor,0.333,0.4,25.33,25.0,30.0,2.94,8.0,0,0,0,0,6.0,0.131,1.0,False,2,False,0.75,0.7,0.069,increasing,0.056,1
PM-SYN-025,2026-08-19T08:37:00+08:00,15m,20,25,normal_update,fresh,high,rain,0.66,restricted,False,medium,0,none,0.333,0.2,24.67,24.73,30.0,3.35,-4.0,0,0,0,0,6.0,0.0,1.03,False,4,False,0.75,0.7,0.056,decreasing,0.07,1
PM-SYN-025,2026-08-19T08:39:00+08:00,15m,25,25,normal_update,fresh,high,rain,0.66,restricted,False,medium,0,none,0.333,0.2,25.0,24.93,30.0,3.37,-5.0,0,0,0,0,6.0,0.0,1.07,False,6,False,0.75,0.7,0.07,decreasing,0.073,1
PM-SYN-025,2026-08-19T08:41:00+08:00,15m,30,25,normal_update,fresh,high,rain,0.66,restricted,False,medium,5,minor,0.333,0.4,25.0,25.27,30.0,3.82,10.0,0,0,0,0,6.0,0.127,1.1,False,8,False,0.75,0.7,0.073,increasing,0.126,1
PM-SYN-025,2026-08-19T08:43:00+08:00,15m,20,25,normal_update,fresh,high,rain,0.66,restricted,False,medium,0,none,0.333,0.4,25.0,24.73,30.0,4.47,-5.0,0,0,0,0,6.0,0.0,1.13,False,10,False,0.75,0.7,0.126,decreasing,0.049,0
PM-SYN-025,2026-08-19T08:45:00+08:00,15m,21,25,normal_update,fresh,high,rain,0.66,restricted,False,medium,0,none,0.333,0.2,23.67,24.73,30.0,3.87,-9.0,0,0,0,0,6.0,0.0,1.17,False,12,False,0.75,0.7,0.049,decreasing,0.055,1
PM-SYN-025,2026-08-19T08:47:00+08:00,15m,23,25,normal_update,fresh,high,rain,0.66,restricted,False,medium,0,none,0.0,0.2,21.33,25.0,23.0,3.54,3.0,0,0,0,0,4.0,0.0,1.2,False,0,True,0.75,0.7,0.055,decreasing,0.064,1
PM-SYN-025,2026-08-19T08:49:00+08:00,15m,24,25,normal_update,fresh,high,rain,0.66,restricted,False,medium,0,none,0.0,0.2,22.67,24.8,24.0,3.5,3.0,0,0,0,0,4.0,0.0,1.23,False,2,True,0.75,0.7,0.064,decreasing,0.118,1
PM-SYN-025,2026-08-19T08:51:00+08:00,15m,26,25,sharp_turn,fresh,high,rain,0.66,restricted,False,medium,1,minor,0.333,0.2,24.33,25.0,26.0,2.14,3.0,0,1,0,1,4.0,0.002,1.27,False,0,False,0.75,0.7,0.118,stable,0.045,1
PM-SYN-025,2026-08-19T08:53:00+08:00,15m,24,25,sharp_turn,fresh,high,rain,0.66,restricted,False,medium,0,none,0.333,0.2,24.67,24.87,26.0,1.62,0.0,0,2,0,2,4.0,0.115,1.3,False,2,False,0.75,0.7,0.045,increasing,0.138,1
PM-SYN-025,2026-08-19T08:55:00+08:00,15m,26,25,normal_update,fresh,high,rain,0.66,restricted,False,medium,1,minor,0.667,0.4,25.33,24.47,26.0,1.2,0.0,0,2,0,2,4.0,0.062,1.33,False,4,False,0.75,0.7,0.138,increasing,0.163,1
PM-SYN-025,2026-08-19T08:57:00+08:00,15m,36,25,normal_update,fresh,high,rain,0.66,restricted,False,medium,11,moderate,0.667,0.6,28.67,25.0,36.0,4.49,12.0,0,2,0,2,4.0,0.437,1.37,False,6,False,0.75,0.7,0.163,increasing,0.206,1
PM-SYN-025,2026-08-19T08:59:00+08:00,15m,31,25,normal_update,fresh,high,rain,0.66,restricted,False,medium,6,minor,1.0,0.8,31.0,25.47,36.0,4.36,5.0,0,2,0,2,4.0,0.194,1.4,False,8,False,0.75,0.7,0.206,increasing,0.266,1
PM-SYN-025,2026-08-19T09:01:00+08:00,15m,27,25,normal_update,delayed,high,rain,0.66,restricted,False,medium,2,minor,1.0,0.8,31.33,25.8,36.0,4.26,-9.0,0,1,0,1,4.0,0.0,1.43,False,10,False,0.75,0.7,0.266,decreasing,0.102,0
PM-SYN-025,2026-08-19T09:03:00+08:00,15m,23,25,normal_update,fresh,high,rain,0.66,restricted,False,medium,0,none,0.667,0.8,27.0,25.73,31.0,4.5,-8.0,0,0,0,0,4.0,0.0,1.47,False,12,False,0.75,0.7,0.102,decreasing,0.15,0
PM-SYN-025,2026-08-19T09:05:00+08:00,15m,24,25,normal_update,fresh,high,rain,0.66,restricted,False,medium,0,none,0.333,0.6,24.67,25.33,27.0,4.79,-3.0,0,0,0,0,4.0,0.0,1.5,False,14,False,0.75,0.7,0.15,decreasing,0.115,0
PM-SYN-025,2026-08-19T09:07:00+08:00,15m,28,25,normal_update,fresh,high,rain,0.66,restricted,False,medium,3,minor,0.333,0.6,25.0,25.87,28.0,2.87,5.0,0,0,0,0,4.0,0.005,1.53,False,16,False,0.75,0.7,0.115,stable,0.052,1
PM-SYN-025,2026-08-19T09:09:00+08:00,15m,23,25,normal_update,delayed,high,rain,0.66,restricted,False,medium,0,none,0.333,0.4,25.0,25.73,28.0,2.1,-1.0,0,0,0,0,4.0,0.0,1.57,False,0,True,0.75,0.7,0.052,decreasing,0.141,1
PM-SYN-025,2026-08-19T09:11:00+08:00,15m,24,25,sharp_turn,fresh,high,rain,0.66,restricted,False,medium,0,none,0.333,0.2,25.0,25.33,28.0,1.85,-4.0,0,1,0,1,6.0,0.0,1.6,False,2,True,0.75,0.7,0.141,decreasing,0.134,1
PM-SYN-025,2026-08-19T09:13:00+08:00,15m,27,25,normal_update,fresh,high,rain,0.66,restricted,False,medium,2,minor,0.333,0.4,24.67,25.8,27.0,1.94,4.0,0,1,0,1,6.0,0.026,1.63,False,4,True,0.75,0.7,0.134,stable,0.193,1
PM-SYN-025,2026-08-19T09:15:00+08:00,15m,26,25,normal_update,fresh,high,rain,0.66,restricted,False,medium,1,minor,0.667,0.6,25.67,26.13,27.0,1.85,2.0,0,1,0,1,6.0,0.0,1.67,False,6,True,0.75,0.7,0.193,decreasing,0.095,1
PM-SYN-025,2026-08-19T09:17:00+08:00,15m,27,25,normal_update,delayed,high,rain,0.66,restricted,False,medium,2,minor,1.0,0.6,26.67,26.4,27.0,1.62,0.0,0,1,0,1,6.0,0.065,1.7,False,8,True,0.75,0.7,0.095,increasing,0.137,1
PM-SYN-025,2026-08-19T09:19:00+08:00,15m,20,25,sharp_turn,fresh,high,rain,0.66,restricted,False,medium,0,none,0.667,0.6,24.33,26.13,27.0,2.64,-6.0,0,2,0,2,8.0,0.023,1.73,False,10,True,0.75,0.7,0.137,stable,0.302,1
PM-SYN-025,2026-08-19T09:21:00+08:00,15m,19,25,harsh_brake,fresh,high,rain,0.66,restricted,False,medium,0,none,0.333,0.6,22.0,25.67,27.0,3.54,-8.0,1,1,1,1,8.0,0.0,1.77,False,12,True,0.75,0.7,0.302,decreasing,0.224,1
PM-SYN-025,2026-08-19T09:23:00+08:00,15m,24,25,normal_update,delayed,high,rain,0.66,restricted,False,medium,0,none,0.0,0.4,21.0,25.67,24.0,3.19,4.0,1,1,1,1,6.0,0.0,1.8,False,14,False,0.75,0.7,0.224,decreasing,0.092,0
PM-SYN-025,2026-08-19T09:25:00+08:00,15m,26,25,normal_update,delayed,high,rain,0.66,restricted,False,medium,1,minor,0.333,0.4,23.0,25.67,26.0,3.19,7.0,1,1,1,1,6.0,0.108,1.83,False,16,False,0.75,0.7,0.092,increasing,0.127,1
PM-SYN-025,2026-08-19T09:27:00+08:00,15m,27,25,normal_update,delayed,high,rain,0.66,restricted,False,medium,2,minor,0.667,0.4,25.67,25.07,27.0,3.19,3.0,1,1,1,1,6.0,0.113,1.87,False,0,True,0.75,0.7,0.127,increasing,0.274,1
PM-SYN-025,2026-08-19T09:29:00+08:00,15m,22,25,stale_gps,stale,high,rain,0.66,restricted,False,medium,0,none,0.667,0.4,25.0,24.47,27.0,2.87,-4.0,1,0,1,0,8.0,0.0,1.9,False,0,False,0.75,0.7,0.274,decreasing,0.057,1
PM-SYN-025,2026-08-19T09:31:00+08:00,15m,22,25,harsh_brake,fresh,high,rain,0.66,restricted,False,medium,0,none,0.333,0.4,23.67,24.13,27.0,2.04,-5.0,1,0,1,0,10.0,0.023,1.93,False,2,False,0.75,0.7,0.057,stable,0.082,1
PM-SYN-025,2026-08-19T09:33:00+08:00,15m,27,25,normal_update,fresh,high,rain,0.66,restricted,False,medium,2,minor,0.333,0.6,23.67,24.4,27.0,2.32,5.0,1,0,1,0,10.0,0.078,1.97,False,4,False,0.75,0.7,0.082,increasing,0.088,1
PM-SYN-025,2026-08-19T09:35:00+08:00,15m,29,25,normal_update,delayed,high,rain,0.66,restricted,False,medium,4,minor,0.667,0.6,26.0,24.73,29.0,2.87,7.0,1,0,1,0,10.0,0.152,2.0,False,6,False,0.75,0.7,0.088,increasing,0.132,1
PM-SYN-025,2026-08-19T09:37:00+08:00,15m,25,25,normal_update,fresh,high,rain,0.66,restricted,False,medium,0,none,0.667,0.4,27.0,24.53,29.0,2.76,-2.0,1,0,1,0,10.0,0.0,2.03,False,0,False,0.75,0.7,0.132,decreasing,0.124,1
PM-SYN-025,2026-08-19T09:39:00+08:00,15m,22,25,normal_update,fresh,high,rain,0.66,restricted,False,medium,0,none,0.333,0.4,25.33,24.47,29.0,2.76,-7.0,1,0,1,0,10.0,0.0,2.07,False,2,False,0.75,0.7,0.124,decreasing,0.076,1
PM-SYN-025,2026-08-19T09:41:00+08:00,15m,20,25,normal_update,delayed,high,rain,0.66,restricted,False,medium,0,none,0.0,0.4,22.33,24.2,25.0,3.26,-5.0,0,0,0,0,8.0,0.0,2.1,False,4,False,0.75,0.7,0.076,decreasing,0.097,0
PM-SYN-025,2026-08-19T09:43:00+08:00,15m,30,25,normal_update,fresh,high,rain,0.66,restricted,False,medium,5,minor,0.333,0.4,24.0,24.4,30.0,3.87,8.0,0,0,0,0,8.0,0.103,2.13,False,6,False,0.75,0.7,0.097,increasing,0.043,0
PM-SYN-025,2026-08-19T09:45:00+08:00,15m,32,25,speeding,fresh,high,rain,0.66,restricted,False,medium,7,minor,0.667,0.4,27.33,24.8,32.0,4.58,12.0,0,0,0,0,10.0,0.237,2.17,False,8,False,0.75,0.7,0.043,increasing,0.102,0
PM-SYN-025,2026-08-19T09:47:00+08:00,15m,27,25,normal_update,fresh,high,rain,0.66,restricted,False,medium,2,minor,1.0,0.6,29.67,24.8,32.0,4.58,-3.0,0,0,0,0,10.0,0.0,2.2,False,10,False,0.75,0.7,0.102,stable,0.128,0
PM-SYN-025,2026-08-19T09:49:00+08:00,15m,24,25,harsh_brake,fresh,high,rain,0.66,restricted,False,medium,0,none,0.667,0.6,27.67,25.07,32.0,4.27,-8.0,1,0,1,0,10.0,0.0,2.23,False,12,False,0.75,0.7,0.128,decreasing,0.145,0
PM-SYN-025,2026-08-19T09:51:00+08:00,15m,21,25,normal_update,delayed,high,rain,0.66,restricted,False,medium,0,none,0.333,0.6,24.0,25.2,27.0,3.97,-6.0,1,0,1,0,8.0,0.0,2.27,False,14,False,0.75,0.7,0.145,decreasing,0.133,0
PM-SYN-025,2026-08-19T09:53:00+08:00,15m,25,25,normal_update,stale,high,rain,0.66,restricted,False,medium,0,none,0.0,0.4,23.33,25.27,25.0,3.66,1.0,1,0,1,0,8.0,0.0,2.3,False,16,False,0.75,0.7,0.133,decreasing,0.054,0
PM-SYN-025,2026-08-19T09:55:00+08:00,15m,32,25,speeding,fresh,high,rain,0.66,restricted,False,medium,7,minor,0.333,0.4,26.0,25.67,32.0,3.66,11.0,1,0,1,0,10.0,0.306,2.33,False,18,False,0.75,0.7,0.054,increasing,0.186,0
PM-SYN-025,2026-08-19T09:57:00+08:00,15m,21,25,normal_update,fresh,high,rain,0.66,restricted,False,medium,0,none,0.333,0.2,26.0,25.27,32.0,4.03,-4.0,1,0,1,0,10.0,0.0,2.37,False,20,False,0.75,0.7,0.186,decreasing,0.133,0
PM-SYN-026,2026-08-19T07:46:00+08:00,15m,10,15,normal_update,fresh,high,rain,0.66,restricted,False,medium,0,none,0.0,0.2,12.0,14.13,15.0,4.05,-5.0,0,0,0,0,4.0,0.0,0.5,False,999.0,False,0.75,0.7,0.172,decreasing,0.086,1
PM-SYN-026,2026-08-19T07:48:00+08:00,15m,14,15,stale_gps,stale,high,rain,0.66,restricted,False,medium,0,none,0.0,0.2,11.67,14.6,14.0,3.52,3.0,0,0,0,0,4.0,0.0,0.53,False,0,True,0.75,0.7,0.086,decreasing,0.101,1
PM-SYN-026,2026-08-19T07:50:00+08:00,15m,23,15,normal_update,delayed,high,rain,0.66,restricted,False,medium,8,minor,0.333,0.2,15.67,15.27,23.0,4.59,13.0,0,0,0,0,4.0,0.219,0.57,False,2,True,0.75,0.7,0.101,increasing,0.093,0
PM-SYN-026,2026-08-19T07:52:00+08:00,15m,14,15,normal_update,fresh,high,rain,0.66,restricted,False,medium,0,none,0.333,0.2,17.0,15.2,23.0,4.59,0.0,0,0,0,0,4.0,0.0,0.6,False,4,True,0.75,0.7,0.093,decreasing,0.135,0
PM-SYN-026,2026-08-19T07:54:00+08:00,15m,18,15,normal_update,fresh,high,rain,0.66,restricted,False,medium,3,minor,0.667,0.4,18.33,15.2,23.0,4.4,-5.0,0,0,0,0,4.0,0.0,0.63,False,6,True,0.75,0.7,0.135,stable,0.128,0
PM-SYN-026,2026-08-19T07:56:00+08:00,15m,11,15,normal_update,fresh,high,rain,0.66,restricted,False,medium,0,none,0.333,0.4,14.33,15.13,18.0,4.15,-3.0,0,0,0,0,4.0,0.0,0.67,False,8,True,0.75,0.7,0.128,decreasing,0.06,0
PM-SYN-026,2026-08-19T07:58:00+08:00,15m,12,15,normal_update,fresh,high,rain,0.66,restricted,False,medium,0,none,0.333,0.4,13.67,15.4,18.0,4.41,-6.0,0,0,0,0,4.0,0.0,0.7,False,10,True,0.75,0.7,0.06,decreasing,0.139,0
PM-SYN-026,2026-08-19T08:00:00+08:00,15m,27,15,speeding,fresh,high,rain,0.66,restricted,False,medium,12,moderate,0.333,0.4,16.67,15.93,27.0,5.82,16.0,0,0,0,0,6.0,0.341,0.73,False,12,True,0.75,0.7,0.139,increasing,0.229,1
PM-SYN-026,2026-08-19T08:02:00+08:00,15m,14,15,normal_update,delayed,high,rain,0.66,restricted,False,medium,0,none,0.333,0.4,17.67,15.6,27.0,5.82,2.0,0,0,0,0,6.0,0.0,0.77,False,0,True,0.75,0.7,0.229,decreasing,0.183,1
PM-SYN-026,2026-08-19T08:04:00+08:00,15m,15,15,normal_update,fresh,high,rain,0.66,restricted,False,medium,0,none,0.333,0.2,18.67,15.6,27.0,5.78,-12.0,0,0,0,0,6.0,0.0,0.8,False,2,True,0.75,0.7,0.183,decreasing,0.089,1
PM-SYN-026,2026-08-19T08:06:00+08:00,15m,14,15,normal_update,delayed,high,rain,0.66,restricted,False,medium,0,none,0.0,0.2,14.33,15.13,15.0,5.39,0.0,0,0,0,0,6.0,0.0,0.83,False,4,True,0.75,0.7,0.089,decreasing,0.11,1
PM-SYN-026,2026-08-19T08:08:00+08:00,15m,15,15,sharp_turn,fresh,high,rain,0.66,restricted,False,medium,0,none,0.0,0.2,14.67,15.53,15.0,5.02,0.0,0,1,0,1,8.0,0.0,0.87,False,6,True,0.75,0.7,0.11,stable,0.091,0
PM-SYN-026,2026-08-19T08:10:00+08:00,15m,13,15,stale_gps,stale,high,rain,0.66,restricted,False,medium,0,none,0.0,0.0,14.0,15.07,15.0,0.75,-1.0,0,1,0,1,8.0,0.0,0.9,False,8,True,0.75,0.7,0.091,stable,0.079,0
PM-SYN-026,2026-08-19T08:12:00+08:00,15m,11,15,normal_update,fresh,high,rain,0.66,restricted,False,medium,0,none,0.0,0.0,13.0,14.8,15.0,1.5,-4.0,0,1,0,1,8.0,0.001,0.93,False,10,True,0.75,0.7,0.079,stable,0.134,0
PM-SYN-026,2026-08-19T08:14:00+08:00,15m,16,15,harsh_brake,fresh,high,rain,0.66,restricted,False,medium,1,minor,0.333,0.2,13.33,15.13,16.0,1.72,3.0,1,1,1,1,10.0,0.066,0.97,False,12,True,0.75,0.7,0.134,increasing,0.144,1
PM-SYN-026,2026-08-19T08:16:00+08:00,15m,14,15,normal_update,fresh,high,rain,0.66,restricted,False,medium,0,none,0.333,0.2,13.67,15.4,16.0,1.72,3.0,1,1,1,1,10.0,0.016,1.0,False,0,False,0.75,0.7,0.144,stable,0.091,1
PM-SYN-026,2026-08-19T08:18:00+08:00,15m,22,15,normal_update,fresh,high,rain,0.66,restricted,False,medium,7,minor,0.667,0.4,17.33,15.93,22.0,3.76,6.0,1,0,1,0,8.0,0.269,1.03,False,2,False,0.75,0.7,0.091,increasing,0.193,1
PM-SYN-026,2026-08-19T08:20:00+08:00,15m,24,15,normal_update,fresh,high,rain,0.66,restricted,False,medium,9,minor,0.667,0.6,20.0,16.0,24.0,4.88,10.0,1,0,1,0,8.0,0.247,1.07,False,4,False,0.75,0.7,0.193,increasing,0.136,1
PM-SYN-026,2026-08-19T08:22:00+08:00,15m,15,15,normal_update,fresh,high,rain,0.66,restricted,False,medium,0,none,0.667,0.6,20.33,16.07,24.0,4.02,-7.0,1,0,1,0,8.0,0.0,1.1,False,6,False,0.75,0.7,0.136,decreasing,0.08,0
PM-SYN-026,2026-08-19T08:24:00+08:00,15m,18,15,normal_update,fresh,high,rain,0.66,restricted,False,medium,3,minor,0.667,0.6,19.0,16.07,24.0,3.88,-6.0,0,0,0,0,8.0,0.04,1.13,False,8,False,0.75,0.7,0.08,increasing,0.06,0
PM-SYN-026,2026-08-19T08:26:00+08:00,15m,16,15,normal_update,fresh,high,rain,0.66,restricted,False,medium,1,minor,0.667,0.8,16.33,16.4,18.0,3.46,1.0,0,0,0,0,8.0,0.0,1.17,False,10,False,0.75,0.7,0.06,stable,0.067,0
PM-SYN-026,2026-08-19T08:28:00+08:00,15m,8,15,normal_update,fresh,high,rain,0.66,restricted,False,medium,0,none,0.667,0.6,14.0,16.13,18.0,5.15,-10.0,0,0,0,0,8.0,0.0,1.2,False,12,False,0.75,0.7,0.067,decreasing,0.06,0
PM-SYN-026,2026-08-19T08:30:00+08:00,15m,26,15,speeding,delayed,high,rain,0.66,restricted,False,medium,11,moderate,0.667,0.6,16.67,16.07,26.0,5.78,10.0,0,0,0,0,8.0,0.38,1.23,False,14,False,0.75,0.7,0.06,increasing,0.127,0
PM-SYN-026,2026-08-19T08:32:00+08:00,15m,11,15,normal_update,stale,high,rain,0.66,restricted,False,medium,0,none,0.333,0.6,15.0,15.87,26.0,6.21,3.0,0,0,0,0,8.0,0.0,1.27,False,16,False,0.75,0.7,0.127,decreasing,0.104,0
PM-SYN-026,2026-08-19T08:34:00+08:00,15m,14,15,normal_update,fresh,high,rain,0.66,restricted,False,medium,0,none,0.333,0.4,17.0,15.8,26.0,6.13,-12.0,0,0,0,0,8.0,0.0,1.3,False,18,False,0.75,0.7,0.104,decreasing,0.13,0
PM-SYN-026,2026-08-19T08:36:00+08:00,15m,22,15,speeding,fresh,high,rain,0.66,restricted,False,medium,7,minor,0.333,0.4,15.67,16.33,22.0,6.76,11.0,0,0,0,0,10.0,0.15,1.33,False,20,False,0.75,0.7,0.13,increasing,0.099,0
PM-SYN-026,2026-08-19T08:38:00+08:00,15m,15,15,normal_update,fresh,high,rain,0.66,restricted,False,medium,0,none,0.333,0.4,17.0,16.33,22.0,5.54,1.0,0,0,0,0,8.0,0.0,1.37,False,22,False,0.75,0.7,0.099,decreasing,0.068,0
PM-SYN-026,2026-08-19T08:40:00+08:00,15m,16,15,normal_update,delayed,high,rain,0.66,restricted,False,medium,1,minor,0.667,0.4,17.67,16.53,22.0,3.61,-6.0,0,0,0,0,6.0,0.0,1.4,False,24,False,0.75,0.7,0.068,stable,0.109,0
PM-SYN-026,2026-08-19T08:42:00+08:00,15m,31,15,speeding,fresh,high,rain,0.66,restricted,False,medium,16,moderate,0.667,0.6,20.67,17.87,31.0,6.34,16.0,0,0,0,0,8.0,0.531,1.43,False,26,False,0.75,0.7,0.109,increasing,0.147,0
PM-SYN-026,2026-08-19T08:44:00+08:00,15m,12,15,normal_update,fresh,high,rain,0.66,restricted,False,medium,0,none,0.667,0.6,19.67,17.6,31.0,6.73,-4.0,0,0,0,0,6.0,0.0,1.47,False,28,False,0.75,0.7,0.147,decreasing,0.062,0
PM-SYN-026,2026-08-19T08:46:00+08:00,15m,25,15,speeding,fresh,high,rain,0.66,restricted,False,medium,10,minor,0.667,0.6,22.67,18.33,31.0,7.08,-6.0,0,0,0,0,8.0,0.338,1.5,False,30,False,0.75,0.7,0.062,increasing,0.187,1
PM-SYN-026,2026-08-19T08:48:00+08:00,15m,17,15,harsh_brake,delayed,high,rain,0.66,restricted,False,medium,2,minor,0.667,0.8,18.0,18.0,25.0,6.85,5.0,1,0,1,0,10.0,0.0,1.53,False,0,True,0.75,0.7,0.187,stable,0.193,1
PM-SYN-026,2026-08-19T08:50:00+08:00,15m,19,15,normal_update,fresh,high,rain,0.66,restricted,False,medium,4,minor,1.0,0.8,20.33,17.67,25.0,6.58,-6.0,1,0,1,0,10.0,0.047,1.57,False,2,True,0.75,0.7,0.193,increasing,0.207,1
PM-SYN-026,2026-08-19T08:52:00+08:00,15m,14,15,normal_update,fresh,high,rain,0.66,restricted,False,medium,0,none,0.667,0.6,16.67,17.6,19.0,4.5,-3.0,1,0,1,0,10.0,0.0,1.6,False,4,True,0.75,0.7,0.207,decreasing,0.203,1
PM-SYN-026,2026-08-19T08:54:00+08:00,15m,24,15,normal_update,fresh,high,rain,0.66,restricted,False,medium,9,minor,0.667,0.8,19.0,18.0,24.0,4.17,5.0,1,0,1,0,10.0,0.237,1.63,False,6,True,0.75,0.7,0.203,increasing,0.309,1
PM-SYN-026,2026-08-19T08:56:00+08:00,15m,10,15,sharp_turn,fresh,high,rain,0.66,restricted,False,medium,0,none,0.333,0.6,16.0,17.6,24.0,4.71,-4.0,1,1,1,1,12.0,0.0,1.67,False,0,True,0.75,0.7,0.309,decreasing,0.236,1
PM-SYN-026,2026-08-19T08:58:00+08:00,15m,10,15,normal_update,fresh,high,rain,0.66,restricted,False,medium,0,none,0.333,0.4,14.67,17.73,24.0,5.43,-14.0,0,1,0,1,12.0,0.0,1.7,False,0,False,0.75,0.7,0.236,decreasing,0.083,1
PM-SYN-026,2026-08-19T09:00:00+08:00,15m,17,15,harsh_brake,fresh,high,rain,0.66,restricted,False,medium,2,minor,0.333,0.4,12.33,17.13,17.0,5.22,7.0,1,1,1,1,12.0,0.157,1.73,False,2,False,0.75,0.7,0.083,increasing,0.11,1
PM-SYN-026,2026-08-19T09:02:00+08:00,15m,13,15,normal_update,fresh,high,rain,0.66,restricted,False,medium,0,none,0.333,0.4,13.33,17.27,17.0,5.27,3.0,1,1,1,1,12.0,0.05,1.77,False,4,False,0.75,0.7,0.11,increasing,0.144,1
PM-SYN-026,2026-08-19T09:04:00+08:00,15m,8,15,normal_update,fresh,high,rain,0.66,restricted,False,medium,0,none,0.333,0.2,12.67,16.87,17.0,3.14,-9.0,1,1,1,1,12.0,0.016,1.8,False,6,False,0.75,0.7,0.144,stable,0.139,1
PM-SYN-026,2026-08-19T09:06:00+08:00,15m,17,15,normal_update,delayed,high,rain,0.66,restricted,False,medium,2,minor,0.333,0.4,12.67,16.53,17.0,3.63,4.0,1,0,1,0,10.0,0.021,1.83,False,8,False,0.75,0.7,0.139,stable,0.149,1
PM-SYN-026,2026-08-19T09:08:00+08:00,15m,23,15,normal_update,fresh,high,rain,0.66,restricted,False,medium,8,minor,0.667,0.6,16.0,17.07,23.0,4.96,15.0,1,0,1,0,10.0,0.251,1.87,False,10,False,0.75,0.7,0.149,increasing,0.147,1
PM-SYN-026,2026-08-19T09:10:00+08:00,15m,14,15,harsh_brake,fresh,high,rain,0.66,restricted,False,medium,0,none,0.667,0.4,18.0,16.93,23.0,4.94,-3.0,1,0,1,0,12.0,0.0,1.9,False,12,False,0.75,0.7,0.147,decreasing,0.125,0
PM-SYN-026,2026-08-19T09:12:00+08:00,15m,14,15,normal_update,fresh,high,rain,0.66,restricted,False,medium,0,none,0.333,0.4,17.0,15.8,23.0,4.87,-9.0,1,0,1,0,10.0,0.0,1.93,False,14,False,0.75,0.7,0.125,decreasing,0.066,0
PM-SYN-026,2026-08-19T09:14:00+08:00,15m,13,15,normal_update,fresh,high,rain,0.66,restricted,False,medium,0,none,0.0,0.4,13.67,15.87,14.0,3.66,-1.0,1,0,1,0,10.0,0.014,1.97,False,16,False,0.75,0.7,0.066,stable,0.076,0
PM-SYN-026,2026-08-19T09:16:00+08:00,15m,17,15,normal_update,stale,high,rain,0.66,restricted,False,medium,2,minor,0.333,0.4,14.67,15.33,17.0,3.66,3.0,1,0,1,0,8.0,0.084,2.0,False,18,False,0.75,0.7,0.076,increasing,0.086,0
PM-SYN-026,2026-08-19T09:18:00+08:00,15m,19,15,normal_update,fresh,high,rain,0.66,restricted,False,medium,4,minor,0.667,0.4,16.33,15.47,19.0,2.24,6.0,1,0,1,0,6.0,0.154,2.03,False,20,False,0.75,0.7,0.086,increasing,0.165,0
PM-SYN-026,2026-08-19T09:20:00+08:00,15m,13,15,normal_update,fresh,high,rain,0.66,restricted,False,medium,0,none,0.667,0.4,16.33,15.07,19.0,2.4,-4.0,0,0,0,0,6.0,0.0,2.07,False,22,False,0.75,0.7,0.165,decreasing,0.074,0
PM-SYN-026,2026-08-19T09:22:00+08:00,15m,14,15,normal_update,fresh,high,rain,0.66,restricted,False,medium,0,none,0.333,0.4,15.33,15.07,19.0,2.4,-5.0,0,0,0,0,6.0,0.0,2.1,False,24,False,0.75,0.7,0.074,decreasing,0.069,0
PM-SYN-026,2026-08-19T09:24:00+08:00,15m,12,15,normal_update,fresh,high,rain,0.66,restricted,False,medium,0,none,0.0,0.4,13.0,14.27,14.0,2.61,-1.0,0,0,0,0,6.0,0.0,2.13,False,26,False,0.75,0.7,0.069,decreasing,0.056,0
PM-SYN-026,2026-08-19T09:26:00+08:00,15m,12,15,normal_update,delayed,high,rain,0.66,restricted,False,medium,0,none,0.0,0.2,12.67,14.4,14.0,2.61,-2.0,0,0,0,0,4.0,0.0,2.17,False,28,False,0.75,0.7,0.056,decreasing,0.045,0
PM-SYN-026,2026-08-19T09:28:00+08:00,15m,9,15,normal_update,fresh,high,rain,0.66,restricted,False,medium,0,none,0.0,0.0,11.0,14.33,12.0,1.67,-3.0,0,0,0,0,4.0,0.0,2.2,False,30,False,0.75,0.7,0.045,decreasing,0.025,0
PM-SYN-026,2026-08-19T09:30:00+08:00,15m,13,15,harsh_brake,fresh,high,rain,0.66,restricted,False,medium,0,none,0.0,0.0,11.33,14.07,13.0,1.67,1.0,1,0,1,0,4.0,0.055,2.23,False,32,False,0.75,0.7,0.025,increasing,0.1,0
PM-SYN-026,2026-08-19T09:32:00+08:00,15m,12,15,normal_update,fresh,high,rain,0.66,restricted,False,medium,0,none,0.0,0.0,11.33,14.0,13.0,1.36,3.0,1,0,1,0,4.0,0.0,2.27,False,34,False,0.75,0.7,0.1,stable,0.03,0
PM-SYN-026,2026-08-19T09:34:00+08:00,15m,17,15,normal_update,fresh,high,rain,0.66,restricted,False,medium,2,minor,0.333,0.2,14.0,14.6,17.0,2.58,4.0,1,0,1,0,4.0,0.13,2.3,False,36,False,0.75,0.7,0.03,increasing,0.063,0
PM-SYN-026,2026-08-19T09:36:00+08:00,15m,14,15,normal_update,fresh,high,rain,0.66,restricted,False,medium,0,none,0.333,0.2,14.33,14.4,17.0,2.61,2.0,1,0,1,0,4.0,0.017,2.33,False,38,False,0.75,0.7,0.063,stable,0.04,0
PM-SYN-026,2026-08-19T09:38:00+08:00,15m,14,15,normal_update,fresh,high,rain,0.66,restricted,False,medium,0,none,0.333,0.2,15.0,13.8,17.0,1.67,-3.0,1,0,1,0,4.0,0.04,2.37,False,40,False,0.75,0.7,0.04,increasing,0.08,0
PM-SYN-027,2026-08-19T07:55:00+08:00,15m,41,40,normal_update,fresh,medium,clear,0.6,caution,True,low,1,minor,0.667,0.6,40.0,39.73,42.0,2.42,-1.0,0,1,0,1,8.0,0.0,0.5,False,999.0,False,0.25,0.35,0.192,decreasing,0.066,0
PM-SYN-027,2026-08-19T07:57:00+08:00,15m,37,40,normal_update,delayed,medium,clear,0.6,caution,True,low,0,none,0.333,0.6,38.33,39.73,41.0,2.79,0.0,0,1,0,1,8.0,0.014,0.53,False,999.0,False,0.25,0.35,0.066,stable,0.074,0
PM-SYN-027,2026-08-19T07:59:00+08:00,15m,35,40,normal_update,fresh,medium,clear,0.6,caution,True,low,0,none,0.333,0.4,37.67,39.87,41.0,2.65,-6.0,0,0,0,0,8.0,0.0,0.57,False,999.0,False,0.25,0.35,0.074,decreasing,0.028,0
PM-SYN-027,2026-08-19T08:01:00+08:00,15m,39,40,normal_update,delayed,medium,clear,0.6,caution,True,low,0,none,0.0,0.2,37.0,39.67,39.0,2.04,2.0,0,0,0,0,8.0,0.0,0.6,False,999.0,False,0.25,0.35,0.028,stable,0.042,0
PM-SYN-027,2026-08-19T08:03:00+08:00,15m,34,40,normal_update,delayed,medium,clear,0.6,caution,True,low,0,none,0.0,0.2,36.0,39.13,39.0,2.56,-1.0,0,0,0,0,8.0,0.0,0.63,False,999.0,False,0.25,0.35,0.042,decreasing,0.034,0
PM-SYN-027,2026-08-19T08:05:00+08:00,15m,40,40,normal_update,delayed,medium,clear,0.6,caution,True,low,0,none,0.0,0.0,37.67,39.27,40.0,2.28,1.0,0,0,0,0,8.0,0.0,0.67,False,999.0,False,0.25,0.35,0.034,stable,0.019,0
PM-SYN-027,2026-08-19T08:07:00+08:00,15m,47,40,speeding,fresh,medium,clear,0.6,caution,True,low,7,minor,0.333,0.2,40.33,39.67,47.0,4.6,13.0,0,0,0,0,10.0,0.261,0.7,False,999.0,False,0.25,0.35,0.019,increasing,0.039,0
PM-SYN-027,2026-08-19T08:09:00+08:00,15m,36,40,normal_update,fresh,medium,clear,0.6,caution,True,low,0,none,0.333,0.2,41.0,39.07,47.0,4.45,-4.0,0,0,0,0,8.0,0.0,0.73,False,999.0,False,0.25,0.35,0.039,stable,0.029,0
PM-SYN-027,2026-08-19T08:11:00+08:00,15m,39,40,normal_update,fresh,medium,clear,0.6,caution,True,low,0,none,0.333,0.2,40.67,39.07,47.0,4.45,-8.0,0,0,0,0,8.0,0.0,0.77,False,999.0,False,0.25,0.35,0.029,stable,0.019,0
PM-SYN-027,2026-08-19T08:13:00+08:00,15m,38,40,normal_update,fresh,medium,clear,0.6,caution,True,low,0,none,0.0,0.2,37.67,39.07,39.0,3.74,2.0,0,0,0,0,6.0,0.0,0.8,False,999.0,False,0.25,0.35,0.019,stable,0.023,0
PM-SYN-027,2026-08-19T08:15:00+08:00,15m,38,40,normal_update,fresh,medium,clear,0.6,caution,True,low,0,none,0.0,0.2,38.33,39.07,39.0,3.83,-1.0,0,0,0,0,6.0,0.0,0.83,False,999.0,False,0.25,0.35,0.023,stable,0.029,0
PM-SYN-027,2026-08-19T08:17:00+08:00,15m,46,40,normal_update,fresh,medium,clear,0.6,caution,True,low,6,minor,0.333,0.2,40.67,39.53,46.0,3.44,8.0,0,0,0,0,6.0,0.211,0.87,False,999.0,False,0.25,0.35,0.029,increasing,0.034,0
PM-SYN-027,2026-08-19T08:19:00+08:00,15m,35,40,normal_update,fresh,medium,clear,0.6,caution,True,low,0,none,0.333,0.2,39.67,38.93,46.0,3.66,-3.0,0,0,0,0,4.0,0.0,0.9,False,999.0,False,0.25,0.35,0.034,stable,0.041,0
PM-SYN-027,2026-08-19T08:21:00+08:00,15m,36,40,normal_update,fresh,medium,clear,0.6,caution,True,low,0,none,0.333,0.2,39.0,38.53,46.0,3.88,-10.0,0,0,0,0,2.0,0.0,0.93,False,999.0,False,0.25,0.35,0.041,decreasing,0.038,0
PM-SYN-027,2026-08-19T08:23:00+08:00,15m,38,40,normal_update,fresh,medium,clear,0.6,caution,True,low,0,none,0.0,0.2,36.33,38.6,38.0,3.88,3.0,0,0,0,0,2.0,0.0,0.97,False,999.0,False,0.25,0.35,0.038,stable,0.044,0
PM-SYN-027,2026-08-19T08:25:00+08:00,15m,39,40,normal_update,fresh,medium,clear,0.6,caution,True,low,0,none,0.0,0.2,37.67,38.47,39.0,3.87,3.0,0,0,0,0,2.0,0.0,1.0,False,999.0,False,0.25,0.35,0.044,decreasing,0.024,0
PM-SYN-027,2026-08-19T08:27:00+08:00,15m,37,40,normal_update,fresh,medium,clear,0.6,caution,True,low,0,none,0.0,0.0,38.0,38.47,39.0,1.41,-1.0,0,0,0,0,2.0,0.0,1.03,False,999.0,False,0.25,0.35,0.024,stable,0.032,0
PM-SYN-027,2026-08-19T08:29:00+08:00,15m,34,40,normal_update,fresh,medium,clear,0.6,caution,True,low,0,none,0.0,0.0,36.67,38.4,39.0,1.72,-5.0,0,0,0,0,2.0,0.0,1.07,False,999.0,False,0.25,0.35,0.032,stable,0.015,0
PM-SYN-027,2026-08-19T08:31:00+08:00,15m,49,40,normal_update,fresh,medium,clear,0.6,caution,True,low,9,minor,0.333,0.2,40.0,39.07,49.0,5.08,12.0,0,0,0,0,2.0,0.345,1.1,False,999.0,False,0.25,0.35,0.015,increasing,0.018,0
PM-SYN-027,2026-08-19T08:33:00+08:00,15m,33,40,normal_update,stale,medium,clear,0.6,caution,True,low,0,none,0.333,0.2,38.67,39.0,49.0,5.71,-1.0,0,0,0,0,2.0,0.0,1.13,False,999.0,False,0.25,0.35,0.018,stable,0.026,0
PM-SYN-027,2026-08-19T08:35:00+08:00,15m,41,40,normal_update,fresh,medium,clear,0.6,caution,True,low,1,minor,0.667,0.4,41.0,39.07,49.0,5.81,-8.0,0,0,0,0,2.0,0.014,1.17,False,999.0,False,0.25,0.35,0.026,stable,0.033,0
PM-SYN-027,2026-08-19T08:37:00+08:00,15m,35,40,normal_update,fresh,medium,clear,0.6,caution,True,low,0,none,0.333,0.4,36.33,38.27,41.0,5.99,2.0,0,0,0,0,0.0,0.0,1.2,False,999.0,False,0.25,0.35,0.033,stable,0.061,0
PM-SYN-027,2026-08-19T08:39:00+08:00,15m,35,40,normal_update,fresh,medium,clear,0.6,caution,True,low,0,none,0.333,0.4,37.0,38.2,41.0,5.85,-6.0,0,0,0,0,0.0,0.0,1.23,False,999.0,False,0.25,0.35,0.061,decreasing,0.057,0
PM-SYN-027,2026-08-19T08:41:00+08:00,15m,46,40,normal_update,fresh,medium,clear,0.6,caution,True,low,6,minor,0.333,0.4,38.67,38.67,46.0,4.82,11.0,0,0,0,0,0.0,0.183,1.27,False,999.0,False,0.25,0.35,0.057,increasing,0.034,0
PM-SYN-027,2026-08-19T08:43:00+08:00,15m,34,40,normal_update,delayed,medium,clear,0.6,caution,True,low,0,none,0.333,0.4,38.33,38.4,46.0,4.62,-1.0,0,0,0,0,0.0,0.0,1.3,False,999.0,False,0.25,0.35,0.034,stable,0.055,0
PM-SYN-027,2026-08-19T08:45:00+08:00,15m,36,40,normal_update,fresh,medium,clear,0.6,caution,True,low,0,none,0.333,0.2,38.67,38.27,46.0,4.45,-10.0,0,0,0,0,0.0,0.0,1.33,False,999.0,False,0.25,0.35,0.055,decreasing,0.027,0
PM-SYN-027,2026-08-19T08:47:00+08:00,15m,36,40,normal_update,delayed,medium,clear,0.6,caution,True,low,0,none,0.0,0.2,35.33,37.6,36.0,4.36,2.0,0,0,0,0,0.0,0.0,1.37,False,999.0,False,0.25,0.35,0.027,stable,0.026,0
PM-SYN-027,2026-08-19T08:49:00+08:00,15m,37,40,normal_update,delayed,medium,clear,0.6,caution,True,low,0,none,0.0,0.2,36.33,37.73,37.0,4.21,1.0,0,0,0,0,0.0,0.0,1.4,False,999.0,False,0.25,0.35,0.026,stable,0.014,0
PM-SYN-027,2026-08-19T08:51:00+08:00,15m,37,40,normal_update,fresh,medium,clear,0.6,caution,True,low,0,none,0.0,0.0,36.67,37.8,37.0,1.1,1.0,0,0,0,0,0.0,0.0,1.43,False,999.0,False,0.25,0.35,0.014,stable,0.021,0
PM-SYN-027,2026-08-19T08:53:00+08:00,15m,49,40,normal_update,fresh,medium,clear,0.6,caution,True,low,9,minor,0.333,0.2,41.0,38.53,49.0,5.02,12.0,0,0,0,0,0.0,0.339,1.47,False,999.0,False,0.25,0.35,0.021,increasing,0.038,0
PM-SYN-027,2026-08-19T08:55:00+08:00,15m,33,40,normal_update,fresh,medium,clear,0.6,caution,True,low,0,none,0.333,0.2,39.67,38.13,49.0,5.5,-4.0,0,0,0,0,0.0,0.0,1.5,False,999.0,False,0.25,0.35,0.038,stable,0.021,1
PM-SYN-027,2026-08-19T08:57:00+08:00,15m,37,40,normal_update,fresh,medium,clear,0.6,caution,True,low,0,none,0.333,0.2,39.67,38.13,49.0,5.43,-12.0,0,0,0,0,0.0,0.0,1.53,False,0,False,0.25,0.35,0.021,stable,0.017,1
PM-SYN-027,2026-08-19T08:59:00+08:00,15m,37,40,sharp_turn,fresh,medium,clear,0.6,caution,True,low,0,none,0.0,0.2,35.67,38.33,37.0,5.43,4.0,0,1,0,1,2.0,0.063,1.57,False,2,False,0.25,0.35,0.017,increasing,0.052,1
PM-SYN-027,2026-08-19T09:01:00+08:00,15m,39,40,normal_update,fresh,medium,clear,0.6,caution,True,low,0,none,0.0,0.2,37.67,37.67,39.0,5.37,2.0,0,1,0,1,2.0,0.028,1.6,False,4,False,0.25,0.35,0.052,stable,0.02,1
PM-SYN-027,2026-08-19T09:03:00+08:00,15m,39,40,normal_update,fresh,medium,clear,0.6,caution,True,low,0,none,0.0,0.0,38.33,38.07,39.0,2.19,2.0,0,1,0,1,2.0,0.06,1.63,False,6,False,0.25,0.35,0.02,increasing,0.026,1
PM-SYN-027,2026-08-19T09:05:00+08:00,15m,46,40,speeding,fresh,medium,clear,0.6,caution,True,low,6,minor,0.333,0.2,41.33,38.4,46.0,3.32,7.0,0,1,0,1,4.0,0.294,1.67,False,8,False,0.25,0.35,0.026,increasing,0.066,0
PM-SYN-027,2026-08-19T09:07:00+08:00,15m,44,40,normal_update,fresh,medium,clear,0.6,caution,True,low,4,minor,0.667,0.4,43.0,39.0,46.0,3.41,5.0,0,1,0,1,4.0,0.174,1.7,False,10,False,0.25,0.35,0.066,increasing,0.043,0
PM-SYN-027,2026-08-19T09:09:00+08:00,15m,35,40,sharp_turn,fresh,medium,clear,0.6,caution,True,low,0,none,0.667,0.4,41.67,39.0,46.0,3.93,-11.0,0,1,0,1,6.0,0.037,1.73,False,12,False,0.25,0.35,0.043,stable,0.026,0
PM-SYN-027,2026-08-19T09:11:00+08:00,15m,40,40,normal_update,fresh,medium,clear,0.6,caution,True,low,0,none,0.333,0.4,39.67,38.6,44.0,3.87,-4.0,0,1,0,1,6.0,0.054,1.77,False,14,False,0.25,0.35,0.026,increasing,0.045,0
PM-SYN-027,2026-08-19T09:13:00+08:00,15m,42,40,normal_update,fresh,medium,clear,0.6,caution,True,low,2,minor,0.333,0.6,39.0,39.13,42.0,3.77,7.0,0,1,0,1,6.0,0.115,1.8,False,16,False,0.25,0.35,0.045,increasing,0.044,0
PM-SYN-027,2026-08-19T09:15:00+08:00,15m,37,40,normal_update,delayed,medium,clear,0.6,caution,True,low,0,none,0.333,0.4,39.67,39.2,42.0,3.26,-3.0,0,1,0,1,6.0,0.036,1.83,False,18,False,0.25,0.35,0.044,stable,0.026,0
PM-SYN-027,2026-08-19T09:17:00+08:00,15m,39,40,normal_update,fresh,medium,clear,0.6,caution,True,low,0,none,0.333,0.2,39.33,39.4,42.0,2.42,-3.0,0,1,0,1,6.0,0.054,1.87,False,20,False,0.25,0.35,0.026,increasing,0.023,0
PM-SYN-027,2026-08-19T09:19:00+08:00,15m,37,40,normal_update,fresh,medium,clear,0.6,caution,True,low,0,none,0.0,0.2,37.67,39.4,39.0,1.9,0.0,0,0,0,0,6.0,0.0,1.9,False,22,False,0.25,0.35,0.023,stable,0.015,0
PM-SYN-027,2026-08-19T09:21:00+08:00,15m,34,40,normal_update,delayed,medium,clear,0.6,caution,True,low,0,none,0.0,0.2,36.67,39.2,39.0,2.64,-5.0,0,0,0,0,6.0,0.0,1.93,False,24,False,0.25,0.35,0.015,stable,0.037,0
PM-SYN-027,2026-08-19T09:23:00+08:00,15m,37,40,normal_update,fresh,medium,clear,0.6,caution,True,low,0,none,0.0,0.0,36.0,38.4,37.0,1.6,0.0,0,0,0,0,6.0,0.0,1.97,False,26,False,0.25,0.35,0.037,stable,0.021,0
PM-SYN-027,2026-08-19T09:25:00+08:00,15m,46,40,normal_update,fresh,medium,clear,0.6,caution,True,low,6,minor,0.333,0.2,39.0,39.27,46.0,4.03,12.0,0,0,0,0,6.0,0.219,2.0,False,28,False,0.25,0.35,0.021,increasing,0.034,0
PM-SYN-027,2026-08-19T09:27:00+08:00,15m,34,40,normal_update,delayed,medium,clear,0.6,caution,True,low,0,none,0.333,0.2,39.0,39.07,46.0,4.41,-3.0,0,0,0,0,6.0,0.0,2.03,False,30,False,0.25,0.35,0.034,stable,0.042,0
PM-SYN-027,2026-08-19T09:29:00+08:00,15m,37,40,normal_update,fresh,medium,clear,0.6,caution,True,low,0,none,0.333,0.2,39.0,39.07,46.0,4.41,-9.0,0,0,0,0,4.0,0.0,2.07,False,32,False,0.25,0.35,0.042,decreasing,0.029,0
PM-SYN-027,2026-08-19T09:31:00+08:00,15m,41,40,normal_update,fresh,medium,clear,0.6,caution,True,low,1,minor,0.333,0.4,37.33,39.2,41.0,4.15,7.0,0,0,0,0,4.0,0.011,2.1,False,34,False,0.25,0.35,0.029,stable,0.03,0
PM-SYN-027,2026-08-19T09:33:00+08:00,15m,41,40,normal_update,fresh,medium,clear,0.6,caution,True,low,1,minor,0.667,0.6,39.67,39.33,41.0,4.07,4.0,0,0,0,0,4.0,0.01,2.13,False,36,False,0.25,0.35,0.03,stable,0.042,0
PM-SYN-027,2026-08-19T09:35:00+08:00,15m,33,40,sharp_turn,delayed,medium,clear,0.6,caution,True,low,0,none,0.667,0.4,38.33,38.47,41.0,3.37,-8.0,0,1,0,1,4.0,0.038,2.17,False,38,False,0.25,0.35,0.042,stable,0.057,0
PM-SYN-027,2026-08-19T09:37:00+08:00,15m,41,40,normal_update,fresh,medium,clear,0.6,caution,True,low,1,minor,0.667,0.6,38.33,38.27,41.0,3.2,0.0,0,1,0,1,4.0,0.063,2.2,False,40,False,0.25,0.35,0.057,increasing,0.065,0
PM-SYN-027,2026-08-19T09:39:00+08:00,15m,38,40,normal_update,fresh,medium,clear,0.6,caution,True,low,0,none,0.333,0.6,37.33,38.47,41.0,3.12,5.0,0,1,0,1,2.0,0.015,2.23,False,42,False,0.25,0.35,0.065,stable,0.054,0
PM-SYN-027,2026-08-19T09:41:00+08:00,15m,39,40,normal_update,fresh,medium,clear,0.6,caution,True,low,0,none,0.333,0.4,39.33,38.4,41.0,2.94,-2.0,0,1,0,1,2.0,0.026,2.27,False,44,False,0.25,0.35,0.054,stable,0.041,0
PM-SYN-027,2026-08-19T09:43:00+08:00,15m,48,40,normal_update,fresh,medium,clear,0.6,caution,True,low,8,minor,0.333,0.4,41.67,38.8,48.0,4.87,10.0,0,1,0,1,2.0,0.359,2.3,False,46,False,0.25,0.35,0.041,increasing,0.061,1
PM-SYN-027,2026-08-19T09:45:00+08:00,15m,50,40,normal_update,fresh,medium,clear,0.6,caution,True,low,10,minor,0.667,0.6,45.67,39.67,50.0,4.87,11.0,0,0,0,0,2.0,0.339,2.33,False,0,False,0.25,0.35,0.061,increasing,0.094,1
PM-SYN-027,2026-08-19T09:47:00+08:00,15m,42,40,normal_update,fresh,medium,clear,0.6,caution,True,low,2,minor,1.0,0.6,46.67,39.87,50.0,4.8,-6.0,0,0,0,0,2.0,0.0,2.37,False,2,False,0.25,0.35,0.094,stable,0.057,1
PM-SYN-028,2026-08-19T08:39:00+08:00,15m,20,15,normal_update,fresh,high,rain,0.66,restricted,False,medium,5,minor,0.333,0.4,15.33,15.4,20.0,2.83,6.0,0,0,0,0,4.0,0.0,0.5,False,999.0,False,0.75,0.7,0.341,decreasing,0.057,0
PM-SYN-028,2026-08-19T08:41:00+08:00,15m,26,15,normal_update,fresh,high,rain,0.66,restricted,False,medium,11,moderate,0.667,0.6,19.33,15.47,26.0,4.96,14.0,0,0,0,0,4.0,0.383,0.53,False,999.0,False,0.75,0.7,0.057,increasing,0.106,0
PM-SYN-028,2026-08-19T08:43:00+08:00,15m,23,15,normal_update,fresh,high,rain,0.66,restricted,False,medium,8,minor,1.0,0.6,23.0,15.87,26.0,5.29,3.0,0,0,0,0,4.0,0.214,0.57,False,999.0,False,0.75,0.7,0.106,increasing,0.127,1
PM-SYN-028,2026-08-19T08:45:00+08:00,15m,15,15,harsh_brake,fresh,high,rain,0.66,restricted,False,medium,0,none,0.667,0.6,21.33,15.2,26.0,5.11,-11.0,1,0,1,0,4.0,0.0,0.6,False,0,False,0.75,0.7,0.127,decreasing,0.128,1
PM-SYN-028,2026-08-19T08:47:00+08:00,15m,14,15,normal_update,fresh,high,rain,0.66,restricted,False,medium,0,none,0.333,0.6,17.33,15.4,23.0,4.59,-9.0,1,0,1,0,4.0,0.0,0.63,False,2,False,0.75,0.7,0.128,decreasing,0.077,1
PM-SYN-028,2026-08-19T08:49:00+08:00,15m,16,15,normal_update,delayed,high,rain,0.66,restricted,False,medium,1,minor,0.333,0.6,15.0,15.87,16.0,4.79,1.0,1,0,1,0,4.0,0.043,0.67,False,4,False,0.75,0.7,0.077,increasing,0.13,1
PM-SYN-028,2026-08-19T08:51:00+08:00,15m,8,15,normal_update,stale,high,rain,0.66,restricted,False,medium,0,none,0.333,0.4,12.67,15.33,16.0,4.79,-6.0,1,0,1,0,4.0,0.0,0.7,False,6,False,0.75,0.7,0.13,decreasing,0.116,1
PM-SYN-028,2026-08-19T08:53:00+08:00,15m,14,15,normal_update,fresh,high,rain,0.66,restricted,False,medium,0,none,0.333,0.2,12.67,15.33,16.0,2.8,-2.0,1,0,1,0,2.0,0.0,0.73,False,0,False,0.75,0.7,0.116,stable,0.081,1
PM-SYN-028,2026-08-19T08:55:00+08:00,15m,17,15,normal_update,fresh,high,rain,0.66,restricted,False,medium,2,minor,0.333,0.4,13.0,15.47,17.0,3.12,9.0,0,0,0,0,2.0,0.0,0.77,False,2,False,0.75,0.7,0.081,stable,0.105,1
PM-SYN-028,2026-08-19T08:57:00+08:00,15m,11,15,normal_update,fresh,high,rain,0.66,restricted,False,medium,0,none,0.333,0.4,14.0,15.73,17.0,3.31,-3.0,0,0,0,0,2.0,0.0,0.8,False,4,False,0.75,0.7,0.105,decreasing,0.064,1
PM-SYN-028,2026-08-19T08:59:00+08:00,15m,10,15,normal_update,fresh,high,rain,0.66,restricted,False,medium,0,none,0.333,0.2,12.67,15.27,17.0,3.16,-7.0,0,0,0,0,2.0,0.0,0.83,False,6,False,0.75,0.7,0.064,decreasing,0.035,1
PM-SYN-028,2026-08-19T09:01:00+08:00,15m,12,15,normal_update,fresh,high,rain,0.66,restricted,False,medium,0,none,0.0,0.2,11.0,15.2,12.0,2.48,1.0,0,0,0,0,2.0,0.0,0.87,False,8,False,0.75,0.7,0.035,stable,0.049,1
PM-SYN-028,2026-08-19T09:03:00+08:00,15m,11,15,normal_update,fresh,high,rain,0.66,restricted,False,medium,0,none,0.0,0.2,11.0,14.87,12.0,2.48,1.0,0,0,0,0,2.0,0.0,0.9,False,10,False,0.75,0.7,0.049,decreasing,0.088,1
PM-SYN-028,2026-08-19T09:05:00+08:00,15m,9,15,normal_update,fresh,high,rain,0.66,restricted,False,medium,0,none,0.0,0.0,10.67,14.53,12.0,1.02,-3.0,0,0,0,0,2.0,0.0,0.93,False,12,False,0.75,0.7,0.088,decreasing,0.028,1
PM-SYN-028,2026-08-19T09:07:00+08:00,15m,22,15,normal_update,delayed,high,rain,0.66,restricted,False,medium,7,minor,0.333,0.2,14.0,15.2,22.0,4.71,11.0,0,0,0,0,2.0,0.252,0.97,False,14,False,0.75,0.7,0.028,increasing,0.041,1
PM-SYN-028,2026-08-19T09:09:00+08:00,15m,17,15,normal_update,fresh,high,rain,0.66,restricted,False,medium,2,minor,0.667,0.4,16.0,15.0,22.0,4.71,8.0,0,0,0,0,2.0,0.039,1.0,False,0,False,0.75,0.7,0.041,stable,0.078,1
PM-SYN-028,2026-08-19T09:11:00+08:00,15m,11,15,normal_update,fresh,high,rain,0.66,restricted,False,medium,0,none,0.667,0.4,16.67,14.0,22.0,4.82,-11.0,0,0,0,0,2.0,0.0,1.03,False,2,False,0.75,0.7,0.078,decreasing,0.125,1
PM-SYN-028,2026-08-19T09:13:00+08:00,15m,11,15,harsh_brake,fresh,high,rain,0.66,restricted,False,medium,0,none,0.333,0.4,13.0,13.2,17.0,4.82,-6.0,1,0,1,0,4.0,0.0,1.07,False,4,False,0.75,0.7,0.125,decreasing,0.084,1
PM-SYN-028,2026-08-19T09:15:00+08:00,15m,10,15,normal_update,fresh,high,rain,0.66,restricted,False,medium,0,none,0.0,0.4,10.67,12.87,11.0,4.62,-1.0,1,0,1,0,2.0,0.0,1.1,False,6,False,0.75,0.7,0.084,stable,0.103,0
PM-SYN-028,2026-08-19T09:17:00+08:00,15m,18,15,sharp_turn,fresh,high,rain,0.66,restricted,False,medium,3,minor,0.333,0.4,13.0,13.13,18.0,3.38,7.0,1,1,1,1,4.0,0.177,1.13,False,8,False,0.75,0.7,0.103,increasing,0.103,1
PM-SYN-028,2026-08-19T09:19:00+08:00,15m,14,15,normal_update,fresh,high,rain,0.66,restricted,False,medium,0,none,0.333,0.2,14.0,13.0,18.0,2.93,4.0,1,1,1,1,4.0,0.057,1.17,False,0,False,0.75,0.7,0.103,increasing,0.053,1
PM-SYN-028,2026-08-19T09:21:00+08:00,15m,13,15,normal_update,fresh,high,rain,0.66,restricted,False,medium,0,none,0.333,0.2,15.0,13.33,18.0,2.79,-5.0,1,1,1,1,4.0,0.107,1.2,False,2,False,0.75,0.7,0.053,increasing,0.094,1
PM-SYN-028,2026-08-19T09:23:00+08:00,15m,10,15,normal_update,fresh,high,rain,0.66,restricted,False,medium,0,none,0.0,0.2,12.33,13.07,14.0,2.97,-4.0,0,1,0,1,4.0,0.0,1.23,False,4,False,0.75,0.7,0.094,stable,0.056,1
PM-SYN-028,2026-08-19T09:25:00+08:00,15m,12,15,normal_update,fresh,high,rain,0.66,restricted,False,medium,0,none,0.0,0.2,11.67,12.73,13.0,2.65,-1.0,0,1,0,1,4.0,0.024,1.27,False,6,False,0.75,0.7,0.056,stable,0.091,1
PM-SYN-028,2026-08-19T09:27:00+08:00,15m,7,15,normal_update,fresh,high,rain,0.66,restricted,False,medium,0,none,0.0,0.0,9.67,12.47,12.0,2.48,-3.0,0,0,0,0,4.0,0.0,1.3,False,8,False,0.75,0.7,0.091,decreasing,0.03,0
PM-SYN-028,2026-08-19T09:29:00+08:00,15m,11,15,stale_gps,stale,high,rain,0.66,restricted,False,medium,0,none,0.0,0.0,10.0,12.53,12.0,2.06,-1.0,0,0,0,0,6.0,0.0,1.33,False,10,False,0.75,0.7,0.03,stable,0.046,0
PM-SYN-028,2026-08-19T09:31:00+08:00,15m,16,15,normal_update,fresh,high,rain,0.66,restricted,False,medium,1,minor,0.333,0.2,11.33,12.8,16.0,2.93,9.0,0,0,0,0,6.0,0.0,1.37,False,12,False,0.75,0.7,0.046,stable,0.061,0
PM-SYN-028,2026-08-19T09:33:00+08:00,15m,11,15,normal_update,fresh,high,rain,0.66,restricted,False,medium,0,none,0.333,0.2,12.67,12.8,16.0,2.87,0.0,0,0,0,0,6.0,0.0,1.4,False,14,False,0.75,0.7,0.061,decreasing,0.078,0
PM-SYN-028,2026-08-19T09:35:00+08:00,15m,20,15,normal_update,fresh,high,rain,0.66,restricted,False,medium,5,minor,0.667,0.4,15.67,13.53,20.0,4.52,4.0,0,0,0,0,6.0,0.122,1.43,False,16,False,0.75,0.7,0.078,increasing,0.125,0
PM-SYN-028,2026-08-19T09:37:00+08:00,15m,13,15,normal_update,delayed,high,rain,0.66,restricted,False,medium,0,none,0.333,0.4,14.67,12.93,20.0,3.43,2.0,0,0,0,0,6.0,0.0,1.47,False,18,False,0.75,0.7,0.125,decreasing,0.071,0
PM-SYN-028,2026-08-19T09:39:00+08:00,15m,27,15,normal_update,delayed,high,rain,0.66,restricted,False,medium,12,moderate,0.667,0.6,20.0,13.6,27.0,5.68,7.0,0,0,0,0,6.0,0.409,1.5,False,20,False,0.75,0.7,0.071,increasing,0.076,1
PM-SYN-028,2026-08-19T09:41:00+08:00,15m,10,15,normal_update,fresh,high,rain,0.66,restricted,False,medium,0,none,0.333,0.4,16.67,13.53,27.0,6.43,-3.0,0,0,0,0,6.0,0.0,1.53,False,0,False,0.75,0.7,0.076,decreasing,0.117,1
PM-SYN-028,2026-08-19T09:43:00+08:00,15m,8,15,normal_update,fresh,high,rain,0.66,restricted,False,medium,0,none,0.333,0.4,15.0,13.33,27.0,7.0,-19.0,0,0,0,0,4.0,0.0,1.57,False,2,False,0.75,0.7,0.117,decreasing,0.05,1
PM-SYN-028,2026-08-19T09:45:00+08:00,15m,8,15,normal_update,fresh,high,rain,0.66,restricted,False,medium,0,none,0.0,0.2,8.67,13.2,10.0,7.14,-2.0,0,0,0,0,4.0,0.0,1.6,False,4,False,0.75,0.7,0.05,decreasing,0.049,0
PM-SYN-028,2026-08-19T09:47:00+08:00,15m,10,15,normal_update,fresh,high,rain,0.66,restricted,False,medium,0,none,0.0,0.2,8.67,12.67,10.0,7.26,2.0,0,0,0,0,2.0,0.0,1.63,False,6,False,0.75,0.7,0.049,decreasing,0.055,0
PM-SYN-028,2026-08-19T09:49:00+08:00,15m,10,15,normal_update,fresh,high,rain,0.66,restricted,False,medium,0,none,0.0,0.0,9.33,12.4,10.0,0.98,2.0,0,0,0,0,2.0,0.0,1.67,False,8,False,0.75,0.7,0.055,decreasing,0.06,0
PM-SYN-028,2026-08-19T09:51:00+08:00,15m,19,15,normal_update,delayed,high,rain,0.66,restricted,False,medium,4,minor,0.333,0.2,13.0,12.8,19.0,4.1,9.0,0,0,0,0,2.0,0.1,1.7,False,10,False,0.75,0.7,0.06,increasing,0.094,0
PM-SYN-028,2026-08-19T09:53:00+08:00,15m,17,15,normal_update,fresh,high,rain,0.66,restricted,False,medium,2,minor,0.667,0.4,15.33,13.27,19.0,4.35,7.0,0,0,0,0,2.0,0.0,1.73,False,12,False,0.75,0.7,0.094,stable,0.118,0
PM-SYN-028,2026-08-19T09:55:00+08:00,15m,12,15,normal_update,fresh,high,rain,0.66,restricted,False,medium,0,none,0.667,0.4,16.0,13.27,19.0,3.72,-7.0,0,0,0,0,2.0,0.0,1.77,False,14,False,0.75,0.7,0.118,decreasing,0.06,1
PM-SYN-028,2026-08-19T09:57:00+08:00,15m,10,15,normal_update,fresh,high,rain,0.66,restricted,False,medium,0,none,0.333,0.4,13.0,13.47,17.0,3.72,-7.0,0,0,0,0,2.0,0.0,1.8,False,0,True,0.75,0.7,0.06,decreasing,0.115,1
PM-SYN-028,2026-08-19T09:59:00+08:00,15m,27,15,stale_gps,stale,high,rain,0.66,restricted,False,medium,12,moderate,0.333,0.6,16.33,14.53,27.0,5.97,15.0,0,0,0,0,2.0,0.365,1.83,False,2,True,0.75,0.7,0.115,increasing,0.121,1
PM-SYN-028,2026-08-19T10:01:00+08:00,15m,26,15,speeding,fresh,high,rain,0.66,restricted,False,medium,11,moderate,0.667,0.6,21.0,15.2,27.0,7.0,16.0,0,0,0,0,4.0,0.319,1.87,False,4,True,0.75,0.7,0.121,increasing,0.201,1
PM-SYN-028,2026-08-19T10:03:00+08:00,15m,21,15,speeding,delayed,high,rain,0.66,restricted,False,medium,6,minor,1.0,0.6,24.67,15.87,27.0,7.03,-6.0,0,0,0,0,6.0,0.039,1.9,False,6,True,0.75,0.7,0.201,stable,0.173,1
PM-SYN-028,2026-08-19T10:05:00+08:00,15m,8,15,normal_update,delayed,high,rain,0.66,restricted,False,medium,0,none,0.667,0.6,18.33,15.07,26.0,7.96,-18.0,0,0,0,0,6.0,0.0,1.93,False,0,False,0.75,0.7,0.173,decreasing,0.084,1
PM-SYN-028,2026-08-19T10:07:00+08:00,15m,13,15,normal_update,fresh,high,rain,0.66,restricted,False,medium,0,none,0.333,0.6,14.0,15.07,21.0,7.4,-8.0,0,0,0,0,6.0,0.0,1.97,False,2,False,0.75,0.7,0.084,decreasing,0.083,1
PM-SYN-028,2026-08-19T10:09:00+08:00,15m,10,15,harsh_brake,fresh,high,rain,0.66,restricted,False,medium,0,none,0.0,0.4,10.33,13.93,13.0,6.83,2.0,1,0,1,0,8.0,0.0,2.0,False,4,False,0.75,0.7,0.083,stable,0.115,0
PM-SYN-028,2026-08-19T10:11:00+08:00,15m,19,15,normal_update,fresh,high,rain,0.66,restricted,False,medium,4,minor,0.333,0.4,14.0,14.53,19.0,5.04,6.0,1,0,1,0,8.0,0.125,2.03,False,6,False,0.75,0.7,0.115,increasing,0.084,0
PM-SYN-028,2026-08-19T10:13:00+08:00,15m,17,15,normal_update,fresh,high,rain,0.66,restricted,False,medium,2,minor,0.667,0.4,15.33,15.13,19.0,4.13,7.0,1,0,1,0,8.0,0.076,2.07,False,8,False,0.75,0.7,0.084,increasing,0.133,0
PM-SYN-028,2026-08-19T10:15:00+08:00,15m,12,15,normal_update,fresh,high,rain,0.66,restricted,False,medium,0,none,0.667,0.4,16.0,15.4,19.0,3.31,-7.0,1,0,1,0,8.0,0.0,2.1,False,10,False,0.75,0.7,0.133,decreasing,0.052,0
PM-SYN-028,2026-08-19T10:17:00+08:00,15m,17,15,normal_update,fresh,high,rain,0.66,restricted,False,medium,2,minor,0.667,0.6,15.33,15.87,17.0,3.41,0.0,1,0,1,0,8.0,0.108,2.13,False,12,False,0.75,0.7,0.052,increasing,0.167,1
PM-SYN-028,2026-08-19T10:19:00+08:00,15m,11,15,normal_update,fresh,high,rain,0.66,restricted,False,medium,0,none,0.333,0.6,13.33,15.93,17.0,3.12,-1.0,0,0,0,0,8.0,0.0,2.17,False,0,True,0.75,0.7,0.167,decreasing,0.083,1
PM-SYN-028,2026-08-19T10:21:00+08:00,15m,19,15,harsh_brake,fresh,high,rain,0.66,restricted,False,medium,4,minor,0.667,0.6,15.67,15.93,19.0,3.12,2.0,1,0,1,0,10.0,0.157,2.2,False,2,True,0.75,0.7,0.083,increasing,0.227,0
PM-SYN-028,2026-08-19T10:23:00+08:00,15m,11,15,normal_update,fresh,high,rain,0.66,restricted,False,medium,0,none,0.333,0.4,13.67,15.53,19.0,3.35,0.0,1,0,1,0,10.0,0.0,2.23,False,4,True,0.75,0.7,0.227,decreasing,0.159,0
PM-SYN-028,2026-08-19T10:25:00+08:00,15m,19,15,harsh_brake,fresh,high,rain,0.66,restricted,False,medium,4,minor,0.667,0.6,16.33,16.0,19.0,3.67,0.0,2,0,2,0,12.0,0.161,2.27,False,6,True,0.75,0.7,0.159,increasing,0.285,0
PM-SYN-028,2026-08-19T10:27:00+08:00,15m,21,15,normal_update,stale,high,rain,0.66,restricted,False,medium,6,minor,0.667,0.6,17.0,16.73,21.0,4.31,10.0,2,0,2,0,12.0,0.115,2.3,False,8,True,0.75,0.7,0.285,increasing,0.308,0
PM-SYN-028,2026-08-19T10:29:00+08:00,15m,11,15,normal_update,fresh,high,rain,0.66,restricted,False,medium,0,none,0.667,0.6,17.0,15.67,21.0,4.31,-8.0,2,0,2,0,10.0,0.0,2.33,False,10,True,0.75,0.7,0.308,decreasing,0.169,0
PM-SYN-028,2026-08-19T10:31:00+08:00,15m,18,15,normal_update,fresh,high,rain,0.66,restricted,False,medium,3,minor,0.667,0.6,16.67,15.13,21.0,4.2,-3.0,1,0,1,0,8.0,0.031,2.37,False,12,True,0.75,0.7,0.169,stable,0.239,0
PM-SYN-029,2026-08-19T06:36:00+08:00,15m,21,25,normal_update,fresh,high,rain,0.72,caution,False,medium,0,none,0.333,0.4,28.0,25.13,39.0,6.84,-3.0,1,0,1,0,4.0,0.0,0.5,True,999.0,False,0.75,0.35,0.292,decreasing,0.138,0
PM-SYN-029,2026-08-19T06:38:00+08:00,15m,20,25,normal_update,fresh,high,rain,0.72,caution,False,medium,0,none,0.333,0.4,26.67,24.73,39.0,7.03,-19.0,1,0,1,0,4.0,0.0,0.53,True,999.0,False,0.75,0.35,0.138,decreasing,0.083,0
PM-SYN-029,2026-08-19T06:40:00+08:00,15m,22,25,normal_update,fresh,high,rain,0.72,caution,False,medium,0,none,0.0,0.2,21.0,24.47,22.0,7.03,1.0,1,0,1,0,4.0,0.0,0.57,True,999.0,False,0.75,0.35,0.083,stable,0.069,0
PM-SYN-029,2026-08-19T06:42:00+08:00,15m,21,25,normal_update,fresh,high,rain,0.72,caution,False,medium,0,none,0.0,0.2,21.0,24.47,22.0,7.23,1.0,0,0,0,0,4.0,0.0,0.6,True,999.0,False,0.75,0.35,0.069,decreasing,0.111,1
PM-SYN-029,2026-08-19T06:44:00+08:00,15m,19,25,normal_update,fresh,high,rain,0.72,caution,False,medium,0,none,0.0,0.0,20.67,24.33,22.0,1.02,-3.0,0,0,0,0,4.0,0.0,0.63,True,0,True,0.75,0.35,0.111,decreasing,0.102,1
PM-SYN-029,2026-08-19T06:46:00+08:00,15m,36,25,speeding,fresh,high,rain,0.72,caution,False,medium,11,moderate,0.333,0.2,25.33,24.8,36.0,6.28,15.0,0,0,0,0,6.0,0.338,0.67,True,2,True,0.75,0.35,0.102,increasing,0.186,1
PM-SYN-029,2026-08-19T06:48:00+08:00,15m,25,25,normal_update,stale,high,rain,0.72,caution,False,medium,0,none,0.333,0.2,26.67,24.93,36.0,6.02,6.0,0,0,0,0,4.0,0.0,0.7,True,4,True,0.75,0.35,0.186,decreasing,0.143,1
PM-SYN-029,2026-08-19T06:50:00+08:00,15m,21,25,normal_update,fresh,high,rain,0.72,caution,False,medium,0,none,0.333,0.2,27.33,24.6,36.0,6.12,-15.0,0,0,0,0,4.0,0.0,0.73,True,6,True,0.75,0.35,0.143,decreasing,0.183,0
PM-SYN-029,2026-08-19T06:52:00+08:00,15m,19,25,normal_update,delayed,high,rain,0.72,caution,False,medium,0,none,0.0,0.2,21.67,24.33,25.0,6.39,-6.0,0,0,0,0,4.0,0.0,0.77,True,8,True,0.75,0.35,0.183,decreasing,0.162,0
PM-SYN-029,2026-08-19T06:54:00+08:00,15m,19,25,normal_update,fresh,high,rain,0.72,caution,False,medium,0,none,0.0,0.2,19.67,24.07,21.0,6.39,-2.0,0,0,0,0,4.0,0.0,0.8,True,10,True,0.75,0.35,0.162,decreasing,0.168,0
PM-SYN-029,2026-08-19T06:56:00+08:00,15m,24,25,normal_update,fresh,high,rain,0.72,caution,False,medium,0,none,0.0,0.0,20.67,24.07,24.0,2.5,5.0,0,0,0,0,4.0,0.0,0.83,True,12,True,0.75,0.35,0.168,decreasing,0.043,1
PM-SYN-029,2026-08-19T06:58:00+08:00,15m,24,25,normal_update,delayed,high,rain,0.72,caution,False,medium,0,none,0.0,0.0,22.33,24.27,24.0,2.24,5.0,0,0,0,0,4.0,0.0,0.87,True,0,True,0.75,0.35,0.043,decreasing,0.044,1
PM-SYN-029,2026-08-19T07:00:00+08:00,15m,22,25,normal_update,fresh,high,rain,0.72,caution,False,medium,0,none,0.0,0.0,23.33,23.73,24.0,2.24,-2.0,0,0,0,0,4.0,0.0,0.9,False,2,True,0.75,0.35,0.044,decreasing,0.045,1
PM-SYN-029,2026-08-19T07:02:00+08:00,15m,21,25,normal_update,fresh,high,rain,0.72,caution,False,medium,0,none,0.0,0.0,22.33,23.53,24.0,1.9,-3.0,0,0,0,0,2.0,0.0,0.93,False,4,True,0.75,0.35,0.045,decreasing,0.072,1
PM-SYN-029,2026-08-19T07:04:00+08:00,15m,38,25,normal_update,fresh,high,rain,0.72,caution,False,medium,13,moderate,0.333,0.2,27.0,23.47,38.0,6.21,16.0,0,0,0,0,2.0,0.448,0.97,False,6,True,0.75,0.35,0.072,increasing,0.075,1
PM-SYN-029,2026-08-19T07:06:00+08:00,15m,19,25,normal_update,fresh,high,rain,0.72,caution,False,medium,0,none,0.333,0.2,26.0,23.33,38.0,6.79,-2.0,0,0,0,0,2.0,0.0,1.0,False,8,True,0.75,0.35,0.075,decreasing,0.097,1
PM-SYN-029,2026-08-19T07:08:00+08:00,15m,21,25,normal_update,fresh,high,rain,0.72,caution,False,medium,0,none,0.333,0.2,26.0,23.4,38.0,6.97,-17.0,0,0,0,0,2.0,0.0,1.03,False,10,True,0.75,0.35,0.097,decreasing,0.108,0
PM-SYN-029,2026-08-19T07:10:00+08:00,15m,26,25,normal_update,fresh,high,rain,0.72,caution,False,medium,1,minor,0.333,0.4,22.0,23.67,26.0,6.9,7.0,0,0,0,0,2.0,0.0,1.07,False,12,True,0.75,0.35,0.108,decreasing,0.121,0
PM-SYN-029,2026-08-19T07:12:00+08:00,15m,21,25,harsh_brake,fresh,high,rain,0.72,caution,False,medium,0,none,0.333,0.4,22.67,23.67,26.0,6.9,0.0,1,0,1,0,4.0,0.0,1.1,False,14,False,0.75,0.35,0.121,decreasing,0.057,0
PM-SYN-029,2026-08-19T07:14:00+08:00,15m,23,25,normal_update,fresh,high,rain,0.72,caution,False,medium,0,none,0.333,0.2,23.33,23.93,26.0,2.37,-3.0,1,0,1,0,4.0,0.023,1.13,False,16,False,0.75,0.35,0.057,stable,0.052,0
PM-SYN-029,2026-08-19T07:16:00+08:00,15m,27,25,normal_update,fresh,high,rain,0.72,caution,False,medium,2,minor,0.333,0.4,23.67,23.33,27.0,2.5,6.0,1,0,1,0,2.0,0.108,1.17,False,18,False,0.75,0.35,0.052,increasing,0.116,0
PM-SYN-029,2026-08-19T07:18:00+08:00,15m,23,25,normal_update,fresh,high,rain,0.72,caution,False,medium,0,none,0.333,0.4,24.33,23.2,27.0,2.19,0.0,1,0,1,0,2.0,0.0,1.2,False,20,False,0.75,0.35,0.116,stable,0.087,0
PM-SYN-029,2026-08-19T07:20:00+08:00,15m,21,25,harsh_brake,fresh,high,rain,0.72,caution,False,medium,0,none,0.333,0.2,23.67,23.2,27.0,2.19,-6.0,2,0,2,0,4.0,0.073,1.23,False,22,False,0.75,0.35,0.087,increasing,0.164,1
PM-SYN-029,2026-08-19T07:22:00+08:00,15m,24,25,normal_update,fresh,high,rain,0.72,caution,False,medium,0,none,0.0,0.2,22.67,23.53,24.0,1.96,1.0,1,0,1,0,4.0,0.0,1.27,False,0,False,0.75,0.35,0.164,decreasing,0.046,1
PM-SYN-029,2026-08-19T07:24:00+08:00,15m,31,25,speeding,fresh,high,rain,0.72,caution,False,medium,6,minor,0.333,0.4,25.33,24.33,31.0,3.49,10.0,1,0,1,0,6.0,0.274,1.3,False,2,False,0.75,0.35,0.046,increasing,0.17,1
PM-SYN-029,2026-08-19T07:26:00+08:00,15m,30,25,speeding,fresh,high,rain,0.72,caution,False,medium,5,minor,0.667,0.4,28.33,24.73,31.0,3.97,6.0,1,0,1,0,8.0,0.11,1.33,False,4,False,0.75,0.35,0.17,increasing,0.155,1
PM-SYN-029,2026-08-19T07:28:00+08:00,15m,23,25,sharp_turn,fresh,high,rain,0.72,caution,False,medium,0,none,0.667,0.4,28.0,24.67,31.0,3.97,-8.0,1,1,1,1,10.0,0.005,1.37,False,6,False,0.75,0.35,0.155,stable,0.079,1
PM-SYN-029,2026-08-19T07:30:00+08:00,15m,27,25,normal_update,fresh,high,rain,0.72,caution,False,medium,2,minor,0.667,0.6,26.67,25.0,30.0,3.16,-3.0,0,1,0,1,10.0,0.081,1.4,False,8,False,0.75,0.35,0.079,increasing,0.174,1
PM-SYN-029,2026-08-19T07:32:00+08:00,15m,28,25,normal_update,fresh,high,rain,0.72,caution,False,medium,3,minor,0.667,0.8,26.0,25.47,28.0,2.79,5.0,0,1,0,1,10.0,0.026,1.43,False,10,False,0.75,0.35,0.174,stable,0.214,1
PM-SYN-029,2026-08-19T07:34:00+08:00,15m,18,25,normal_update,fresh,high,rain,0.72,caution,False,medium,0,none,0.667,0.6,24.33,24.13,28.0,4.26,-9.0,0,1,0,1,10.0,0.0,1.47,False,12,False,0.75,0.35,0.214,decreasing,0.162,1
PM-SYN-029,2026-08-19T07:36:00+08:00,15m,28,25,normal_update,fresh,high,rain,0.72,caution,False,medium,3,minor,0.667,0.6,24.67,24.73,28.0,3.87,0.0,0,1,0,1,10.0,0.038,1.5,False,0,False,0.75,0.35,0.162,stable,0.156,1
PM-SYN-029,2026-08-19T07:38:00+08:00,15m,20,25,normal_update,fresh,high,rain,0.72,caution,False,medium,0,none,0.333,0.6,22.0,24.67,28.0,4.31,2.0,0,0,0,0,10.0,0.0,1.53,False,2,False,0.75,0.35,0.156,decreasing,0.11,1
PM-SYN-029,2026-08-19T07:40:00+08:00,15m,21,25,harsh_brake,delayed,high,rain,0.72,caution,False,medium,0,none,0.333,0.4,23.0,24.33,28.0,4.2,-7.0,1,0,1,0,12.0,0.0,1.57,False,4,False,0.75,0.35,0.11,stable,0.059,0
PM-SYN-029,2026-08-19T07:42:00+08:00,15m,23,25,normal_update,fresh,high,rain,0.72,caution,False,medium,0,none,0.0,0.2,21.33,24.47,23.0,3.41,3.0,1,0,1,0,10.0,0.021,1.6,False,6,False,0.75,0.35,0.059,stable,0.041,0
PM-SYN-029,2026-08-19T07:44:00+08:00,15m,25,25,normal_update,fresh,high,rain,0.72,caution,False,medium,0,none,0.0,0.2,23.0,24.6,25.0,2.87,4.0,1,0,1,0,10.0,0.039,1.63,False,8,False,0.75,0.35,0.041,stable,0.05,0
PM-SYN-029,2026-08-19T07:46:00+08:00,15m,18,25,normal_update,fresh,high,rain,0.72,caution,False,medium,0,none,0.0,0.0,22.0,24.0,25.0,2.42,-5.0,1,0,1,0,10.0,0.03,1.67,False,10,False,0.75,0.35,0.05,stable,0.031,0
PM-SYN-029,2026-08-19T07:48:00+08:00,15m,34,25,sharp_turn,fresh,high,rain,0.72,caution,False,medium,9,minor,0.333,0.2,25.67,24.73,34.0,5.42,9.0,1,1,1,1,12.0,0.489,1.7,False,12,False,0.75,0.35,0.031,increasing,0.205,0
PM-SYN-029,2026-08-19T07:50:00+08:00,15m,23,25,normal_update,fresh,high,rain,0.72,caution,False,medium,0,none,0.333,0.2,25.0,24.87,34.0,5.24,5.0,0,1,0,1,10.0,0.0,1.73,False,14,False,0.75,0.35,0.205,decreasing,0.059,0
PM-SYN-029,2026-08-19T07:52:00+08:00,15m,33,25,normal_update,fresh,high,rain,0.72,caution,False,medium,8,minor,0.667,0.4,30.0,25.47,34.0,6.09,-1.0,0,1,0,1,10.0,0.341,1.77,False,16,False,0.75,0.35,0.059,increasing,0.126,0
PM-SYN-029,2026-08-19T07:54:00+08:00,15m,20,25,sharp_turn,delayed,high,rain,0.72,caution,False,medium,0,none,0.333,0.4,25.33,24.73,33.0,6.65,-3.0,0,2,0,2,10.0,0.034,1.8,False,18,False,0.75,0.35,0.126,stable,0.079,0
PM-SYN-029,2026-08-19T07:56:00+08:00,15m,34,25,normal_update,fresh,high,rain,0.72,caution,False,medium,9,minor,0.667,0.6,29.0,25.0,34.0,6.05,1.0,0,2,0,2,8.0,0.441,1.83,False,20,False,0.75,0.35,0.079,increasing,0.149,1
PM-SYN-029,2026-08-19T07:58:00+08:00,15m,17,25,normal_update,fresh,high,rain,0.72,caution,False,medium,0,none,0.333,0.4,23.67,24.6,34.0,6.89,-3.0,0,1,0,1,6.0,0.0,1.87,False,0,True,0.75,0.35,0.149,decreasing,0.098,1
PM-SYN-029,2026-08-19T08:00:00+08:00,15m,32,25,normal_update,fresh,high,rain,0.72,caution,False,medium,7,minor,0.667,0.6,27.67,24.93,34.0,7.19,-2.0,0,1,0,1,6.0,0.262,1.9,False,2,True,0.75,0.35,0.098,increasing,0.229,1
PM-SYN-029,2026-08-19T08:02:00+08:00,15m,28,25,normal_update,fresh,high,rain,0.72,caution,False,medium,3,minor,0.667,0.6,25.67,24.93,32.0,6.65,11.0,0,1,0,1,6.0,0.0,1.93,False,4,True,0.75,0.35,0.229,stable,0.239,1
PM-SYN-029,2026-08-19T08:04:00+08:00,15m,17,25,sharp_turn,fresh,high,rain,0.72,caution,False,medium,0,none,0.667,0.6,25.67,24.87,32.0,7.28,-15.0,0,1,0,1,8.0,0.0,1.97,False,6,True,0.75,0.35,0.239,decreasing,0.172,1
PM-SYN-029,2026-08-19T08:06:00+08:00,15m,22,25,normal_update,fresh,high,rain,0.72,caution,False,medium,0,none,0.333,0.4,22.33,24.47,28.0,5.98,-6.0,0,1,0,1,8.0,0.0,2.0,False,8,True,0.75,0.35,0.172,decreasing,0.151,1
PM-SYN-029,2026-08-19T08:08:00+08:00,15m,24,25,normal_update,fresh,high,rain,0.72,caution,False,medium,0,none,0.0,0.4,21.0,24.73,24.0,5.12,7.0,0,1,0,1,8.0,0.0,2.03,False,10,True,0.75,0.35,0.151,decreasing,0.181,1
PM-SYN-029,2026-08-19T08:10:00+08:00,15m,22,25,normal_update,fresh,high,rain,0.72,caution,False,medium,0,none,0.0,0.2,22.67,24.8,24.0,3.56,0.0,0,1,0,1,6.0,0.0,2.07,False,12,True,0.75,0.35,0.181,decreasing,0.153,0
PM-SYN-029,2026-08-19T08:12:00+08:00,15m,21,25,normal_update,delayed,high,rain,0.72,caution,False,medium,0,none,0.0,0.0,22.33,24.67,24.0,2.32,-3.0,0,1,0,1,6.0,0.0,2.1,False,14,False,0.75,0.35,0.153,decreasing,0.042,0
PM-SYN-029,2026-08-19T08:14:00+08:00,15m,24,25,normal_update,fresh,high,rain,0.72,caution,False,medium,0,none,0.0,0.0,22.33,24.6,24.0,1.2,2.0,0,0,0,0,6.0,0.0,2.13,False,16,False,0.75,0.35,0.042,decreasing,0.049,0
PM-SYN-029,2026-08-19T08:16:00+08:00,15m,25,25,sharp_turn,stale,high,rain,0.72,caution,False,medium,0,none,0.0,0.0,23.33,25.07,25.0,1.47,4.0,0,1,0,1,8.0,0.031,2.17,False,18,False,0.75,0.35,0.049,stable,0.037,0
PM-SYN-029,2026-08-19T08:18:00+08:00,15m,20,25,normal_update,delayed,high,rain,0.72,caution,False,medium,0,none,0.0,0.0,23.0,24.13,25.0,1.85,-4.0,0,1,0,1,6.0,0.043,2.2,False,20,False,0.75,0.35,0.037,increasing,0.033,0
PM-SYN-029,2026-08-19T08:20:00+08:00,15m,34,25,normal_update,fresh,high,rain,0.72,caution,False,medium,9,minor,0.333,0.2,26.33,24.87,34.0,4.96,9.0,0,1,0,1,6.0,0.407,2.23,False,22,False,0.75,0.35,0.033,increasing,0.161,0
PM-SYN-029,2026-08-19T08:22:00+08:00,15m,20,25,normal_update,fresh,high,rain,0.72,caution,False,medium,0,none,0.333,0.2,24.67,24.0,34.0,5.12,0.0,0,1,0,1,6.0,0.0,2.27,False,24,False,0.75,0.35,0.161,decreasing,0.048,0
PM-SYN-029,2026-08-19T08:24:00+08:00,15m,23,25,normal_update,fresh,high,rain,0.72,caution,False,medium,0,none,0.333,0.2,25.67,24.2,34.0,5.16,-11.0,0,1,0,1,4.0,0.032,2.3,False,26,False,0.75,0.35,0.048,stable,0.088,1
PM-SYN-029,2026-08-19T08:26:00+08:00,15m,20,25,sharp_turn,fresh,high,rain,0.72,caution,False,medium,0,none,0.0,0.2,21.0,23.27,23.0,5.43,0.0,0,1,0,1,6.0,0.0,2.33,False,0,False,0.75,0.35,0.088,stable,0.083,1
PM-SYN-029,2026-08-19T08:28:00+08:00,15m,26,25,normal_update,fresh,high,rain,0.72,caution,False,medium,1,minor,0.333,0.4,23.0,23.87,26.0,5.2,3.0,0,1,0,1,6.0,0.037,2.37,False,2,False,0.75,0.35,0.083,stable,0.139,0
PM-SYN-030,2026-08-19T09:29:00+08:00,15m,29,25,normal_update,delayed,high,rain,0.72,caution,False,medium,4,minor,0.667,0.6,25.67,27.07,29.0,2.68,3.0,0,0,0,0,4.0,0.0,0.5,False,999.0,False,0.75,0.35,0.286,decreasing,0.05,0
PM-SYN-030,2026-08-19T09:31:00+08:00,15m,27,25,normal_update,fresh,high,rain,0.72,caution,False,medium,2,minor,0.667,0.8,26.0,27.4,29.0,2.28,5.0,0,0,0,0,4.0,0.03,0.53,False,999.0,False,0.75,0.35,0.05,stable,0.072,0
PM-SYN-030,2026-08-19T09:33:00+08:00,15m,28,25,harsh_brake,fresh,high,rain,0.72,caution,False,medium,3,minor,1.0,0.8,28.0,27.0,29.0,2.42,-1.0,1,0,1,0,6.0,0.128,0.57,False,999.0,False,0.75,0.35,0.072,increasing,0.207,0
PM-SYN-030,2026-08-19T09:35:00+08:00,15m,32,25,harsh_brake,fresh,high,rain,0.72,caution,False,medium,7,minor,1.0,0.8,29.0,27.0,32.0,3.26,5.0,2,0,2,0,6.0,0.233,0.6,False,999.0,False,0.75,0.35,0.207,increasing,0.12,0
PM-SYN-030,2026-08-19T09:37:00+08:00,15m,21,25,sharp_turn,fresh,high,rain,0.72,caution,False,medium,0,none,0.667,0.8,27.0,26.93,32.0,3.61,-7.0,2,1,2,1,8.0,0.12,0.63,False,999.0,False,0.75,0.35,0.12,increasing,0.269,0
PM-SYN-030,2026-08-19T09:39:00+08:00,15m,24,25,normal_update,delayed,high,rain,0.72,caution,False,medium,0,none,0.333,0.6,25.67,27.13,32.0,3.72,-8.0,2,1,2,1,8.0,0.0,0.67,False,999.0,False,0.75,0.35,0.269,stable,0.141,0
PM-SYN-030,2026-08-19T09:41:00+08:00,15m,23,25,normal_update,delayed,high,rain,0.72,caution,False,medium,0,none,0.0,0.4,22.67,26.67,24.0,3.93,2.0,2,1,2,1,8.0,0.099,0.7,False,999.0,False,0.75,0.35,0.141,increasing,0.15,0
PM-SYN-030,2026-08-19T09:43:00+08:00,15m,22,25,normal_update,fresh,high,rain,0.72,caution,False,medium,0,none,0.0,0.2,23.0,25.93,24.0,3.93,-2.0,1,1,1,1,8.0,0.01,0.73,False,999.0,False,0.75,0.35,0.15,stable,0.059,0
PM-SYN-030,2026-08-19T09:45:00+08:00,15m,20,25,normal_update,fresh,high,rain,0.72,caution,False,medium,0,none,0.0,0.0,21.67,25.27,23.0,1.41,-3.0,0,1,0,1,6.0,0.021,0.77,False,999.0,False,0.75,0.35,0.059,stable,0.052,0
PM-SYN-030,2026-08-19T09:47:00+08:00,15m,20,25,normal_update,fresh,high,rain,0.72,caution,False,medium,0,none,0.0,0.0,20.67,24.6,22.0,1.6,-2.0,0,0,0,0,6.0,0.0,0.8,False,999.0,False,0.75,0.35,0.052,decreasing,0.055,0
PM-SYN-030,2026-08-19T09:49:00+08:00,15m,22,25,normal_update,fresh,high,rain,0.72,caution,False,medium,0,none,0.0,0.0,20.67,24.27,22.0,1.2,2.0,0,0,0,0,6.0,0.0,0.83,False,999.0,False,0.75,0.35,0.055,decreasing,0.062,1
PM-SYN-030,2026-08-19T09:51:00+08:00,15m,26,25,normal_update,fresh,high,rain,0.72,caution,False,medium,1,minor,0.333,0.2,22.67,24.53,26.0,2.19,6.0,0,0,0,0,6.0,0.0,0.87,False,0,True,0.75,0.35,0.062,stable,0.088,1
PM-SYN-030,2026-08-19T09:53:00+08:00,15m,20,25,harsh_brake,fresh,high,rain,0.72,caution,False,medium,0,none,0.333,0.2,22.67,24.13,26.0,2.33,-2.0,1,0,1,0,8.0,0.0,0.9,False,2,True,0.75,0.35,0.088,stable,0.164,1
PM-SYN-030,2026-08-19T09:55:00+08:00,15m,25,25,normal_update,fresh,high,rain,0.72,caution,False,medium,0,none,0.333,0.2,23.67,24.07,26.0,2.5,-1.0,1,0,1,0,8.0,0.0,0.93,False,4,True,0.75,0.35,0.164,decreasing,0.168,1
PM-SYN-030,2026-08-19T09:57:00+08:00,15m,23,25,normal_update,fresh,high,rain,0.72,caution,False,medium,0,none,0.0,0.2,22.67,24.13,25.0,2.14,3.0,1,0,1,0,8.0,0.0,0.97,False,6,True,0.75,0.35,0.168,decreasing,0.059,1
PM-SYN-030,2026-08-19T09:59:00+08:00,15m,25,25,normal_update,fresh,high,rain,0.72,caution,False,medium,0,none,0.0,0.2,24.33,23.87,25.0,2.14,0.0,1,0,1,0,8.0,0.021,1.0,False,8,True,0.75,0.35,0.059,stable,0.067,1
PM-SYN-030,2026-08-19T10:01:00+08:00,15m,21,25,normal_update,fresh,high,rain,0.72,caution,False,medium,0,none,0.0,0.0,23.0,23.47,25.0,2.04,-2.0,1,0,1,0,8.0,0.013,1.03,False,10,True,0.75,0.35,0.067,stable,0.124,0
PM-SYN-030,2026-08-19T10:03:00+08:00,15m,31,25,sharp_turn,fresh,high,rain,0.72,caution,False,medium,6,minor,0.333,0.2,25.67,23.67,31.0,3.35,6.0,0,1,0,1,8.0,0.196,1.07,False,12,True,0.75,0.35,0.124,increasing,0.103,0
PM-SYN-030,2026-08-19T10:05:00+08:00,15m,27,25,sharp_turn,delayed,high,rain,0.72,caution,False,medium,2,minor,0.667,0.4,26.33,23.33,31.0,3.44,6.0,0,2,0,2,8.0,0.137,1.1,False,14,False,0.75,0.35,0.103,increasing,0.124,0
PM-SYN-030,2026-08-19T10:07:00+08:00,15m,35,25,normal_update,delayed,high,rain,0.72,caution,False,medium,10,minor,1.0,0.6,31.0,24.27,35.0,4.83,4.0,0,2,0,2,6.0,0.436,1.13,False,16,False,0.75,0.35,0.124,increasing,0.13,0
PM-SYN-030,2026-08-19T10:09:00+08:00,15m,22,25,normal_update,fresh,high,rain,0.72,caution,False,medium,0,none,0.667,0.6,28.0,24.13,35.0,5.31,-5.0,0,2,0,2,6.0,0.03,1.17,False,18,False,0.75,0.35,0.13,stable,0.112,1
PM-SYN-030,2026-08-19T10:11:00+08:00,15m,25,25,normal_update,fresh,high,rain,0.72,caution,False,medium,0,none,0.333,0.6,27.33,24.27,35.0,4.56,-10.0,0,2,0,2,6.0,0.048,1.2,False,0,False,0.75,0.35,0.112,increasing,0.225,1
PM-SYN-030,2026-08-19T10:13:00+08:00,15m,30,25,harsh_brake,fresh,high,rain,0.72,caution,False,medium,5,minor,0.333,0.6,25.67,24.8,30.0,4.45,8.0,1,1,1,1,8.0,0.135,1.23,False,2,False,0.75,0.35,0.225,increasing,0.1,1
PM-SYN-030,2026-08-19T10:15:00+08:00,15m,27,25,normal_update,fresh,high,rain,0.72,caution,False,medium,2,minor,0.667,0.6,27.33,25.27,30.0,4.45,2.0,1,0,1,0,8.0,0.06,1.27,False,4,False,0.75,0.35,0.1,increasing,0.084,1
PM-SYN-030,2026-08-19T10:17:00+08:00,15m,23,25,normal_update,fresh,high,rain,0.72,caution,False,medium,0,none,0.667,0.4,26.67,25.47,30.0,2.87,-7.0,1,0,1,0,8.0,0.0,1.3,False,0,False,0.75,0.35,0.084,stable,0.049,1
PM-SYN-030,2026-08-19T10:19:00+08:00,15m,18,25,normal_update,stale,high,rain,0.72,caution,False,medium,0,none,0.333,0.4,22.67,25.2,27.0,4.03,-9.0,1,0,1,0,8.0,0.031,1.33,False,2,False,0.75,0.35,0.049,stable,0.057,0
PM-SYN-030,2026-08-19T10:21:00+08:00,15m,21,25,normal_update,fresh,high,rain,0.72,caution,False,medium,0,none,0.0,0.4,20.67,24.87,23.0,4.26,-2.0,1,0,1,0,8.0,0.023,1.37,False,4,False,0.75,0.35,0.057,stable,0.096,0
PM-SYN-030,2026-08-19T10:23:00+08:00,15m,20,25,normal_update,fresh,high,rain,0.72,caution,False,medium,0,none,0.0,0.2,19.67,24.87,21.0,3.06,2.0,0,0,0,0,6.0,0.0,1.4,False,6,False,0.75,0.35,0.096,decreasing,0.051,0
PM-SYN-030,2026-08-19T10:25:00+08:00,15m,25,25,normal_update,delayed,high,rain,0.72,caution,False,medium,0,none,0.0,0.0,22.0,24.87,25.0,2.42,4.0,0,0,0,0,6.0,0.0,1.43,False,8,False,0.75,0.35,0.051,decreasing,0.032,0
PM-SYN-030,2026-08-19T10:27:00+08:00,15m,20,25,normal_update,fresh,high,rain,0.72,caution,False,medium,0,none,0.0,0.0,21.67,24.67,25.0,2.32,0.0,0,0,0,0,6.0,0.0,1.47,False,10,False,0.75,0.35,0.032,stable,0.056,0
PM-SYN-030,2026-08-19T10:29:00+08:00,15m,27,25,normal_update,stale,high,rain,0.72,caution,False,medium,2,minor,0.333,0.2,24.0,24.8,27.0,2.87,2.0,0,0,0,0,6.0,0.024,1.5,False,12,False,0.75,0.35,0.056,stable,0.055,0
PM-SYN-030,2026-08-19T10:31:00+08:00,15m,23,25,normal_update,fresh,high,rain,0.72,caution,False,medium,0,none,0.333,0.2,23.33,24.93,27.0,2.76,3.0,0,0,0,0,6.0,0.0,1.53,False,14,False,0.75,0.35,0.055,decreasing,0.055,1
PM-SYN-030,2026-08-19T10:33:00+08:00,15m,19,25,normal_update,delayed,high,rain,0.72,caution,False,medium,0,none,0.333,0.2,23.0,24.13,27.0,2.99,-8.0,0,0,0,0,4.0,0.0,1.57,False,0,False,0.75,0.35,0.055,decreasing,0.056,1
PM-SYN-030,2026-08-19T10:35:00+08:00,15m,25,25,normal_update,delayed,high,rain,0.72,caution,False,medium,0,none,0.0,0.2,22.33,24.0,25.0,2.99,2.0,0,0,0,0,2.0,0.0,1.6,False,2,False,0.75,0.35,0.056,decreasing,0.087,1
PM-SYN-030,2026-08-19T10:37:00+08:00,15m,22,25,normal_update,delayed,high,rain,0.72,caution,False,medium,0,none,0.0,0.2,22.0,23.13,25.0,2.71,3.0,0,0,0,0,2.0,0.0,1.63,False,4,False,0.75,0.35,0.087,decreasing,0.049,1
PM-SYN-030,2026-08-19T10:39:00+08:00,15m,22,25,sharp_turn,fresh,high,rain,0.72,caution,False,medium,0,none,0.0,0.0,23.0,23.13,25.0,1.94,-3.0,0,1,0,1,4.0,0.031,1.67,False,6,False,0.75,0.35,0.049,stable,0.028,1
PM-SYN-030,2026-08-19T10:41:00+08:00,15m,31,25,normal_update,fresh,high,rain,0.72,caution,False,medium,6,minor,0.333,0.2,25.0,23.53,31.0,4.07,9.0,0,1,0,1,4.0,0.292,1.7,False,8,False,0.75,0.35,0.028,increasing,0.051,0
PM-SYN-030,2026-08-19T10:43:00+08:00,15m,24,25,sharp_turn,fresh,high,rain,0.72,caution,False,medium,0,none,0.333,0.2,25.67,23.13,31.0,3.31,2.0,0,2,0,2,4.0,0.109,1.73,False,10,False,0.75,0.35,0.051,increasing,0.073,0
PM-SYN-030,2026-08-19T10:45:00+08:00,15m,21,25,normal_update,fresh,high,rain,0.72,caution,False,medium,0,none,0.333,0.2,25.33,22.73,31.0,3.63,-10.0,0,2,0,2,4.0,0.087,1.77,False,12,False,0.75,0.35,0.073,increasing,0.144,0
PM-SYN-030,2026-08-19T10:47:00+08:00,15m,21,25,normal_update,delayed,high,rain,0.72,caution,False,medium,0,none,0.0,0.2,22.0,22.6,24.0,3.76,-3.0,0,2,0,2,4.0,0.016,1.8,False,14,False,0.75,0.35,0.144,stable,0.136,0
PM-SYN-030,2026-08-19T10:49:00+08:00,15m,17,25,normal_update,fresh,high,rain,0.72,caution,False,medium,0,none,0.0,0.2,19.67,22.53,21.0,4.66,-4.0,0,1,0,1,4.0,0.0,1.83,False,16,False,0.75,0.35,0.136,decreasing,0.116,1
PM-SYN-030,2026-08-19T10:51:00+08:00,15m,26,25,normal_update,fresh,high,rain,0.72,caution,False,medium,1,minor,0.333,0.2,21.33,22.87,26.0,3.06,5.0,0,1,0,1,4.0,0.004,1.87,False,0,True,0.75,0.35,0.116,stable,0.114,1
PM-SYN-030,2026-08-19T10:53:00+08:00,15m,25,25,normal_update,fresh,high,rain,0.72,caution,False,medium,0,none,0.333,0.2,22.67,23.2,26.0,3.22,8.0,0,0,0,0,4.0,0.0,1.9,False,2,True,0.75,0.35,0.114,decreasing,0.075,0
PM-SYN-030,2026-08-19T10:55:00+08:00,15m,21,25,normal_update,fresh,high,rain,0.72,caution,False,medium,0,none,0.333,0.2,24.0,22.93,26.0,3.22,-5.0,0,0,0,0,4.0,0.0,1.93,False,4,True,0.75,0.35,0.075,decreasing,0.116,1
PM-SYN-030,2026-08-19T10:57:00+08:00,15m,24,25,normal_update,fresh,high,rain,0.72,caution,False,medium,0,none,0.0,0.2,23.33,23.2,25.0,3.26,-1.0,0,0,0,0,4.0,0.0,1.97,False,0,True,0.75,0.35,0.116,decreasing,0.06,1
PM-SYN-030,2026-08-19T10:59:00+08:00,15m,25,25,normal_update,fresh,high,rain,0.72,caution,False,medium,0,none,0.0,0.2,23.33,23.07,25.0,1.72,4.0,0,0,0,0,4.0,0.0,2.0,False,2,True,0.75,0.35,0.06,decreasing,0.044,1
PM-SYN-030,2026-08-19T11:01:00+08:00,15m,22,25,normal_update,fresh,high,rain,0.72,caution,False,medium,0,none,0.0,0.0,23.67,23.0,25.0,1.62,-2.0,0,0,0,0,4.0,0.0,2.03,False,4,True,0.75,0.35,0.044,decreasing,0.101,1
PM-SYN-030,2026-08-19T11:03:00+08:00,15m,22,25,normal_update,fresh,high,rain,0.72,caution,False,medium,0,none,0.0,0.0,23.0,23.2,25.0,1.47,-3.0,0,0,0,0,4.0,0.0,2.07,False,6,True,0.75,0.35,0.101,decreasing,0.033,1
PM-SYN-030,2026-08-19T11:05:00+08:00,15m,21,25,normal_update,fresh,high,rain,0.72,caution,False,medium,0,none,0.0,0.0,21.67,22.93,22.0,1.47,-1.0,0,0,0,0,4.0,0.0,2.1,False,8,True,0.75,0.35,0.033,stable,0.061,0
PM-SYN-030,2026-08-19T11:07:00+08:00,15m,18,25,normal_update,fresh,high,rain,0.72,caution,False,medium,0,none,0.0,0.0,20.33,22.67,22.0,2.24,-4.0,0,0,0,0,4.0,0.0,2.13,False,10,True,0.75,0.35,0.061,decreasing,0.06,0
PM-SYN-030,2026-08-19T11:09:00+08:00,15m,25,25,normal_update,fresh,high,rain,0.72,caution,False,medium,0,none,0.0,0.0,21.33,22.87,25.0,2.24,4.0,0,0,0,0,2.0,0.0,2.17,False,12,True,0.75,0.35,0.06,decreasing,0.076,0
PM-SYN-030,2026-08-19T11:11:00+08:00,15m,32,25,sharp_turn,fresh,high,rain,0.72,caution,False,medium,7,minor,0.333,0.2,25.0,22.93,32.0,4.76,14.0,0,1,0,1,4.0,0.284,2.2,False,14,False,0.75,0.35,0.076,increasing,0.056,0
PM-SYN-030,2026-08-19T11:13:00+08:00,15m,29,25,normal_update,fresh,high,rain,0.72,caution,False,medium,4,minor,0.667,0.4,28.67,23.27,32.0,5.1,4.0,0,1,0,1,2.0,0.184,2.23,False,16,False,0.75,0.35,0.056,increasing,0.063,0
PM-SYN-030,2026-08-19T11:15:00+08:00,15m,25,25,normal_update,stale,high,rain,0.72,caution,False,medium,0,none,0.667,0.4,28.67,23.53,32.0,4.71,-7.0,0,1,0,1,2.0,0.017,2.27,False,18,False,0.75,0.35,0.063,stable,0.071,0
PM-SYN-030,2026-08-19T11:17:00+08:00,15m,29,25,normal_update,delayed,high,rain,0.72,caution,False,medium,4,minor,0.667,0.6,27.67,24.07,29.0,2.68,0.0,0,1,0,1,2.0,0.169,2.3,False,20,False,0.75,0.35,0.071,increasing,0.097,1
PM-SYN-030,2026-08-19T11:19:00+08:00,15m,18,25,normal_update,fresh,high,rain,0.72,caution,False,medium,0,none,0.333,0.6,24.0,24.13,29.0,4.84,-7.0,0,1,0,1,2.0,0.0,2.33,False,0,False,0.75,0.35,0.097,stable,0.098,1
PM-SYN-030,2026-08-19T11:21:00+08:00,15m,26,25,normal_update,fresh,high,rain,0.72,caution,False,medium,1,minor,0.667,0.6,24.33,24.13,29.0,4.03,-3.0,0,0,0,0,2.0,0.0,2.37,False,2,False,0.75,0.35,0.098,decreasing,0.122,1
PM-SYN-031,2026-08-19T06:52:00+08:00,15m,25,25,normal_update,fresh,medium,clear,0.78,wharf,False,high,0,none,0.0,0.2,22.67,25.0,25.0,2.24,4.0,0,0,0,0,0.0,0.0,0.5,True,999.0,False,0.25,1.0,0.101,decreasing,0.074,1
PM-SYN-031,2026-08-19T06:54:00+08:00,15m,27,25,normal_update,delayed,medium,clear,0.78,wharf,False,high,2,minor,0.333,0.2,24.67,25.07,27.0,2.24,5.0,0,0,0,0,0.0,0.006,0.53,True,0,False,0.25,1.0,0.074,stable,0.049,1
PM-SYN-031,2026-08-19T06:56:00+08:00,15m,30,25,speeding,fresh,medium,clear,0.78,wharf,False,high,5,minor,0.667,0.4,27.33,25.6,30.0,3.29,5.0,0,0,0,0,2.0,0.151,0.57,True,2,False,0.25,1.0,0.049,increasing,0.078,1
PM-SYN-031,2026-08-19T06:58:00+08:00,15m,17,25,normal_update,fresh,medium,clear,0.78,wharf,False,high,0,none,0.667,0.4,24.67,25.53,30.0,4.45,-10.0,0,0,0,0,2.0,0.0,0.6,True,4,False,0.25,1.0,0.078,decreasing,0.089,0
PM-SYN-031,2026-08-19T07:00:00+08:00,15m,25,25,normal_update,fresh,medium,clear,0.78,wharf,False,high,0,none,0.333,0.4,24.0,25.07,30.0,4.31,-5.0,0,0,0,0,2.0,0.0,0.63,False,6,False,0.25,1.0,0.089,decreasing,0.047,1
PM-SYN-031,2026-08-19T07:02:00+08:00,15m,24,25,normal_update,fresh,medium,clear,0.78,wharf,False,high,0,none,0.0,0.4,22.0,25.0,25.0,4.32,7.0,0,0,0,0,2.0,0.0,0.67,False,0,False,0.25,1.0,0.047,decreasing,0.054,1
PM-SYN-031,2026-08-19T07:04:00+08:00,15m,20,25,normal_update,fresh,medium,clear,0.78,wharf,False,high,0,none,0.0,0.2,23.0,23.87,25.0,4.45,-5.0,0,0,0,0,2.0,0.0,0.7,False,2,False,0.25,1.0,0.054,decreasing,0.058,1
PM-SYN-031,2026-08-19T07:06:00+08:00,15m,23,25,sharp_turn,fresh,medium,clear,0.78,wharf,False,high,0,none,0.0,0.0,22.33,23.73,24.0,2.93,-1.0,0,1,0,1,4.0,0.022,0.73,False,4,False,0.25,1.0,0.058,stable,0.047,0
PM-SYN-031,2026-08-19T07:08:00+08:00,15m,27,25,normal_update,fresh,medium,clear,0.78,wharf,False,high,2,minor,0.333,0.2,23.33,24.07,27.0,2.32,7.0,0,1,0,1,4.0,0.113,0.77,False,6,False,0.25,1.0,0.047,increasing,0.078,0
PM-SYN-031,2026-08-19T07:10:00+08:00,15m,18,25,normal_update,fresh,medium,clear,0.78,wharf,False,high,0,none,0.333,0.2,22.67,23.2,27.0,3.14,-5.0,0,1,0,1,4.0,0.002,0.8,False,8,False,0.25,1.0,0.078,stable,0.11,0
PM-SYN-031,2026-08-19T07:12:00+08:00,15m,20,25,normal_update,fresh,medium,clear,0.78,wharf,False,high,0,none,0.333,0.2,21.67,23.2,27.0,3.14,-7.0,0,1,0,1,4.0,0.0,0.83,False,10,False,0.25,1.0,0.11,stable,0.1,0
PM-SYN-031,2026-08-19T07:14:00+08:00,15m,30,25,speeding,delayed,medium,clear,0.78,wharf,False,high,5,minor,0.333,0.4,22.67,23.4,30.0,4.41,12.0,0,1,0,1,6.0,0.18,0.87,False,12,False,0.25,1.0,0.1,increasing,0.157,0
PM-SYN-031,2026-08-19T07:16:00+08:00,15m,21,25,normal_update,fresh,medium,clear,0.78,wharf,False,high,0,none,0.333,0.4,23.67,23.33,30.0,4.53,1.0,0,0,0,0,6.0,0.0,0.9,False,14,False,0.25,1.0,0.157,decreasing,0.114,0
PM-SYN-031,2026-08-19T07:18:00+08:00,15m,24,25,normal_update,fresh,medium,clear,0.78,wharf,False,high,0,none,0.333,0.2,25.0,23.53,30.0,4.18,-6.0,0,0,0,0,6.0,0.0,0.93,False,16,False,0.25,1.0,0.114,decreasing,0.096,0
PM-SYN-031,2026-08-19T07:20:00+08:00,15m,21,25,normal_update,fresh,medium,clear,0.78,wharf,False,high,0,none,0.0,0.2,22.0,23.47,24.0,3.66,0.0,0,0,0,0,6.0,0.0,0.97,False,18,False,0.25,1.0,0.096,decreasing,0.07,0
PM-SYN-031,2026-08-19T07:22:00+08:00,15m,21,25,normal_update,fresh,medium,clear,0.78,wharf,False,high,0,none,0.0,0.2,22.0,23.2,24.0,3.5,-3.0,0,0,0,0,6.0,0.0,1.0,False,20,False,0.25,1.0,0.07,decreasing,0.104,0
PM-SYN-031,2026-08-19T07:24:00+08:00,15m,18,25,normal_update,fresh,medium,clear,0.78,wharf,False,high,0,none,0.0,0.0,20.0,22.6,21.0,1.9,-3.0,0,0,0,0,6.0,0.0,1.03,False,22,False,0.25,1.0,0.104,decreasing,0.041,0
PM-SYN-031,2026-08-19T07:26:00+08:00,15m,26,25,normal_update,fresh,medium,clear,0.78,wharf,False,high,1,minor,0.333,0.2,21.67,22.33,26.0,2.76,5.0,0,0,0,0,4.0,0.0,1.07,False,24,False,0.25,1.0,0.041,stable,0.058,0
PM-SYN-031,2026-08-19T07:28:00+08:00,15m,20,25,normal_update,fresh,medium,clear,0.78,wharf,False,high,0,none,0.333,0.2,21.33,22.53,26.0,2.64,2.0,0,0,0,0,4.0,0.0,1.1,False,26,False,0.25,1.0,0.058,decreasing,0.052,0
PM-SYN-031,2026-08-19T07:30:00+08:00,15m,20,25,normal_update,fresh,medium,clear,0.78,wharf,False,high,0,none,0.333,0.2,22.0,22.2,26.0,2.68,-6.0,0,0,0,0,4.0,0.0,1.13,False,28,False,0.25,1.0,0.052,decreasing,0.055,0
PM-SYN-031,2026-08-19T07:32:00+08:00,15m,28,25,normal_update,fresh,medium,clear,0.78,wharf,False,high,3,minor,0.333,0.4,22.67,22.47,28.0,3.88,8.0,0,0,0,0,4.0,0.065,1.17,False,30,False,0.25,1.0,0.055,increasing,0.056,0
PM-SYN-031,2026-08-19T07:34:00+08:00,15m,23,25,normal_update,fresh,medium,clear,0.78,wharf,False,high,0,none,0.333,0.4,23.67,22.67,28.0,3.2,3.0,0,0,0,0,4.0,0.0,1.2,False,32,False,0.25,1.0,0.056,decreasing,0.053,0
PM-SYN-031,2026-08-19T07:36:00+08:00,15m,17,25,normal_update,fresh,medium,clear,0.78,wharf,False,high,0,none,0.333,0.2,22.67,22.27,28.0,3.72,-11.0,0,0,0,0,2.0,0.0,1.23,False,34,False,0.25,1.0,0.053,decreasing,0.117,0
PM-SYN-031,2026-08-19T07:38:00+08:00,15m,32,25,speeding,fresh,medium,clear,0.78,wharf,False,high,7,minor,0.333,0.4,24.0,22.6,32.0,5.4,9.0,0,0,0,0,4.0,0.163,1.27,False,36,False,0.25,1.0,0.117,increasing,0.079,0
PM-SYN-031,2026-08-19T07:40:00+08:00,15m,25,25,normal_update,fresh,medium,clear,0.78,wharf,False,high,0,none,0.333,0.4,24.67,23.07,32.0,5.02,8.0,0,0,0,0,4.0,0.0,1.3,False,38,False,0.25,1.0,0.079,decreasing,0.061,0
PM-SYN-031,2026-08-19T07:42:00+08:00,15m,25,25,normal_update,stale,medium,clear,0.78,wharf,False,high,0,none,0.333,0.2,27.33,23.4,32.0,4.8,-7.0,0,0,0,0,4.0,0.0,1.33,False,40,False,0.25,1.0,0.061,decreasing,0.121,0
PM-SYN-031,2026-08-19T07:44:00+08:00,15m,21,25,normal_update,fresh,medium,clear,0.78,wharf,False,high,0,none,0.0,0.2,23.67,22.8,25.0,4.98,-4.0,0,0,0,0,2.0,0.0,1.37,False,42,False,0.25,1.0,0.121,decreasing,0.052,0
PM-SYN-031,2026-08-19T07:46:00+08:00,15m,22,25,normal_update,fresh,medium,clear,0.78,wharf,False,high,0,none,0.0,0.2,22.67,22.87,25.0,3.85,-3.0,0,0,0,0,2.0,0.0,1.4,False,44,False,0.25,1.0,0.052,decreasing,0.056,0
PM-SYN-031,2026-08-19T07:48:00+08:00,15m,20,25,normal_update,stale,medium,clear,0.78,wharf,False,high,0,none,0.0,0.0,21.0,22.6,22.0,2.06,-1.0,0,0,0,0,2.0,0.0,1.43,False,46,False,0.25,1.0,0.056,decreasing,0.068,0
PM-SYN-031,2026-08-19T07:50:00+08:00,15m,20,25,normal_update,fresh,medium,clear,0.78,wharf,False,high,0,none,0.0,0.0,20.67,22.53,22.0,1.85,-2.0,0,0,0,0,2.0,0.0,1.47,False,48,False,0.25,1.0,0.068,decreasing,0.054,0
PM-SYN-031,2026-08-19T07:52:00+08:00,15m,24,25,normal_update,fresh,medium,clear,0.78,wharf,False,high,0,none,0.0,0.0,21.33,22.73,24.0,1.5,4.0,0,0,0,0,2.0,0.0,1.5,False,50,False,0.25,1.0,0.054,decreasing,0.084,0
PM-SYN-031,2026-08-19T07:54:00+08:00,15m,23,25,normal_update,fresh,medium,clear,0.78,wharf,False,high,0,none,0.0,0.0,22.33,23.07,24.0,1.6,3.0,0,0,0,0,2.0,0.0,1.53,False,52,False,0.25,1.0,0.084,decreasing,0.063,0
PM-SYN-031,2026-08-19T07:56:00+08:00,15m,18,25,normal_update,fresh,medium,clear,0.78,wharf,False,high,0,none,0.0,0.0,21.67,22.53,24.0,2.19,-6.0,0,0,0,0,2.0,0.0,1.57,False,54,False,0.25,1.0,0.063,decreasing,0.031,0
PM-SYN-031,2026-08-19T07:58:00+08:00,15m,23,25,sharp_turn,fresh,medium,clear,0.78,wharf,False,high,0,none,0.0,0.0,21.33,22.73,23.0,2.24,0.0,0,1,0,1,4.0,0.049,1.6,False,56,False,0.25,1.0,0.031,increasing,0.052,0
PM-SYN-031,2026-08-19T08:00:00+08:00,15m,19,25,normal_update,fresh,medium,clear,0.78,wharf,False,high,0,none,0.0,0.0,20.0,22.67,23.0,2.42,1.0,0,1,0,1,4.0,0.028,1.63,False,58,False,0.25,1.0,0.052,stable,0.043,0
PM-SYN-031,2026-08-19T08:02:00+08:00,15m,22,25,normal_update,fresh,medium,clear,0.78,wharf,False,high,0,none,0.0,0.0,21.33,22.27,23.0,2.1,-1.0,0,1,0,1,4.0,0.037,1.67,False,60,False,0.25,1.0,0.043,stable,0.094,0
PM-SYN-031,2026-08-19T08:04:00+08:00,15m,28,25,normal_update,fresh,medium,clear,0.78,wharf,False,high,3,minor,0.333,0.2,23.0,22.6,28.0,3.52,9.0,0,1,0,1,4.0,0.106,1.7,False,62,False,0.25,1.0,0.094,increasing,0.097,0
PM-SYN-031,2026-08-19T08:06:00+08:00,15m,26,25,normal_update,fresh,medium,clear,0.78,wharf,False,high,1,minor,0.667,0.4,25.33,23.2,28.0,3.14,4.0,0,1,0,1,4.0,0.023,1.73,False,64,False,0.25,1.0,0.097,stable,0.171,0
PM-SYN-031,2026-08-19T08:08:00+08:00,15m,25,25,normal_update,delayed,medium,clear,0.78,wharf,False,high,0,none,0.667,0.4,26.33,22.73,28.0,3.16,-3.0,0,0,0,0,2.0,0.0,1.77,False,66,False,0.25,1.0,0.171,decreasing,0.065,0
PM-SYN-031,2026-08-19T08:10:00+08:00,15m,24,25,normal_update,fresh,medium,clear,0.78,wharf,False,high,0,none,0.333,0.4,25.0,22.67,26.0,2.0,-2.0,0,0,0,0,2.0,0.0,1.8,False,68,False,0.25,1.0,0.065,decreasing,0.055,0
PM-SYN-031,2026-08-19T08:12:00+08:00,15m,28,25,normal_update,stale,medium,clear,0.78,wharf,False,high,3,minor,0.333,0.6,25.67,22.87,28.0,1.6,3.0,0,0,0,0,2.0,0.065,1.83,False,70,False,0.25,1.0,0.055,increasing,0.065,0
PM-SYN-031,2026-08-19T08:14:00+08:00,15m,22,25,normal_update,fresh,medium,clear,0.78,wharf,False,high,0,none,0.333,0.4,24.67,22.93,28.0,2.0,-2.0,0,0,0,0,2.0,0.0,1.87,False,72,False,0.25,1.0,0.065,decreasing,0.059,0
PM-SYN-031,2026-08-19T08:16:00+08:00,15m,24,25,normal_update,fresh,medium,clear,0.78,wharf,False,high,0,none,0.333,0.2,24.67,23.07,28.0,1.96,-4.0,0,0,0,0,2.0,0.0,1.9,False,74,False,0.25,1.0,0.059,decreasing,0.056,0
PM-SYN-031,2026-08-19T08:18:00+08:00,15m,28,25,normal_update,fresh,medium,clear,0.78,wharf,False,high,3,minor,0.333,0.4,24.67,23.6,28.0,2.4,6.0,0,0,0,0,2.0,0.064,1.93,False,76,False,0.25,1.0,0.056,increasing,0.14,0
PM-SYN-031,2026-08-19T08:20:00+08:00,15m,24,25,normal_update,delayed,medium,clear,0.78,wharf,False,high,0,none,0.333,0.4,25.33,23.87,28.0,2.4,0.0,0,0,0,0,2.0,0.0,1.97,False,78,False,0.25,1.0,0.14,decreasing,0.115,0
PM-SYN-031,2026-08-19T08:22:00+08:00,15m,19,25,normal_update,fresh,medium,clear,0.78,wharf,False,high,0,none,0.333,0.2,23.67,23.53,28.0,2.94,-9.0,0,0,0,0,2.0,0.0,2.0,False,80,False,0.25,1.0,0.115,decreasing,0.051,0
PM-SYN-031,2026-08-19T08:24:00+08:00,15m,25,25,sharp_turn,fresh,medium,clear,0.78,wharf,False,high,0,none,0.0,0.2,22.67,23.67,25.0,2.9,1.0,0,1,0,1,4.0,0.029,2.03,False,82,False,0.25,1.0,0.051,stable,0.11,0
PM-SYN-031,2026-08-19T08:26:00+08:00,15m,24,25,normal_update,fresh,medium,clear,0.78,wharf,False,high,0,none,0.0,0.2,22.67,24.07,25.0,2.9,5.0,0,1,0,1,4.0,0.0,2.07,False,84,False,0.25,1.0,0.11,stable,0.068,0
PM-SYN-031,2026-08-19T08:28:00+08:00,15m,29,25,normal_update,delayed,medium,clear,0.78,wharf,False,high,4,minor,0.333,0.2,26.0,24.47,29.0,3.19,4.0,0,1,0,1,2.0,0.172,2.1,False,86,False,0.25,1.0,0.068,increasing,0.057,0
PM-SYN-031,2026-08-19T08:30:00+08:00,15m,25,25,stale_gps,stale,medium,clear,0.78,wharf,False,high,0,none,0.333,0.2,26.0,24.87,29.0,3.2,1.0,0,1,0,1,4.0,0.023,2.13,False,88,False,0.25,1.0,0.057,stable,0.064,0
PM-SYN-031,2026-08-19T08:32:00+08:00,15m,22,25,normal_update,fresh,medium,clear,0.78,wharf,False,high,0,none,0.333,0.2,25.33,24.87,29.0,2.28,-7.0,0,1,0,1,4.0,0.016,2.17,False,90,False,0.25,1.0,0.064,stable,0.091,1
PM-SYN-031,2026-08-19T08:34:00+08:00,15m,33,25,normal_update,fresh,medium,clear,0.78,wharf,False,high,8,minor,0.333,0.4,26.67,25.2,33.0,3.93,8.0,0,0,0,0,4.0,0.229,2.2,False,0,False,0.25,1.0,0.091,increasing,0.085,1
PM-SYN-031,2026-08-19T08:36:00+08:00,15m,22,25,normal_update,fresh,medium,clear,0.78,wharf,False,high,0,none,0.333,0.4,25.67,24.93,33.0,4.26,0.0,0,0,0,0,4.0,0.0,2.23,False,2,False,0.25,1.0,0.085,decreasing,0.083,1
PM-SYN-031,2026-08-19T08:38:00+08:00,15m,24,25,normal_update,fresh,medium,clear,0.78,wharf,False,high,0,none,0.333,0.2,26.33,24.87,33.0,4.07,-9.0,0,0,0,0,4.0,0.0,2.27,False,4,False,0.25,1.0,0.083,decreasing,0.081,0
PM-SYN-031,2026-08-19T08:40:00+08:00,15m,30,25,normal_update,fresh,medium,clear,0.78,wharf,False,high,5,minor,0.333,0.4,25.33,25.27,30.0,4.49,8.0,0,0,0,0,4.0,0.119,2.3,False,6,False,0.25,1.0,0.081,increasing,0.106,0
PM-SYN-031,2026-08-19T08:42:00+08:00,15m,17,25,normal_update,fresh,medium,clear,0.78,wharf,False,high,0,none,0.333,0.4,23.67,24.53,30.0,5.71,-7.0,0,0,0,0,4.0,0.0,2.33,False,8,False,0.25,1.0,0.106,decreasing,0.113,0
PM-SYN-031,2026-08-19T08:44:00+08:00,15m,21,25,normal_update,fresh,medium,clear,0.78,wharf,False,high,0,none,0.333,0.2,22.67,24.47,30.0,4.26,-9.0,0,0,0,0,4.0,0.0,2.37,False,10,False,0.25,1.0,0.113,decreasing,0.041,0
PM-SYN-032,2026-08-19T08:11:00+08:00,15m,38,40,normal_update,fresh,high,rain,0.72,caution,False,medium,0,none,0.0,0.0,38.33,39.07,40.0,2.58,-2.0,0,0,0,0,0.0,0.0,0.5,False,999.0,False,0.75,0.35,0.077,decreasing,0.05,0
PM-SYN-032,2026-08-19T08:13:00+08:00,15m,35,40,normal_update,fresh,high,rain,0.72,caution,False,medium,0,none,0.0,0.0,36.67,38.6,38.0,2.42,-2.0,0,0,0,0,0.0,0.0,0.53,False,999.0,False,0.75,0.35,0.05,decreasing,0.023,0
PM-SYN-032,2026-08-19T08:15:00+08:00,15m,41,40,harsh_brake,fresh,high,rain,0.72,caution,False,medium,1,minor,0.333,0.2,38.0,38.13,41.0,2.14,3.0,1,0,1,0,2.0,0.097,0.57,False,999.0,False,0.75,0.35,0.023,increasing,0.11,0
PM-SYN-032,2026-08-19T08:17:00+08:00,15m,38,40,normal_update,stale,high,rain,0.72,caution,False,medium,0,none,0.333,0.2,38.0,37.87,41.0,1.94,3.0,1,0,1,0,2.0,0.0,0.6,False,999.0,False,0.75,0.35,0.11,stable,0.113,0
PM-SYN-032,2026-08-19T08:19:00+08:00,15m,32,40,normal_update,fresh,high,rain,0.72,caution,False,medium,0,none,0.333,0.2,37.0,37.53,41.0,3.06,-9.0,1,0,1,0,2.0,0.0,0.63,False,999.0,False,0.75,0.35,0.113,stable,0.046,0
PM-SYN-032,2026-08-19T08:21:00+08:00,15m,46,40,sharp_turn,fresh,high,rain,0.72,caution,False,medium,6,minor,0.333,0.4,38.67,37.8,46.0,4.84,8.0,1,1,1,1,4.0,0.354,0.67,False,999.0,False,0.75,0.35,0.046,increasing,0.236,0
PM-SYN-032,2026-08-19T08:23:00+08:00,15m,36,40,normal_update,fresh,high,rain,0.72,caution,False,medium,0,none,0.333,0.4,38.0,37.67,46.0,4.72,4.0,1,1,1,1,4.0,0.0,0.7,False,999.0,False,0.75,0.35,0.236,decreasing,0.083,0
PM-SYN-032,2026-08-19T08:25:00+08:00,15m,34,40,normal_update,fresh,high,rain,0.72,caution,False,medium,0,none,0.333,0.2,38.67,37.33,46.0,4.83,-12.0,0,1,0,1,4.0,0.0,0.73,False,999.0,False,0.75,0.35,0.083,stable,0.062,0
PM-SYN-032,2026-08-19T08:27:00+08:00,15m,42,40,normal_update,fresh,high,rain,0.72,caution,False,medium,2,minor,0.333,0.4,37.33,37.87,42.0,5.22,6.0,0,1,0,1,4.0,0.098,0.77,False,999.0,False,0.75,0.35,0.062,increasing,0.063,0
PM-SYN-032,2026-08-19T08:29:00+08:00,15m,38,40,normal_update,delayed,high,rain,0.72,caution,False,medium,0,none,0.333,0.4,38.0,37.8,42.0,4.31,4.0,0,1,0,1,4.0,0.017,0.8,False,999.0,False,0.75,0.35,0.063,stable,0.104,0
PM-SYN-032,2026-08-19T08:31:00+08:00,15m,34,40,normal_update,fresh,high,rain,0.72,caution,False,medium,0,none,0.333,0.2,38.0,37.2,42.0,2.99,-8.0,0,0,0,0,4.0,0.0,0.83,False,999.0,False,0.75,0.35,0.104,decreasing,0.041,0
PM-SYN-032,2026-08-19T08:33:00+08:00,15m,36,40,normal_update,fresh,high,rain,0.72,caution,False,medium,0,none,0.0,0.2,36.0,37.33,38.0,2.99,-2.0,0,0,0,0,4.0,0.0,0.87,False,999.0,False,0.75,0.35,0.041,decreasing,0.031,0
PM-SYN-032,2026-08-19T08:35:00+08:00,15m,33,40,sharp_turn,fresh,high,rain,0.72,caution,False,medium,0,none,0.0,0.2,34.33,37.33,36.0,3.2,-1.0,0,1,0,1,6.0,0.049,0.9,False,999.0,False,0.75,0.35,0.031,increasing,0.05,0
PM-SYN-032,2026-08-19T08:37:00+08:00,15m,41,40,normal_update,fresh,high,rain,0.72,caution,False,medium,1,minor,0.333,0.2,36.67,37.4,41.0,2.87,5.0,0,1,0,1,6.0,0.07,0.93,False,999.0,False,0.75,0.35,0.05,increasing,0.064,0
PM-SYN-032,2026-08-19T08:39:00+08:00,15m,37,40,sharp_turn,fresh,high,rain,0.72,caution,False,medium,0,none,0.333,0.2,37.0,37.4,41.0,2.79,4.0,0,2,0,2,8.0,0.096,0.97,False,999.0,False,0.75,0.35,0.064,increasing,0.074,0
PM-SYN-032,2026-08-19T08:41:00+08:00,15m,50,40,normal_update,fresh,high,rain,0.72,caution,False,medium,10,minor,0.667,0.4,42.67,38.2,50.0,5.89,9.0,0,2,0,2,8.0,0.486,1.0,False,999.0,False,0.75,0.35,0.074,increasing,0.096,0
PM-SYN-032,2026-08-19T08:43:00+08:00,15m,38,40,normal_update,delayed,high,rain,0.72,caution,False,medium,0,none,0.333,0.4,41.67,38.4,50.0,5.71,1.0,0,2,0,2,8.0,0.064,1.03,False,999.0,False,0.75,0.35,0.096,increasing,0.1,0
PM-SYN-032,2026-08-19T08:45:00+08:00,15m,47,40,normal_update,delayed,high,rain,0.72,caution,False,medium,7,minor,0.667,0.6,45.0,38.8,50.0,5.08,-3.0,0,1,0,1,6.0,0.26,1.07,False,999.0,False,0.75,0.35,0.1,increasing,0.1,1
PM-SYN-032,2026-08-19T08:47:00+08:00,15m,34,40,normal_update,fresh,high,rain,0.72,caution,False,medium,0,none,0.333,0.4,39.67,38.53,47.0,6.18,-4.0,0,1,0,1,6.0,0.0,1.1,False,0,False,0.75,0.35,0.1,stable,0.142,1
PM-SYN-032,2026-08-19T08:49:00+08:00,15m,48,40,normal_update,fresh,high,rain,0.72,caution,False,medium,8,minor,0.667,0.6,43.0,39.6,48.0,6.25,1.0,0,0,0,0,6.0,0.178,1.13,False,2,False,0.75,0.35,0.142,increasing,0.115,1
PM-SYN-032,2026-08-19T08:51:00+08:00,15m,37,40,normal_update,fresh,high,rain,0.72,caution,False,medium,0,none,0.333,0.4,39.67,39.0,48.0,5.64,3.0,0,0,0,0,4.0,0.0,1.17,False,4,False,0.75,0.35,0.115,decreasing,0.131,1
PM-SYN-032,2026-08-19T08:53:00+08:00,15m,36,40,normal_update,delayed,high,rain,0.72,caution,False,medium,0,none,0.333,0.4,40.33,39.0,48.0,5.89,-12.0,0,0,0,0,4.0,0.0,1.2,False,6,False,0.75,0.35,0.131,decreasing,0.046,1
PM-SYN-032,2026-08-19T08:55:00+08:00,15m,50,40,speeding,fresh,high,rain,0.72,caution,False,medium,10,minor,0.333,0.4,41.0,40.07,50.0,6.63,13.0,0,0,0,0,6.0,0.354,1.23,False,0,False,0.75,0.35,0.046,increasing,0.153,1
PM-SYN-032,2026-08-19T08:57:00+08:00,15m,47,40,speeding,delayed,high,rain,0.72,caution,False,medium,7,minor,0.667,0.6,44.33,40.4,50.0,5.89,11.0,0,0,0,0,8.0,0.127,1.27,False,2,False,0.75,0.35,0.153,increasing,0.14,1
PM-SYN-032,2026-08-19T08:59:00+08:00,15m,37,40,normal_update,delayed,high,rain,0.72,caution,False,medium,0,none,0.667,0.4,44.67,40.33,50.0,5.89,-13.0,0,0,0,0,8.0,0.0,1.3,False,0,True,0.75,0.35,0.14,decreasing,0.118,1
PM-SYN-032,2026-08-19T09:01:00+08:00,15m,35,40,normal_update,fresh,high,rain,0.72,caution,False,medium,0,none,0.333,0.4,39.67,40.4,47.0,6.23,-12.0,0,0,0,0,8.0,0.0,1.33,False,2,True,0.75,0.35,0.118,decreasing,0.106,1
PM-SYN-032,2026-08-19T09:03:00+08:00,15m,35,40,normal_update,fresh,high,rain,0.72,caution,False,medium,0,none,0.0,0.4,35.67,40.33,37.0,6.4,-2.0,0,0,0,0,8.0,0.0,1.37,False,4,True,0.75,0.35,0.106,decreasing,0.108,1
PM-SYN-032,2026-08-19T09:05:00+08:00,15m,36,40,normal_update,fresh,high,rain,0.72,caution,False,medium,0,none,0.0,0.2,35.33,40.53,36.0,4.56,1.0,0,0,0,0,6.0,0.0,1.4,False,0,False,0.75,0.35,0.108,decreasing,0.042,1
PM-SYN-032,2026-08-19T09:07:00+08:00,15m,41,40,harsh_brake,fresh,high,rain,0.72,caution,False,medium,1,minor,0.333,0.2,37.33,40.53,41.0,2.23,6.0,1,0,1,0,8.0,0.078,1.43,False,2,False,0.75,0.35,0.042,increasing,0.049,1
PM-SYN-032,2026-08-19T09:09:00+08:00,15m,40,40,harsh_brake,fresh,high,rain,0.72,caution,False,medium,0,none,0.333,0.2,39.0,40.73,41.0,2.58,4.0,2,0,2,0,8.0,0.111,1.47,False,4,False,0.75,0.35,0.049,increasing,0.072,1
PM-SYN-032,2026-08-19T09:11:00+08:00,15m,43,40,normal_update,fresh,high,rain,0.72,caution,False,medium,3,minor,0.667,0.4,41.33,40.27,43.0,3.03,2.0,2,0,2,0,8.0,0.208,1.5,False,6,False,0.75,0.35,0.072,increasing,0.143,1
PM-SYN-032,2026-08-19T09:13:00+08:00,15m,33,40,normal_update,fresh,high,rain,0.72,caution,False,medium,0,none,0.333,0.4,38.67,39.93,43.0,3.61,-7.0,2,0,2,0,8.0,0.017,1.53,False,8,False,0.75,0.35,0.143,stable,0.141,0
PM-SYN-032,2026-08-19T09:15:00+08:00,15m,41,40,harsh_brake,fresh,high,rain,0.72,caution,False,medium,1,minor,0.667,0.6,39.0,39.53,43.0,3.44,-2.0,3,0,3,0,10.0,0.139,1.57,False,10,False,0.75,0.35,0.141,increasing,0.294,0
PM-SYN-032,2026-08-19T09:17:00+08:00,15m,36,40,normal_update,fresh,high,rain,0.72,caution,False,medium,0,none,0.333,0.4,36.67,39.67,41.0,3.61,3.0,2,0,2,0,10.0,0.0,1.6,False,12,False,0.75,0.35,0.294,decreasing,0.172,1
PM-SYN-032,2026-08-19T09:19:00+08:00,15m,40,40,normal_update,fresh,high,rain,0.72,caution,False,medium,0,none,0.333,0.4,39.0,39.13,41.0,3.61,-1.0,1,0,1,0,10.0,0.0,1.63,False,0,False,0.75,0.35,0.172,decreasing,0.074,1
PM-SYN-032,2026-08-19T09:21:00+08:00,15m,40,40,normal_update,fresh,high,rain,0.72,caution,False,medium,0,none,0.0,0.2,38.67,39.33,40.0,3.03,4.0,1,0,1,0,10.0,0.006,1.67,False,2,False,0.75,0.35,0.074,stable,0.046,1
PM-SYN-032,2026-08-19T09:23:00+08:00,15m,45,40,speeding,stale,high,rain,0.72,caution,False,medium,5,minor,0.333,0.4,41.67,39.93,45.0,2.87,5.0,1,0,1,0,12.0,0.234,1.7,False,4,False,0.75,0.35,0.046,increasing,0.073,0
PM-SYN-032,2026-08-19T09:25:00+08:00,15m,39,40,normal_update,fresh,high,rain,0.72,caution,False,medium,0,none,0.333,0.2,41.33,39.2,45.0,2.9,-1.0,0,0,0,0,10.0,0.0,1.73,False,6,False,0.75,0.35,0.073,decreasing,0.05,0
PM-SYN-032,2026-08-19T09:27:00+08:00,15m,42,40,normal_update,fresh,high,rain,0.72,caution,False,medium,2,minor,0.667,0.4,42.0,38.87,45.0,2.14,-3.0,0,0,0,0,8.0,0.03,1.77,False,8,False,0.75,0.35,0.05,stable,0.052,0
PM-SYN-032,2026-08-19T09:29:00+08:00,15m,44,40,normal_update,stale,high,rain,0.72,caution,False,medium,4,minor,0.667,0.6,41.67,39.33,44.0,2.28,5.0,0,0,0,0,8.0,0.108,1.8,False,10,False,0.75,0.35,0.052,increasing,0.119,0
PM-SYN-032,2026-08-19T09:31:00+08:00,15m,47,40,speeding,fresh,high,rain,0.72,caution,False,medium,7,minor,1.0,0.8,44.33,40.13,47.0,2.73,5.0,0,0,0,0,10.0,0.161,1.83,False,12,False,0.75,0.35,0.119,increasing,0.09,1
PM-SYN-032,2026-08-19T09:33:00+08:00,15m,46,40,speeding,delayed,high,rain,0.72,caution,False,medium,6,minor,1.0,0.8,45.67,40.87,47.0,2.87,2.0,0,0,0,0,12.0,0.15,1.87,False,0,False,0.75,0.35,0.09,increasing,0.175,1
PM-SYN-032,2026-08-19T09:35:00+08:00,15m,39,40,normal_update,fresh,high,rain,0.72,caution,False,medium,0,none,0.667,0.8,44.0,41.07,47.0,2.87,-8.0,0,0,0,0,12.0,0.0,1.9,False,0,True,0.75,0.35,0.175,decreasing,0.176,1
PM-SYN-032,2026-08-19T09:37:00+08:00,15m,38,40,normal_update,delayed,high,rain,0.72,caution,False,medium,0,none,0.333,0.6,41.0,40.87,46.0,3.66,-8.0,0,0,0,0,10.0,0.0,1.93,False,2,True,0.75,0.35,0.176,decreasing,0.199,1
PM-SYN-032,2026-08-19T09:39:00+08:00,15m,36,40,normal_update,delayed,high,rain,0.72,caution,False,medium,0,none,0.0,0.4,37.67,40.6,39.0,4.45,-3.0,0,0,0,0,8.0,0.0,1.97,False,0,False,0.75,0.35,0.199,decreasing,0.071,1
PM-SYN-032,2026-08-19T09:41:00+08:00,15m,50,40,normal_update,fresh,high,rain,0.72,caution,False,medium,10,minor,0.333,0.4,41.33,41.07,50.0,5.31,12.0,0,0,0,0,8.0,0.329,2.0,False,2,False,0.75,0.35,0.071,increasing,0.067,1
PM-SYN-032,2026-08-19T09:43:00+08:00,15m,40,40,normal_update,fresh,high,rain,0.72,caution,False,medium,0,none,0.333,0.2,42.0,41.53,50.0,4.88,4.0,0,0,0,0,8.0,0.0,2.03,False,4,False,0.75,0.35,0.067,decreasing,0.081,1
PM-SYN-032,2026-08-19T09:45:00+08:00,15m,47,40,normal_update,fresh,high,rain,0.72,caution,False,medium,7,minor,0.667,0.4,45.67,41.93,50.0,5.38,-3.0,0,0,0,0,6.0,0.199,2.07,False,6,False,0.75,0.35,0.081,increasing,0.119,1
PM-SYN-032,2026-08-19T09:47:00+08:00,15m,36,40,harsh_brake,fresh,high,rain,0.72,caution,False,medium,0,none,0.333,0.4,41.0,41.93,47.0,5.74,-4.0,1,0,1,0,8.0,0.0,2.1,False,8,False,0.75,0.35,0.119,stable,0.142,0
PM-SYN-032,2026-08-19T09:49:00+08:00,15m,40,40,normal_update,fresh,high,rain,0.72,caution,False,medium,0,none,0.333,0.4,41.0,41.93,47.0,5.12,-7.0,1,0,1,0,8.0,0.0,2.13,False,10,False,0.75,0.35,0.142,decreasing,0.11,0
PM-SYN-032,2026-08-19T09:51:00+08:00,15m,41,40,normal_update,fresh,high,rain,0.72,caution,False,medium,1,minor,0.333,0.4,39.0,42.0,41.0,3.54,5.0,1,0,1,0,8.0,0.01,2.17,False,12,False,0.75,0.35,0.11,stable,0.144,0
PM-SYN-032,2026-08-19T09:53:00+08:00,15m,46,40,normal_update,fresh,high,rain,0.72,caution,False,medium,6,minor,0.667,0.6,42.33,42.07,46.0,4.05,6.0,1,0,1,0,6.0,0.176,2.2,False,14,False,0.75,0.35,0.144,increasing,0.088,0
PM-SYN-032,2026-08-19T09:55:00+08:00,15m,40,40,stale_gps,stale,high,rain,0.72,caution,False,medium,0,none,0.667,0.4,42.33,42.13,46.0,3.2,-1.0,1,0,1,0,8.0,0.0,2.23,False,16,False,0.75,0.35,0.088,stable,0.093,0
PM-SYN-032,2026-08-19T09:57:00+08:00,15m,50,40,normal_update,fresh,high,rain,0.72,caution,False,medium,10,minor,0.667,0.6,45.33,42.67,50.0,3.98,4.0,0,0,0,0,8.0,0.307,2.27,False,18,False,0.75,0.35,0.093,increasing,0.116,0
PM-SYN-032,2026-08-19T09:59:00+08:00,15m,34,40,normal_update,delayed,high,rain,0.72,caution,False,medium,0,none,0.333,0.6,41.33,42.0,50.0,5.46,-6.0,0,0,0,0,8.0,0.0,2.3,False,20,False,0.75,0.35,0.116,decreasing,0.093,0
PM-SYN-032,2026-08-19T10:01:00+08:00,15m,38,40,normal_update,fresh,high,rain,0.72,caution,False,medium,0,none,0.333,0.4,40.67,41.4,50.0,5.71,-12.0,0,0,0,0,6.0,0.0,2.33,False,22,False,0.75,0.35,0.093,decreasing,0.12,0
PM-SYN-032,2026-08-19T10:03:00+08:00,15m,50,40,speeding,fresh,high,rain,0.72,caution,False,medium,10,minor,0.333,0.4,40.67,41.67,50.0,6.5,16.0,0,0,0,0,6.0,0.28,2.37,False,24,False,0.75,0.35,0.12,increasing,0.149,0
PM-SYN-033,2026-08-19T08:01:00+08:00,15m,25,25,normal_update,fresh,medium,clear,0.6,caution,True,low,0,none,0.333,0.2,24.33,25.4,27.0,2.19,4.0,0,1,0,1,6.0,0.0,0.5,False,999.0,False,0.25,0.35,0.22,decreasing,0.016,0
PM-SYN-033,2026-08-19T08:03:00+08:00,15m,24,25,normal_update,delayed,medium,clear,0.6,caution,True,low,0,none,0.333,0.2,25.33,25.07,27.0,1.96,-3.0,0,1,0,1,6.0,0.064,0.53,False,999.0,False,0.25,0.35,0.016,increasing,0.037,0
PM-SYN-033,2026-08-19T08:05:00+08:00,15m,25,25,normal_update,fresh,medium,clear,0.6,caution,True,low,0,none,0.0,0.2,24.67,25.2,25.0,1.96,0.0,0,1,0,1,6.0,0.043,0.57,False,999.0,False,0.25,0.35,0.037,increasing,0.027,0
PM-SYN-033,2026-08-19T08:07:00+08:00,15m,24,25,normal_update,fresh,medium,clear,0.6,caution,True,low,0,none,0.0,0.2,24.33,25.0,25.0,1.1,0.0,0,0,0,0,6.0,0.0,0.6,False,999.0,False,0.25,0.35,0.027,stable,0.03,0
PM-SYN-033,2026-08-19T08:09:00+08:00,15m,30,25,normal_update,delayed,medium,clear,0.6,caution,True,low,5,minor,0.333,0.2,26.33,25.67,30.0,2.24,5.0,0,0,0,0,6.0,0.17,0.63,False,999.0,False,0.25,0.35,0.03,increasing,0.018,1
PM-SYN-033,2026-08-19T08:11:00+08:00,15m,30,25,normal_update,fresh,medium,clear,0.6,caution,True,low,5,minor,0.667,0.4,28.0,26.27,30.0,2.8,6.0,0,0,0,0,6.0,0.182,0.67,False,0,True,0.25,0.35,0.018,increasing,0.052,1
PM-SYN-033,2026-08-19T08:13:00+08:00,15m,22,25,normal_update,delayed,medium,clear,0.6,caution,True,low,0,none,0.667,0.4,27.33,25.8,30.0,3.25,-8.0,0,0,0,0,6.0,0.0,0.7,False,2,True,0.25,0.35,0.052,decreasing,0.074,1
PM-SYN-033,2026-08-19T08:15:00+08:00,15m,22,25,normal_update,stale,medium,clear,0.6,caution,True,low,0,none,0.333,0.4,24.67,25.27,30.0,3.67,-8.0,0,0,0,0,4.0,0.0,0.73,False,4,True,0.25,0.35,0.074,decreasing,0.029,1
PM-SYN-033,2026-08-19T08:17:00+08:00,15m,31,25,normal_update,fresh,medium,clear,0.6,caution,True,low,6,minor,0.333,0.6,25.0,24.8,31.0,4.1,9.0,0,0,0,0,2.0,0.211,0.77,False,6,True,0.25,0.35,0.029,increasing,0.04,1
PM-SYN-033,2026-08-19T08:19:00+08:00,15m,20,25,normal_update,fresh,medium,clear,0.6,caution,True,low,0,none,0.333,0.4,24.33,24.6,31.0,4.56,-2.0,0,0,0,0,2.0,0.0,0.8,False,8,True,0.25,0.35,0.04,stable,0.068,1
PM-SYN-033,2026-08-19T08:21:00+08:00,15m,21,25,sharp_turn,delayed,medium,clear,0.6,caution,True,low,0,none,0.333,0.2,24.0,24.6,31.0,3.97,-10.0,0,1,0,1,4.0,0.012,0.83,False,10,True,0.25,0.35,0.068,stable,0.058,1
PM-SYN-033,2026-08-19T08:23:00+08:00,15m,32,25,speeding,fresh,medium,clear,0.6,caution,True,low,7,minor,0.333,0.4,24.33,25.27,32.0,5.19,12.0,0,1,0,1,6.0,0.302,0.87,False,12,True,0.25,0.35,0.058,increasing,0.066,0
PM-SYN-033,2026-08-19T08:25:00+08:00,15m,22,25,normal_update,fresh,medium,clear,0.6,caution,True,low,0,none,0.333,0.4,25.0,25.07,32.0,5.19,1.0,0,1,0,1,6.0,0.014,0.9,False,14,False,0.25,0.35,0.066,stable,0.061,0
PM-SYN-033,2026-08-19T08:27:00+08:00,15m,23,25,normal_update,fresh,medium,clear,0.6,caution,True,low,0,none,0.333,0.2,25.67,25.2,32.0,4.32,-9.0,0,1,0,1,4.0,0.019,0.93,False,16,False,0.25,0.35,0.061,stable,0.046,0
PM-SYN-033,2026-08-19T08:29:00+08:00,15m,32,25,normal_update,delayed,medium,clear,0.6,caution,True,low,7,minor,0.333,0.4,25.67,25.53,32.0,4.94,10.0,0,1,0,1,4.0,0.314,0.97,False,18,False,0.25,0.35,0.046,increasing,0.066,0
PM-SYN-033,2026-08-19T08:31:00+08:00,15m,33,25,speeding,delayed,medium,clear,0.6,caution,True,low,8,minor,0.667,0.6,29.33,26.07,33.0,4.84,10.0,0,0,0,0,6.0,0.254,1.0,False,20,False,0.25,0.35,0.066,increasing,0.042,0
PM-SYN-033,2026-08-19T08:33:00+08:00,15m,23,25,normal_update,delayed,medium,clear,0.6,caution,True,low,0,none,0.667,0.4,29.33,26.0,33.0,4.84,-9.0,0,0,0,0,6.0,0.0,1.03,False,22,False,0.25,0.35,0.042,decreasing,0.03,0
PM-SYN-033,2026-08-19T08:35:00+08:00,15m,24,25,normal_update,fresh,medium,clear,0.6,caution,True,low,0,none,0.333,0.4,26.67,25.93,33.0,4.52,-9.0,0,0,0,0,6.0,0.0,1.07,False,24,False,0.25,0.35,0.03,stable,0.023,0
PM-SYN-033,2026-08-19T08:37:00+08:00,15m,31,25,speeding,fresh,medium,clear,0.6,caution,True,low,6,minor,0.333,0.6,26.0,26.4,31.0,4.22,8.0,0,0,0,0,8.0,0.217,1.1,False,26,False,0.25,0.35,0.023,increasing,0.051,0
PM-SYN-033,2026-08-19T08:39:00+08:00,15m,21,25,normal_update,fresh,medium,clear,0.6,caution,True,low,0,none,0.333,0.4,25.33,25.8,31.0,4.72,-3.0,0,0,0,0,8.0,0.0,1.13,False,28,False,0.25,0.35,0.051,decreasing,0.053,0
PM-SYN-033,2026-08-19T08:41:00+08:00,15m,25,25,normal_update,fresh,medium,clear,0.6,caution,True,low,0,none,0.333,0.2,25.67,25.47,31.0,3.37,-6.0,0,0,0,0,8.0,0.0,1.17,False,30,False,0.25,0.35,0.053,decreasing,0.022,0
PM-SYN-033,2026-08-19T08:43:00+08:00,15m,23,25,normal_update,fresh,medium,clear,0.6,caution,True,low,0,none,0.0,0.2,23.0,25.53,25.0,3.37,2.0,0,0,0,0,8.0,0.0,1.2,False,32,False,0.25,0.35,0.022,stable,0.033,0
PM-SYN-033,2026-08-19T08:45:00+08:00,15m,35,25,normal_update,fresh,medium,clear,0.6,caution,True,low,10,minor,0.333,0.4,27.67,26.4,35.0,5.22,10.0,0,0,0,0,8.0,0.367,1.23,False,34,False,0.25,0.35,0.033,increasing,0.062,0
PM-SYN-033,2026-08-19T08:47:00+08:00,15m,21,25,normal_update,fresh,medium,clear,0.6,caution,True,low,0,none,0.333,0.2,26.33,25.73,35.0,5.22,-2.0,0,0,0,0,8.0,0.0,1.27,False,36,False,0.25,0.35,0.062,decreasing,0.035,0
PM-SYN-033,2026-08-19T08:49:00+08:00,15m,23,25,normal_update,fresh,medium,clear,0.6,caution,True,low,0,none,0.333,0.2,26.33,25.93,35.0,4.96,-12.0,0,0,0,0,8.0,0.0,1.3,False,38,False,0.25,0.35,0.035,stable,0.034,0
PM-SYN-033,2026-08-19T08:51:00+08:00,15m,26,25,normal_update,delayed,medium,clear,0.6,caution,True,low,1,minor,0.333,0.4,23.33,26.27,26.0,4.96,5.0,0,0,0,0,6.0,0.006,1.33,False,40,False,0.25,0.35,0.034,stable,0.03,0
PM-SYN-033,2026-08-19T08:53:00+08:00,15m,24,25,normal_update,fresh,medium,clear,0.6,caution,True,low,0,none,0.333,0.4,24.33,25.73,26.0,4.87,1.0,0,0,0,0,4.0,0.0,1.37,False,42,False,0.25,0.35,0.03,stable,0.037,0
PM-SYN-033,2026-08-19T08:55:00+08:00,15m,21,25,normal_update,fresh,medium,clear,0.6,caution,True,low,0,none,0.333,0.2,23.67,25.67,26.0,1.9,-5.0,0,0,0,0,4.0,0.0,1.4,False,44,False,0.25,0.35,0.037,stable,0.038,0
PM-SYN-033,2026-08-19T08:57:00+08:00,15m,31,25,normal_update,fresh,medium,clear,0.6,caution,True,low,6,minor,0.333,0.4,25.33,26.2,31.0,3.41,7.0,0,0,0,0,4.0,0.202,1.43,False,46,False,0.25,0.35,0.038,increasing,0.049,0
PM-SYN-033,2026-08-19T08:59:00+08:00,15m,17,25,normal_update,fresh,medium,clear,0.6,caution,True,low,0,none,0.333,0.4,23.0,25.2,31.0,4.71,-4.0,0,0,0,0,4.0,0.0,1.47,False,48,False,0.25,0.35,0.049,decreasing,0.022,0
PM-SYN-033,2026-08-19T09:01:00+08:00,15m,20,25,normal_update,fresh,medium,clear,0.6,caution,True,low,0,none,0.333,0.2,22.67,24.33,31.0,4.76,-11.0,0,0,0,0,2.0,0.0,1.5,False,50,False,0.25,0.35,0.022,stable,0.031,0
PM-SYN-033,2026-08-19T09:03:00+08:00,15m,32,25,normal_update,fresh,medium,clear,0.6,caution,True,low,7,minor,0.333,0.4,23.0,24.93,32.0,6.11,15.0,0,0,0,0,2.0,0.249,1.53,False,52,False,0.25,0.35,0.031,increasing,0.035,0
PM-SYN-033,2026-08-19T09:05:00+08:00,15m,24,25,normal_update,stale,medium,clear,0.6,caution,True,low,0,none,0.333,0.4,25.33,24.93,32.0,5.91,4.0,0,0,0,0,2.0,0.0,1.57,False,54,False,0.25,0.35,0.035,stable,0.036,0
PM-SYN-033,2026-08-19T09:07:00+08:00,15m,20,25,normal_update,delayed,medium,clear,0.6,caution,True,low,0,none,0.333,0.2,25.33,24.2,32.0,5.2,-12.0,0,0,0,0,0.0,0.0,1.6,False,56,False,0.25,0.35,0.036,stable,0.032,0
PM-SYN-033,2026-08-19T09:09:00+08:00,15m,21,25,normal_update,fresh,medium,clear,0.6,caution,True,low,0,none,0.0,0.2,21.67,24.2,24.0,4.54,-3.0,0,0,0,0,0.0,0.0,1.63,False,58,False,0.25,0.35,0.032,stable,0.037,0
PM-SYN-033,2026-08-19T09:11:00+08:00,15m,28,25,normal_update,fresh,medium,clear,0.6,caution,True,low,3,minor,0.333,0.4,23.0,24.4,28.0,4.47,8.0,0,0,0,0,0.0,0.083,1.67,False,60,False,0.25,0.35,0.037,increasing,0.036,0
PM-SYN-033,2026-08-19T09:13:00+08:00,15m,22,25,normal_update,fresh,medium,clear,0.6,caution,True,low,0,none,0.333,0.2,23.67,24.33,28.0,2.83,1.0,0,0,0,0,0.0,0.0,1.7,False,62,False,0.25,0.35,0.036,stable,0.013,0
PM-SYN-033,2026-08-19T09:15:00+08:00,15m,29,25,normal_update,fresh,medium,clear,0.6,caution,True,low,4,minor,0.667,0.4,26.33,23.93,29.0,3.74,1.0,0,0,0,0,0.0,0.147,1.73,False,64,False,0.25,0.35,0.013,increasing,0.019,0
PM-SYN-033,2026-08-19T09:17:00+08:00,15m,21,25,normal_update,fresh,medium,clear,0.6,caution,True,low,0,none,0.333,0.4,24.0,23.93,29.0,3.54,-1.0,0,0,0,0,0.0,0.0,1.77,False,66,False,0.25,0.35,0.019,stable,0.023,0
PM-SYN-033,2026-08-19T09:19:00+08:00,15m,18,25,normal_update,delayed,medium,clear,0.6,caution,True,low,0,none,0.333,0.4,22.67,23.6,29.0,4.22,-11.0,0,0,0,0,0.0,0.0,1.8,False,68,False,0.25,0.35,0.023,stable,0.027,0
PM-SYN-033,2026-08-19T09:21:00+08:00,15m,21,25,normal_update,fresh,medium,clear,0.6,caution,True,low,0,none,0.0,0.2,20.0,23.27,21.0,3.66,0.0,0,0,0,0,0.0,0.0,1.83,False,70,False,0.25,0.35,0.027,stable,0.039,0
PM-SYN-033,2026-08-19T09:23:00+08:00,15m,24,25,stale_gps,stale,medium,clear,0.6,caution,True,low,0,none,0.0,0.2,21.0,23.27,24.0,3.72,6.0,0,0,0,0,2.0,0.0,1.87,False,72,False,0.25,0.35,0.039,stable,0.045,0
PM-SYN-033,2026-08-19T09:25:00+08:00,15m,27,25,normal_update,fresh,medium,clear,0.6,caution,True,low,2,minor,0.333,0.2,24.0,23.67,27.0,3.06,6.0,0,0,0,0,2.0,0.035,1.9,False,74,False,0.25,0.35,0.045,stable,0.035,0
PM-SYN-033,2026-08-19T09:27:00+08:00,15m,23,25,normal_update,fresh,medium,clear,0.6,caution,True,low,0,none,0.333,0.2,24.67,23.13,27.0,3.01,-1.0,0,0,0,0,2.0,0.0,1.93,False,76,False,0.25,0.35,0.035,stable,0.013,0
PM-SYN-033,2026-08-19T09:29:00+08:00,15m,19,25,normal_update,fresh,medium,clear,0.6,caution,True,low,0,none,0.333,0.2,23.0,23.27,27.0,2.71,-8.0,0,0,0,0,2.0,0.0,1.97,False,78,False,0.25,0.35,0.013,stable,0.016,0
PM-SYN-033,2026-08-19T09:31:00+08:00,15m,19,25,normal_update,fresh,medium,clear,0.6,caution,True,low,0,none,0.0,0.2,20.33,23.2,23.0,3.07,-4.0,0,0,0,0,2.0,0.0,2.0,False,80,False,0.25,0.35,0.016,stable,0.025,0
PM-SYN-033,2026-08-19T09:33:00+08:00,15m,25,25,normal_update,fresh,medium,clear,0.6,caution,True,low,0,none,0.0,0.2,21.0,22.73,25.0,3.2,6.0,0,0,0,0,2.0,0.0,2.03,False,82,False,0.25,0.35,0.025,stable,0.03,0
PM-SYN-033,2026-08-19T09:35:00+08:00,15m,22,25,normal_update,fresh,medium,clear,0.6,caution,True,low,0,none,0.0,0.0,22.0,22.6,25.0,2.33,3.0,0,0,0,0,2.0,0.0,2.07,False,84,False,0.25,0.35,0.03,stable,0.012,0
PM-SYN-033,2026-08-19T09:37:00+08:00,15m,27,25,normal_update,fresh,medium,clear,0.6,caution,True,low,2,minor,0.333,0.2,24.67,23.07,27.0,3.2,2.0,0,0,0,0,2.0,0.068,2.1,False,86,False,0.25,0.35,0.012,increasing,0.023,0
PM-SYN-033,2026-08-19T09:39:00+08:00,15m,23,25,normal_update,delayed,medium,clear,0.6,caution,True,low,0,none,0.333,0.2,24.0,23.2,27.0,2.71,1.0,0,0,0,0,2.0,0.0,2.13,False,88,False,0.25,0.35,0.023,stable,0.041,0
PM-SYN-033,2026-08-19T09:41:00+08:00,15m,27,25,normal_update,fresh,medium,clear,0.6,caution,True,low,2,minor,0.667,0.4,25.67,23.13,27.0,2.04,0.0,0,0,0,0,2.0,0.039,2.17,False,90,False,0.25,0.35,0.041,stable,0.052,0
PM-SYN-033,2026-08-19T09:43:00+08:00,15m,19,25,normal_update,fresh,medium,clear,0.6,caution,True,low,0,none,0.333,0.4,23.0,22.93,27.0,3.07,-4.0,0,0,0,0,2.0,0.0,2.2,False,92,False,0.25,0.35,0.052,decreasing,0.021,0
PM-SYN-033,2026-08-19T09:45:00+08:00,15m,25,25,normal_update,fresh,medium,clear,0.6,caution,True,low,0,none,0.333,0.4,23.67,22.67,27.0,2.99,-2.0,0,0,0,0,2.0,0.0,2.23,False,94,False,0.25,0.35,0.021,stable,0.038,0
PM-SYN-033,2026-08-19T09:47:00+08:00,15m,31,25,speeding,delayed,medium,clear,0.6,caution,True,low,6,minor,0.333,0.4,25.0,23.33,31.0,4.0,12.0,0,0,0,0,4.0,0.202,2.27,False,96,False,0.25,0.35,0.038,increasing,0.029,0
PM-SYN-033,2026-08-19T09:49:00+08:00,15m,23,25,normal_update,fresh,medium,clear,0.6,caution,True,low,0,none,0.333,0.4,26.33,23.67,31.0,4.0,-2.0,0,0,0,0,4.0,0.0,2.3,False,98,False,0.25,0.35,0.029,stable,0.051,0
PM-SYN-033,2026-08-19T09:51:00+08:00,15m,23,25,normal_update,delayed,medium,clear,0.6,caution,True,low,0,none,0.333,0.2,25.67,23.8,31.0,3.92,-8.0,0,0,0,0,4.0,0.0,2.33,False,100,False,0.25,0.35,0.051,decreasing,0.02,0
PM-SYN-033,2026-08-19T09:53:00+08:00,15m,32,25,speeding,fresh,medium,clear,0.6,caution,True,low,7,minor,0.333,0.4,26.0,24.33,32.0,3.92,9.0,0,0,0,0,4.0,0.26,2.37,False,102,False,0.25,0.35,0.02,increasing,0.024,0
PM-SYN-034,2026-08-19T08:30:00+08:00,15m,32,25,normal_update,fresh,high,rain,0.72,caution,False,medium,7,minor,1.0,0.6,29.67,26.33,32.0,3.66,6.0,0,0,0,0,2.0,0.159,0.5,False,999.0,False,0.75,0.35,0.121,increasing,0.163,0
PM-SYN-034,2026-08-19T08:32:00+08:00,15m,17,25,normal_update,fresh,high,rain,0.72,caution,False,medium,0,none,0.667,0.6,26.67,25.8,32.0,5.49,-14.0,0,0,0,0,2.0,0.0,0.53,False,999.0,False,0.75,0.35,0.163,decreasing,0.099,0
PM-SYN-034,2026-08-19T08:34:00+08:00,15m,28,25,normal_update,fresh,high,rain,0.72,caution,False,medium,3,minor,0.667,0.8,25.67,26.13,32.0,5.34,-4.0,0,0,0,0,2.0,0.021,0.57,False,999.0,False,0.75,0.35,0.099,stable,0.122,0
PM-SYN-034,2026-08-19T08:36:00+08:00,15m,26,25,normal_update,fresh,high,rain,0.72,caution,False,medium,1,minor,0.667,0.8,23.67,25.8,28.0,5.34,9.0,0,0,0,0,0.0,0.0,0.6,False,999.0,False,0.75,0.35,0.122,decreasing,0.117,0
PM-SYN-034,2026-08-19T08:38:00+08:00,15m,20,25,normal_update,fresh,high,rain,0.72,caution,False,medium,0,none,0.667,0.6,24.67,25.6,28.0,5.43,-8.0,0,0,0,0,0.0,0.0,0.63,False,999.0,False,0.75,0.35,0.117,decreasing,0.127,0
PM-SYN-034,2026-08-19T08:40:00+08:00,15m,21,25,normal_update,fresh,high,rain,0.72,caution,False,medium,0,none,0.333,0.4,22.33,25.0,26.0,4.03,-5.0,0,0,0,0,0.0,0.0,0.67,False,999.0,False,0.75,0.35,0.127,decreasing,0.045,0
PM-SYN-034,2026-08-19T08:42:00+08:00,15m,22,25,normal_update,delayed,high,rain,0.72,caution,False,medium,0,none,0.0,0.4,21.0,24.07,22.0,3.07,2.0,0,0,0,0,0.0,0.0,0.7,False,999.0,False,0.75,0.35,0.045,decreasing,0.098,0
PM-SYN-034,2026-08-19T08:44:00+08:00,15m,32,25,normal_update,delayed,high,rain,0.72,caution,False,medium,7,minor,0.333,0.4,25.0,24.27,32.0,4.4,11.0,0,0,0,0,0.0,0.182,0.73,False,999.0,False,0.75,0.35,0.098,increasing,0.082,0
PM-SYN-034,2026-08-19T08:46:00+08:00,15m,25,25,normal_update,fresh,high,rain,0.72,caution,False,medium,0,none,0.333,0.2,26.33,24.6,32.0,4.34,3.0,0,0,0,0,0.0,0.0,0.77,False,999.0,False,0.75,0.35,0.082,decreasing,0.076,0
PM-SYN-034,2026-08-19T08:48:00+08:00,15m,25,25,harsh_brake,fresh,high,rain,0.72,caution,False,medium,0,none,0.333,0.2,27.33,25.13,32.0,3.85,-7.0,1,0,1,0,2.0,0.004,0.8,False,999.0,False,0.75,0.35,0.076,stable,0.075,0
PM-SYN-034,2026-08-19T08:50:00+08:00,15m,23,25,normal_update,fresh,high,rain,0.72,caution,False,medium,0,none,0.0,0.2,24.33,25.0,25.0,3.5,-2.0,1,0,1,0,2.0,0.005,0.83,False,999.0,False,0.75,0.35,0.075,stable,0.075,0
PM-SYN-034,2026-08-19T08:52:00+08:00,15m,19,25,normal_update,fresh,high,rain,0.72,caution,False,medium,0,none,0.0,0.2,22.33,24.67,25.0,4.21,-6.0,1,0,1,0,2.0,0.005,0.87,False,999.0,False,0.75,0.35,0.075,stable,0.127,0
PM-SYN-034,2026-08-19T08:54:00+08:00,15m,24,25,normal_update,fresh,high,rain,0.72,caution,False,medium,0,none,0.0,0.0,22.0,24.73,24.0,2.23,1.0,1,0,1,0,2.0,0.0,0.9,False,999.0,False,0.75,0.35,0.127,decreasing,0.049,0
PM-SYN-034,2026-08-19T08:56:00+08:00,15m,36,25,normal_update,fresh,high,rain,0.72,caution,False,medium,11,moderate,0.333,0.2,26.33,25.4,36.0,5.68,17.0,1,0,1,0,2.0,0.471,0.93,False,999.0,False,0.75,0.35,0.049,increasing,0.139,0
PM-SYN-034,2026-08-19T08:58:00+08:00,15m,29,25,normal_update,fresh,high,rain,0.72,caution,False,medium,4,minor,0.667,0.4,29.67,25.27,36.0,5.84,5.0,0,0,0,0,2.0,0.021,0.97,False,999.0,False,0.75,0.35,0.139,stable,0.056,0
PM-SYN-034,2026-08-19T09:00:00+08:00,15m,22,25,normal_update,fresh,high,rain,0.72,caution,False,medium,0,none,0.667,0.4,29.0,24.6,36.0,5.97,-14.0,0,0,0,0,2.0,0.0,1.0,False,999.0,False,0.75,0.35,0.056,decreasing,0.055,0
PM-SYN-034,2026-08-19T09:02:00+08:00,15m,32,25,sharp_turn,delayed,high,rain,0.72,caution,False,medium,7,minor,0.667,0.6,27.67,25.6,32.0,5.12,3.0,0,1,0,1,4.0,0.305,1.03,False,999.0,False,0.75,0.35,0.055,increasing,0.112,0
PM-SYN-034,2026-08-19T09:04:00+08:00,15m,29,25,normal_update,delayed,high,rain,0.72,caution,False,medium,4,minor,0.667,0.8,27.67,25.67,32.0,4.59,7.0,0,1,0,1,4.0,0.128,1.07,False,999.0,False,0.75,0.35,0.112,increasing,0.154,0
PM-SYN-034,2026-08-19T09:06:00+08:00,15m,35,25,normal_update,fresh,high,rain,0.72,caution,False,medium,10,minor,1.0,0.8,32.0,26.27,35.0,4.32,3.0,0,1,0,1,4.0,0.326,1.1,False,999.0,False,0.75,0.35,0.154,increasing,0.227,1
PM-SYN-034,2026-08-19T09:08:00+08:00,15m,23,25,normal_update,delayed,high,rain,0.72,caution,False,medium,0,none,0.667,0.6,29.0,26.47,35.0,5.04,-6.0,0,1,0,1,4.0,0.0,1.13,False,0,False,0.75,0.35,0.227,decreasing,0.187,1
PM-SYN-034,2026-08-19T09:10:00+08:00,15m,34,25,normal_update,fresh,high,rain,0.72,caution,False,medium,9,minor,0.667,0.8,30.67,27.33,35.0,4.32,-1.0,0,1,0,1,4.0,0.253,1.17,False,2,False,0.75,0.35,0.187,increasing,0.216,1
PM-SYN-034,2026-08-19T09:12:00+08:00,15m,23,25,normal_update,fresh,high,rain,0.72,caution,False,medium,0,none,0.333,0.6,26.67,27.4,34.0,5.15,0.0,0,0,0,0,4.0,0.0,1.2,False,0,True,0.75,0.35,0.216,decreasing,0.131,1
PM-SYN-034,2026-08-19T09:14:00+08:00,15m,26,25,normal_update,fresh,high,rain,0.72,caution,False,medium,1,minor,0.667,0.6,27.67,27.0,34.0,5.27,-8.0,0,0,0,0,4.0,0.0,1.23,False,2,True,0.75,0.35,0.131,decreasing,0.1,1
PM-SYN-034,2026-08-19T09:16:00+08:00,15m,21,25,normal_update,delayed,high,rain,0.72,caution,False,medium,0,none,0.333,0.4,23.33,26.73,26.0,4.59,-2.0,0,0,0,0,4.0,0.0,1.27,False,4,True,0.75,0.35,0.1,decreasing,0.162,1
PM-SYN-034,2026-08-19T09:18:00+08:00,15m,19,25,normal_update,fresh,high,rain,0.72,caution,False,medium,0,none,0.333,0.4,22.0,26.33,26.0,5.24,-7.0,0,0,0,0,2.0,0.0,1.3,False,6,True,0.75,0.35,0.162,decreasing,0.084,1
PM-SYN-034,2026-08-19T09:20:00+08:00,15m,21,25,sharp_turn,fresh,high,rain,0.72,caution,False,medium,0,none,0.0,0.2,20.33,26.2,21.0,2.37,0.0,0,1,0,1,4.0,0.0,1.33,False,8,True,0.75,0.35,0.084,stable,0.093,0
PM-SYN-034,2026-08-19T09:22:00+08:00,15m,29,25,normal_update,delayed,high,rain,0.72,caution,False,medium,4,minor,0.333,0.4,23.0,26.87,29.0,3.71,10.0,0,1,0,1,4.0,0.147,1.37,False,10,True,0.75,0.35,0.093,increasing,0.158,0
PM-SYN-034,2026-08-19T09:24:00+08:00,15m,32,25,normal_update,delayed,high,rain,0.72,caution,False,medium,7,minor,0.667,0.4,27.33,27.4,32.0,5.12,11.0,0,1,0,1,4.0,0.202,1.4,False,12,True,0.75,0.35,0.158,increasing,0.088,0
PM-SYN-034,2026-08-19T09:26:00+08:00,15m,24,25,normal_update,delayed,high,rain,0.72,caution,False,medium,0,none,0.667,0.4,28.33,26.6,32.0,4.86,-5.0,0,1,0,1,4.0,0.0,1.43,False,14,False,0.75,0.35,0.088,stable,0.049,0
PM-SYN-034,2026-08-19T09:28:00+08:00,15m,21,25,normal_update,fresh,high,rain,0.72,caution,False,medium,0,none,0.333,0.4,25.67,26.07,32.0,4.41,-11.0,0,1,0,1,4.0,0.031,1.47,False,16,False,0.75,0.35,0.049,stable,0.121,0
PM-SYN-034,2026-08-19T09:30:00+08:00,15m,24,25,normal_update,fresh,high,rain,0.72,caution,False,medium,0,none,0.0,0.4,23.0,26.2,24.0,3.95,0.0,0,0,0,0,4.0,0.0,1.5,False,18,False,0.75,0.35,0.121,decreasing,0.044,0
PM-SYN-034,2026-08-19T09:32:00+08:00,15m,33,25,normal_update,stale,high,rain,0.72,caution,False,medium,8,minor,0.333,0.4,26.0,26.27,33.0,4.79,12.0,0,0,0,0,2.0,0.276,1.53,False,20,False,0.75,0.35,0.044,increasing,0.118,0
PM-SYN-034,2026-08-19T09:34:00+08:00,15m,33,25,speeding,fresh,high,rain,0.72,caution,False,medium,8,minor,0.667,0.4,30.0,26.53,33.0,5.02,9.0,0,0,0,0,4.0,0.202,1.57,False,22,False,0.75,0.35,0.118,increasing,0.082,0
PM-SYN-034,2026-08-19T09:36:00+08:00,15m,22,25,normal_update,fresh,high,rain,0.72,caution,False,medium,0,none,0.667,0.4,29.33,25.67,33.0,5.31,-11.0,0,0,0,0,4.0,0.0,1.6,False,24,False,0.75,0.35,0.082,decreasing,0.1,0
PM-SYN-034,2026-08-19T09:38:00+08:00,15m,26,25,normal_update,delayed,high,rain,0.72,caution,False,medium,1,minor,0.667,0.6,27.0,25.87,33.0,4.59,-7.0,0,0,0,0,4.0,0.0,1.63,False,26,False,0.75,0.35,0.1,decreasing,0.091,0
PM-SYN-034,2026-08-19T09:40:00+08:00,15m,19,25,normal_update,fresh,high,rain,0.72,caution,False,medium,0,none,0.333,0.6,22.33,24.87,26.0,5.68,-3.0,0,0,0,0,4.0,0.0,1.67,False,28,False,0.75,0.35,0.091,decreasing,0.159,0
PM-SYN-034,2026-08-19T09:42:00+08:00,15m,27,25,sharp_turn,fresh,high,rain,0.72,caution,False,medium,2,minor,0.667,0.6,24.0,25.13,27.0,4.76,1.0,0,1,0,1,6.0,0.001,1.7,False,30,False,0.75,0.35,0.159,stable,0.133,0
PM-SYN-034,2026-08-19T09:44:00+08:00,15m,33,25,normal_update,fresh,high,rain,0.72,caution,False,medium,8,minor,0.667,0.6,26.33,25.6,33.0,4.76,14.0,0,1,0,1,6.0,0.267,1.73,False,32,False,0.75,0.35,0.133,increasing,0.142,0
PM-SYN-034,2026-08-19T09:46:00+08:00,15m,23,25,harsh_brake,fresh,high,rain,0.72,caution,False,medium,0,none,0.667,0.6,27.67,25.73,33.0,4.63,-4.0,1,1,1,1,8.0,0.018,1.77,False,34,False,0.75,0.35,0.142,stable,0.143,0
PM-SYN-034,2026-08-19T09:48:00+08:00,15m,22,25,normal_update,fresh,high,rain,0.72,caution,False,medium,0,none,0.333,0.4,26.0,25.93,33.0,4.83,-11.0,1,1,1,1,8.0,0.017,1.8,False,36,False,0.75,0.35,0.143,stable,0.131,0
PM-SYN-034,2026-08-19T09:50:00+08:00,15m,33,25,normal_update,delayed,high,rain,0.72,caution,False,medium,8,minor,0.333,0.6,26.0,26.73,33.0,4.72,10.0,1,1,1,1,6.0,0.349,1.83,False,38,False,0.75,0.35,0.131,increasing,0.291,0
PM-SYN-034,2026-08-19T09:52:00+08:00,15m,28,25,normal_update,fresh,high,rain,0.72,caution,False,medium,3,minor,0.667,0.6,27.67,26.67,33.0,4.71,6.0,1,0,1,0,6.0,0.0,1.87,False,40,False,0.75,0.35,0.291,decreasing,0.074,0
PM-SYN-034,2026-08-19T09:54:00+08:00,15m,31,25,harsh_brake,fresh,high,rain,0.72,caution,False,medium,6,minor,1.0,0.6,30.67,26.6,33.0,4.32,-2.0,2,0,2,0,8.0,0.326,1.9,False,42,False,0.75,0.35,0.074,increasing,0.105,0
PM-SYN-034,2026-08-19T09:56:00+08:00,15m,19,25,harsh_brake,fresh,high,rain,0.72,caution,False,medium,0,none,0.667,0.6,26.0,26.27,31.0,5.31,-9.0,2,0,2,0,10.0,0.055,1.93,False,44,False,0.75,0.35,0.105,increasing,0.134,0
PM-SYN-034,2026-08-19T09:58:00+08:00,15m,19,25,normal_update,fresh,high,rain,0.72,caution,False,medium,0,none,0.333,0.6,23.0,26.13,31.0,5.93,-12.0,2,0,2,0,10.0,0.026,1.97,False,46,False,0.75,0.35,0.134,stable,0.17,1
PM-SYN-034,2026-08-19T10:00:00+08:00,15m,23,25,normal_update,fresh,high,rain,0.72,caution,False,medium,0,none,0.0,0.4,20.33,26.07,23.0,4.82,4.0,2,0,2,0,10.0,0.0,2.0,False,0,False,0.75,0.35,0.17,stable,0.071,1
PM-SYN-034,2026-08-19T10:02:00+08:00,15m,23,25,normal_update,fresh,high,rain,0.72,caution,False,medium,0,none,0.0,0.2,21.67,25.4,23.0,4.38,4.0,2,0,2,0,10.0,0.089,2.03,False,2,False,0.75,0.35,0.071,increasing,0.064,1
PM-SYN-034,2026-08-19T10:04:00+08:00,15m,21,25,normal_update,delayed,high,rain,0.72,caution,False,medium,0,none,0.0,0.0,22.33,24.6,23.0,1.79,-2.0,1,0,1,0,8.0,0.016,2.07,False,4,False,0.75,0.35,0.064,stable,0.036,1
PM-SYN-034,2026-08-19T10:06:00+08:00,15m,22,25,normal_update,fresh,high,rain,0.72,caution,False,medium,0,none,0.0,0.0,22.0,24.6,23.0,1.5,-1.0,0,0,0,0,8.0,0.0,2.1,False,0,True,0.75,0.35,0.036,stable,0.101,1
PM-SYN-034,2026-08-19T10:08:00+08:00,15m,24,25,normal_update,fresh,high,rain,0.72,caution,False,medium,0,none,0.0,0.0,22.33,24.47,24.0,1.02,3.0,0,0,0,0,8.0,0.0,2.13,False,2,True,0.75,0.35,0.101,decreasing,0.078,1
PM-SYN-034,2026-08-19T10:10:00+08:00,15m,29,25,normal_update,fresh,high,rain,0.72,caution,False,medium,4,minor,0.333,0.2,25.0,25.13,29.0,2.79,7.0,0,0,0,0,8.0,0.082,2.17,False,4,True,0.75,0.35,0.078,increasing,0.062,1
PM-SYN-034,2026-08-19T10:12:00+08:00,15m,27,25,normal_update,fresh,high,rain,0.72,caution,False,medium,2,minor,0.667,0.4,26.67,25.13,29.0,3.01,3.0,0,0,0,0,6.0,0.018,2.2,False,6,True,0.75,0.35,0.062,stable,0.085,1
PM-SYN-034,2026-08-19T10:14:00+08:00,15m,28,25,normal_update,fresh,high,rain,0.72,caution,False,medium,3,minor,1.0,0.6,28.0,24.8,29.0,2.61,-1.0,0,0,0,0,6.0,0.035,2.23,False,0,True,0.75,0.35,0.085,stable,0.097,1
PM-SYN-034,2026-08-19T10:16:00+08:00,15m,30,25,normal_update,fresh,high,rain,0.72,caution,False,medium,5,minor,1.0,0.8,28.33,25.27,30.0,2.06,3.0,0,0,0,0,4.0,0.103,2.27,False,2,True,0.75,0.35,0.097,increasing,0.099,1
PM-SYN-034,2026-08-19T10:18:00+08:00,15m,25,25,normal_update,fresh,high,rain,0.72,caution,False,medium,0,none,0.667,0.8,27.67,25.47,30.0,1.72,-3.0,0,0,0,0,4.0,0.0,2.3,False,4,True,0.75,0.35,0.099,decreasing,0.13,1
PM-SYN-034,2026-08-19T10:20:00+08:00,15m,22,25,normal_update,fresh,high,rain,0.72,caution,False,medium,0,none,0.333,0.6,25.67,24.73,30.0,2.73,-8.0,0,0,0,0,4.0,0.0,2.33,False,6,True,0.75,0.35,0.13,decreasing,0.189,1
PM-SYN-034,2026-08-19T10:22:00+08:00,15m,28,25,normal_update,delayed,high,rain,0.72,caution,False,medium,3,minor,0.333,0.6,25.0,24.73,28.0,2.8,3.0,0,0,0,0,4.0,0.0,2.37,False,8,True,0.75,0.35,0.189,decreasing,0.115,1
PM-SYN-035,2026-08-19T08:56:00+08:00,15m,27,25,normal_update,fresh,high,rain,0.72,caution,False,medium,2,minor,0.667,0.4,26.67,26.47,29.0,2.86,3.0,0,0,0,0,6.0,0.02,0.5,False,999.0,False,0.75,0.35,0.06,stable,0.054,0
PM-SYN-035,2026-08-19T08:58:00+08:00,15m,17,25,normal_update,fresh,high,rain,0.72,caution,False,medium,0,none,0.667,0.4,24.33,26.13,29.0,4.1,-12.0,0,0,0,0,6.0,0.0,0.53,False,999.0,False,0.75,0.35,0.054,decreasing,0.038,0
PM-SYN-035,2026-08-19T09:00:00+08:00,15m,22,25,normal_update,fresh,high,rain,0.72,caution,False,medium,0,none,0.333,0.4,22.0,25.93,27.0,4.17,-5.0,0,0,0,0,6.0,0.0,0.57,False,999.0,False,0.75,0.35,0.038,stable,0.079,0
PM-SYN-035,2026-08-19T09:02:00+08:00,15m,20,25,normal_update,fresh,high,rain,0.72,caution,False,medium,0,none,0.0,0.4,19.67,25.33,22.0,4.43,3.0,0,0,0,0,6.0,0.0,0.6,False,999.0,False,0.75,0.35,0.079,decreasing,0.041,0
PM-SYN-035,2026-08-19T09:04:00+08:00,15m,25,25,normal_update,delayed,high,rain,0.72,caution,False,medium,0,none,0.0,0.2,22.33,24.73,25.0,3.54,3.0,0,0,0,0,4.0,0.0,0.63,False,999.0,False,0.75,0.35,0.041,decreasing,0.034,0
PM-SYN-035,2026-08-19T09:06:00+08:00,15m,18,25,normal_update,fresh,high,rain,0.72,caution,False,medium,0,none,0.0,0.0,21.0,23.87,25.0,2.87,-2.0,0,0,0,0,2.0,0.0,0.67,False,999.0,False,0.75,0.35,0.034,stable,0.043,0
PM-SYN-035,2026-08-19T09:08:00+08:00,15m,22,25,normal_update,fresh,high,rain,0.72,caution,False,medium,0,none,0.0,0.0,21.67,23.67,25.0,2.33,-3.0,0,0,0,0,0.0,0.0,0.7,False,999.0,False,0.75,0.35,0.043,decreasing,0.072,0
PM-SYN-035,2026-08-19T09:10:00+08:00,15m,23,25,normal_update,fresh,high,rain,0.72,caution,False,medium,0,none,0.0,0.0,21.0,23.73,23.0,2.42,5.0,0,0,0,0,0.0,0.0,0.73,False,999.0,False,0.75,0.35,0.072,decreasing,0.024,0
PM-SYN-035,2026-08-19T09:12:00+08:00,15m,24,25,normal_update,fresh,high,rain,0.72,caution,False,medium,0,none,0.0,0.0,23.0,23.33,24.0,2.42,2.0,0,0,0,0,0.0,0.0,0.77,False,999.0,False,0.75,0.35,0.024,stable,0.027,0
PM-SYN-035,2026-08-19T09:14:00+08:00,15m,23,25,harsh_brake,delayed,high,rain,0.72,caution,False,medium,0,none,0.0,0.0,23.33,23.4,24.0,2.1,0.0,1,0,1,0,2.0,0.053,0.8,False,999.0,False,0.75,0.35,0.027,increasing,0.062,0
PM-SYN-035,2026-08-19T09:16:00+08:00,15m,21,25,normal_update,fresh,high,rain,0.72,caution,False,medium,0,none,0.0,0.0,22.67,22.6,24.0,1.02,-3.0,1,0,1,0,2.0,0.018,0.83,False,999.0,False,0.75,0.35,0.062,stable,0.028,0
PM-SYN-035,2026-08-19T09:18:00+08:00,15m,30,25,normal_update,fresh,high,rain,0.72,caution,False,medium,5,minor,0.333,0.2,24.67,23.2,30.0,3.06,7.0,1,0,1,0,2.0,0.252,0.87,False,999.0,False,0.75,0.35,0.028,increasing,0.062,0
PM-SYN-035,2026-08-19T09:20:00+08:00,15m,30,25,normal_update,fresh,high,rain,0.72,caution,False,medium,5,minor,0.667,0.4,27.0,23.67,30.0,3.72,9.0,1,0,1,0,2.0,0.218,0.9,False,999.0,False,0.75,0.35,0.062,increasing,0.138,0
PM-SYN-035,2026-08-19T09:22:00+08:00,15m,22,25,normal_update,delayed,high,rain,0.72,caution,False,medium,0,none,0.667,0.4,27.33,23.53,30.0,3.97,-8.0,1,0,1,0,2.0,0.0,0.93,False,999.0,False,0.75,0.35,0.138,decreasing,0.065,0
PM-SYN-035,2026-08-19T09:24:00+08:00,15m,23,25,harsh_brake,fresh,high,rain,0.72,caution,False,medium,0,none,0.333,0.4,25.0,23.13,30.0,3.97,-7.0,1,0,1,0,4.0,0.015,0.97,False,999.0,False,0.75,0.35,0.065,stable,0.092,0
PM-SYN-035,2026-08-19T09:26:00+08:00,15m,26,25,normal_update,fresh,high,rain,0.72,caution,False,medium,1,minor,0.333,0.6,23.67,23.07,26.0,3.37,4.0,1,0,1,0,4.0,0.028,1.0,False,999.0,False,0.75,0.35,0.092,stable,0.104,0
PM-SYN-035,2026-08-19T09:28:00+08:00,15m,20,25,normal_update,fresh,high,rain,0.72,caution,False,medium,0,none,0.333,0.4,23.0,23.27,26.0,3.49,-3.0,1,0,1,0,4.0,0.0,1.03,False,999.0,False,0.75,0.35,0.104,stable,0.085,0
PM-SYN-035,2026-08-19T09:30:00+08:00,15m,28,25,normal_update,fresh,high,rain,0.72,caution,False,medium,3,minor,0.667,0.4,24.67,23.67,28.0,2.86,2.0,1,0,1,0,4.0,0.115,1.07,False,999.0,False,0.75,0.35,0.085,increasing,0.153,0
PM-SYN-035,2026-08-19T09:32:00+08:00,15m,20,25,normal_update,stale,high,rain,0.72,caution,False,medium,0,none,0.333,0.4,22.67,23.67,28.0,3.2,0.0,1,0,1,0,4.0,0.0,1.1,False,999.0,False,0.75,0.35,0.153,decreasing,0.133,0
PM-SYN-035,2026-08-19T09:34:00+08:00,15m,22,25,normal_update,delayed,high,rain,0.72,caution,False,medium,0,none,0.333,0.4,23.33,23.47,28.0,3.25,-6.0,0,0,0,0,4.0,0.0,1.13,False,999.0,False,0.75,0.35,0.133,decreasing,0.079,0
PM-SYN-035,2026-08-19T09:36:00+08:00,15m,27,25,normal_update,fresh,high,rain,0.72,caution,False,medium,2,minor,0.333,0.4,23.0,24.07,27.0,3.44,7.0,0,0,0,0,4.0,0.001,1.17,False,999.0,False,0.75,0.35,0.079,stable,0.053,0
PM-SYN-035,2026-08-19T09:38:00+08:00,15m,29,25,normal_update,fresh,high,rain,0.72,caution,False,medium,4,minor,0.667,0.6,26.0,24.53,29.0,3.54,7.0,0,0,0,0,4.0,0.107,1.2,False,999.0,False,0.75,0.35,0.053,increasing,0.123,0
PM-SYN-035,2026-08-19T09:40:00+08:00,15m,32,25,normal_update,delayed,high,rain,0.72,caution,False,medium,7,minor,1.0,0.6,29.33,25.13,32.0,4.43,5.0,0,0,0,0,4.0,0.157,1.23,False,999.0,False,0.75,0.35,0.123,increasing,0.073,0
PM-SYN-035,2026-08-19T09:42:00+08:00,15m,23,25,normal_update,delayed,high,rain,0.72,caution,False,medium,0,none,0.667,0.6,28.0,25.07,32.0,3.72,-6.0,0,0,0,0,4.0,0.0,1.27,False,999.0,False,0.75,0.35,0.073,decreasing,0.055,0
PM-SYN-035,2026-08-19T09:44:00+08:00,15m,21,25,normal_update,fresh,high,rain,0.72,caution,False,medium,0,none,0.333,0.6,25.33,24.93,32.0,3.98,-11.0,0,0,0,0,2.0,0.0,1.3,False,999.0,False,0.75,0.35,0.055,decreasing,0.132,0
PM-SYN-035,2026-08-19T09:46:00+08:00,15m,35,25,normal_update,delayed,high,rain,0.72,caution,False,medium,10,minor,0.333,0.6,26.33,25.87,35.0,5.29,12.0,0,0,0,0,2.0,0.268,1.33,False,999.0,False,0.75,0.35,0.132,increasing,0.111,0
PM-SYN-035,2026-08-19T09:48:00+08:00,15m,21,25,normal_update,fresh,high,rain,0.72,caution,False,medium,0,none,0.333,0.4,25.67,25.27,35.0,5.92,0.0,0,0,0,0,2.0,0.0,1.37,False,999.0,False,0.75,0.35,0.111,decreasing,0.046,0
PM-SYN-035,2026-08-19T09:50:00+08:00,15m,28,25,normal_update,fresh,high,rain,0.72,caution,False,medium,3,minor,0.667,0.4,28.0,25.13,35.0,5.35,-7.0,0,0,0,0,2.0,0.074,1.4,False,999.0,False,0.75,0.35,0.046,increasing,0.11,0
PM-SYN-035,2026-08-19T09:52:00+08:00,15m,40,25,stale_gps,stale,high,rain,0.72,caution,False,medium,15,moderate,0.667,0.6,29.67,26.33,40.0,7.56,19.0,0,0,0,0,4.0,0.49,1.43,False,999.0,False,0.75,0.35,0.11,increasing,0.173,0
PM-SYN-035,2026-08-19T09:54:00+08:00,15m,18,25,normal_update,fresh,high,rain,0.72,caution,False,medium,0,none,0.667,0.6,28.67,26.0,40.0,8.26,-10.0,0,0,0,0,2.0,0.0,1.47,False,999.0,False,0.75,0.35,0.173,decreasing,0.116,0
PM-SYN-035,2026-08-19T09:56:00+08:00,15m,17,25,sharp_turn,fresh,high,rain,0.72,caution,False,medium,0,none,0.333,0.4,25.0,25.4,40.0,8.52,-23.0,0,1,0,1,4.0,0.0,1.5,False,999.0,False,0.75,0.35,0.116,stable,0.058,0
PM-SYN-035,2026-08-19T09:58:00+08:00,15m,24,25,normal_update,fresh,high,rain,0.72,caution,False,medium,0,none,0.0,0.4,19.67,25.67,24.0,8.33,6.0,0,1,0,1,4.0,0.022,1.53,False,999.0,False,0.75,0.35,0.058,stable,0.101,0
PM-SYN-035,2026-08-19T10:00:00+08:00,15m,28,25,normal_update,fresh,high,rain,0.72,caution,False,medium,3,minor,0.333,0.4,23.0,25.67,28.0,8.33,11.0,0,1,0,1,4.0,0.099,1.57,False,999.0,False,0.75,0.35,0.101,increasing,0.179,0
PM-SYN-035,2026-08-19T10:02:00+08:00,15m,22,25,normal_update,fresh,high,rain,0.72,caution,False,medium,0,none,0.333,0.2,24.67,25.8,28.0,4.02,-2.0,0,1,0,1,4.0,0.0,1.6,False,999.0,False,0.75,0.35,0.179,decreasing,0.104,0
PM-SYN-035,2026-08-19T10:04:00+08:00,15m,17,25,harsh_brake,fresh,high,rain,0.72,caution,False,medium,0,none,0.333,0.2,22.33,25.47,28.0,4.22,-11.0,1,1,1,1,6.0,0.056,1.63,False,999.0,False,0.75,0.35,0.104,increasing,0.159,0
PM-SYN-035,2026-08-19T10:06:00+08:00,15m,19,25,normal_update,fresh,high,rain,0.72,caution,False,medium,0,none,0.0,0.2,19.33,24.93,22.0,3.85,-3.0,1,0,1,0,6.0,0.0,1.67,False,999.0,False,0.75,0.35,0.159,decreasing,0.111,0
PM-SYN-035,2026-08-19T10:08:00+08:00,15m,25,25,normal_update,fresh,high,rain,0.72,caution,False,medium,0,none,0.0,0.2,20.33,24.67,25.0,3.97,8.0,1,0,1,0,6.0,0.0,1.7,False,999.0,False,0.75,0.35,0.111,stable,0.122,1
PM-SYN-035,2026-08-19T10:10:00+08:00,15m,35,25,normal_update,fresh,high,rain,0.72,caution,False,medium,10,minor,0.333,0.2,26.33,24.87,35.0,6.31,16.0,1,0,1,0,6.0,0.358,1.73,False,0,False,0.75,0.35,0.122,increasing,0.111,1
PM-SYN-035,2026-08-19T10:12:00+08:00,15m,23,25,normal_update,fresh,high,rain,0.72,caution,False,medium,0,none,0.333,0.2,27.67,24.87,35.0,6.27,-2.0,1,0,1,0,6.0,0.0,1.77,False,2,False,0.75,0.35,0.111,stable,0.075,0
PM-SYN-035,2026-08-19T10:14:00+08:00,15m,28,25,normal_update,fresh,high,rain,0.72,caution,False,medium,3,minor,0.667,0.4,28.67,25.33,35.0,5.37,-7.0,0,0,0,0,6.0,0.045,1.8,False,4,False,0.75,0.35,0.075,increasing,0.106,0
PM-SYN-035,2026-08-19T10:16:00+08:00,15m,27,25,normal_update,delayed,high,rain,0.72,caution,False,medium,2,minor,0.667,0.6,26.0,24.8,28.0,4.08,4.0,0,0,0,0,6.0,0.0,1.83,False,6,False,0.75,0.35,0.106,stable,0.062,0
PM-SYN-035,2026-08-19T10:18:00+08:00,15m,24,25,normal_update,delayed,high,rain,0.72,caution,False,medium,0,none,0.667,0.6,26.33,25.0,28.0,4.22,-4.0,0,0,0,0,6.0,0.0,1.87,False,8,False,0.75,0.35,0.062,decreasing,0.076,0
PM-SYN-035,2026-08-19T10:20:00+08:00,15m,37,25,speeding,fresh,high,rain,0.72,caution,False,medium,12,moderate,0.667,0.6,29.33,25.6,37.0,4.96,10.0,0,0,0,0,8.0,0.404,1.9,False,10,False,0.75,0.35,0.076,increasing,0.134,1
PM-SYN-035,2026-08-19T10:22:00+08:00,15m,20,25,harsh_brake,fresh,high,rain,0.72,caution,False,medium,0,none,0.333,0.6,27.0,24.27,37.0,5.64,-4.0,1,0,1,0,8.0,0.0,1.93,False,0,False,0.75,0.35,0.134,decreasing,0.078,1
PM-SYN-035,2026-08-19T10:24:00+08:00,15m,19,25,harsh_brake,fresh,high,rain,0.72,caution,False,medium,0,none,0.333,0.4,25.33,24.33,37.0,6.47,-18.0,2,0,2,0,10.0,0.082,1.97,False,2,False,0.75,0.35,0.078,increasing,0.098,1
PM-SYN-035,2026-08-19T10:26:00+08:00,15m,25,25,normal_update,fresh,high,rain,0.72,caution,False,medium,0,none,0.0,0.2,21.33,24.87,25.0,6.42,5.0,2,0,2,0,8.0,0.062,2.0,False,0,False,0.75,0.35,0.098,increasing,0.114,1
PM-SYN-035,2026-08-19T10:28:00+08:00,15m,28,25,normal_update,fresh,high,rain,0.72,caution,False,medium,3,minor,0.333,0.4,24.0,25.13,28.0,6.49,9.0,2,0,2,0,8.0,0.166,2.03,False,2,False,0.75,0.35,0.114,increasing,0.134,1
PM-SYN-035,2026-08-19T10:30:00+08:00,15m,22,25,normal_update,fresh,high,rain,0.72,caution,False,medium,0,none,0.333,0.2,25.0,24.73,28.0,3.31,-3.0,2,0,2,0,8.0,0.026,2.07,False,4,False,0.75,0.35,0.134,stable,0.082,1
PM-SYN-035,2026-08-19T10:32:00+08:00,15m,20,25,normal_update,fresh,high,rain,0.72,caution,False,medium,0,none,0.333,0.2,23.33,24.6,28.0,3.31,-8.0,1,0,1,0,8.0,0.0,2.1,False,6,False,0.75,0.35,0.082,stable,0.118,1
PM-SYN-035,2026-08-19T10:34:00+08:00,15m,27,25,normal_update,delayed,high,rain,0.72,caution,False,medium,2,minor,0.333,0.4,23.0,25.27,27.0,3.01,5.0,0,0,0,0,6.0,0.0,2.13,False,8,False,0.75,0.35,0.118,stable,0.066,1
PM-SYN-035,2026-08-19T10:36:00+08:00,15m,24,25,normal_update,delayed,high,rain,0.72,caution,False,medium,0,none,0.333,0.4,23.67,25.6,27.0,2.99,4.0,0,0,0,0,6.0,0.0,2.17,False,10,False,0.75,0.35,0.066,decreasing,0.064,1
PM-SYN-035,2026-08-19T10:38:00+08:00,15m,19,25,normal_update,fresh,high,rain,0.72,caution,False,medium,0,none,0.333,0.2,23.33,25.2,27.0,2.87,-8.0,0,0,0,0,6.0,0.0,2.2,False,12,False,0.75,0.35,0.064,decreasing,0.086,0
PM-SYN-035,2026-08-19T10:40:00+08:00,15m,37,25,speeding,fresh,high,rain,0.72,caution,False,medium,12,moderate,0.333,0.4,26.67,25.33,37.0,6.47,13.0,0,0,0,0,8.0,0.394,2.23,False,14,False,0.75,0.35,0.086,increasing,0.084,0
PM-SYN-035,2026-08-19T10:42:00+08:00,15m,24,25,sharp_turn,fresh,high,rain,0.72,caution,False,medium,0,none,0.333,0.4,26.67,25.4,37.0,5.98,5.0,0,1,0,1,10.0,0.0,2.27,False,16,False,0.75,0.35,0.084,stable,0.073,0
PM-SYN-035,2026-08-19T10:44:00+08:00,15m,22,25,harsh_brake,fresh,high,rain,0.72,caution,False,medium,0,none,0.333,0.2,27.67,25.0,37.0,6.18,-15.0,1,1,1,1,12.0,0.087,2.3,False,18,False,0.75,0.35,0.073,increasing,0.062,0
PM-SYN-035,2026-08-19T10:46:00+08:00,15m,31,25,speeding,fresh,high,rain,0.72,caution,False,medium,6,minor,0.333,0.4,25.67,25.27,31.0,6.53,7.0,1,1,1,1,14.0,0.338,2.33,False,20,False,0.75,0.35,0.062,increasing,0.181,0
PM-SYN-035,2026-08-19T10:48:00+08:00,15m,21,25,normal_update,fresh,high,rain,0.72,caution,False,medium,0,none,0.333,0.4,24.67,25.07,31.0,6.1,-1.0,1,1,1,1,14.0,0.0,2.37,False,22,False,0.75,0.35,0.181,stable,0.127,0
PM-SYN-036,2026-08-19T06:48:00+08:00,15m,17,15,normal_update,fresh,high,rain,0.66,restricted,False,medium,2,minor,1.0,1.0,17.67,15.8,20.0,2.15,-3.0,0,0,0,0,8.0,0.0,0.5,True,999.0,False,0.75,0.7,0.302,decreasing,0.123,0
PM-SYN-036,2026-08-19T06:50:00+08:00,15m,9,15,sharp_turn,delayed,high,rain,0.66,restricted,False,medium,0,none,0.667,0.8,14.0,15.27,17.0,3.74,-7.0,0,1,0,1,10.0,0.0,0.53,True,999.0,False,0.75,0.7,0.123,decreasing,0.184,0
PM-SYN-036,2026-08-19T06:52:00+08:00,15m,19,15,harsh_brake,delayed,high,rain,0.66,restricted,False,medium,4,minor,0.667,0.8,15.0,15.27,19.0,3.87,2.0,1,1,1,1,12.0,0.136,0.57,True,999.0,False,0.75,0.7,0.184,increasing,0.365,0
PM-SYN-036,2026-08-19T06:54:00+08:00,15m,16,15,sharp_turn,fresh,high,rain,0.66,restricted,False,medium,1,minor,0.667,0.8,14.67,15.73,19.0,3.38,7.0,1,2,1,2,14.0,0.0,0.6,True,999.0,False,0.75,0.7,0.365,decreasing,0.163,0
PM-SYN-036,2026-08-19T06:56:00+08:00,15m,11,15,normal_update,fresh,high,rain,0.66,restricted,False,medium,0,none,0.667,0.6,15.33,15.53,19.0,3.77,-8.0,1,2,1,2,12.0,0.077,0.63,True,999.0,False,0.75,0.7,0.163,increasing,0.135,0
PM-SYN-036,2026-08-19T06:58:00+08:00,15m,12,15,normal_update,fresh,high,rain,0.66,restricted,False,medium,0,none,0.333,0.4,13.0,14.87,16.0,3.61,-4.0,1,2,1,2,12.0,0.105,0.67,True,999.0,False,0.75,0.7,0.135,increasing,0.14,0
PM-SYN-036,2026-08-19T07:00:00+08:00,15m,14,15,normal_update,fresh,high,rain,0.66,restricted,False,medium,0,none,0.0,0.4,12.33,14.8,14.0,2.87,3.0,1,1,1,1,10.0,0.02,0.7,False,999.0,False,0.75,0.7,0.14,stable,0.194,0
PM-SYN-036,2026-08-19T07:02:00+08:00,15m,11,15,normal_update,fresh,high,rain,0.66,restricted,False,medium,0,none,0.0,0.2,12.33,14.8,14.0,1.94,-1.0,0,1,0,1,10.0,0.0,0.73,False,999.0,False,0.75,0.7,0.194,decreasing,0.038,0
PM-SYN-036,2026-08-19T07:04:00+08:00,15m,11,15,normal_update,fresh,high,rain,0.66,restricted,False,medium,0,none,0.0,0.0,12.0,14.8,14.0,1.17,-3.0,0,0,0,0,10.0,0.0,0.77,False,999.0,False,0.75,0.7,0.038,stable,0.046,0
PM-SYN-036,2026-08-19T07:06:00+08:00,15m,14,15,normal_update,delayed,high,rain,0.66,restricted,False,medium,0,none,0.0,0.0,12.0,15.13,14.0,1.36,3.0,0,0,0,0,10.0,0.0,0.8,False,999.0,False,0.75,0.7,0.046,decreasing,0.06,0
PM-SYN-036,2026-08-19T07:08:00+08:00,15m,23,15,normal_update,fresh,high,rain,0.66,restricted,False,medium,8,minor,0.333,0.2,16.0,15.53,23.0,4.41,12.0,0,0,0,0,10.0,0.26,0.83,False,999.0,False,0.75,0.7,0.06,increasing,0.056,0
PM-SYN-036,2026-08-19T07:10:00+08:00,15m,11,15,normal_update,fresh,high,rain,0.66,restricted,False,medium,0,none,0.333,0.2,16.0,14.8,23.0,4.65,-3.0,0,0,0,0,8.0,0.0,0.87,False,999.0,False,0.75,0.7,0.056,decreasing,0.066,1
PM-SYN-036,2026-08-19T07:12:00+08:00,15m,10,15,normal_update,fresh,high,rain,0.66,restricted,False,medium,0,none,0.333,0.2,14.67,14.27,23.0,4.79,-13.0,0,0,0,0,8.0,0.0,0.9,False,0,True,0.75,0.7,0.066,decreasing,0.131,1
PM-SYN-036,2026-08-19T07:14:00+08:00,15m,12,15,normal_update,fresh,high,rain,0.66,restricted,False,medium,0,none,0.0,0.2,11.0,13.73,12.0,4.69,1.0,0,0,0,0,6.0,0.0,0.93,False,0,False,0.75,0.7,0.131,decreasing,0.096,1
PM-SYN-036,2026-08-19T07:16:00+08:00,15m,9,15,normal_update,fresh,high,rain,0.66,restricted,False,medium,0,none,0.0,0.2,10.33,13.27,12.0,5.1,-1.0,0,0,0,0,6.0,0.0,0.97,False,2,False,0.75,0.7,0.096,decreasing,0.067,1
PM-SYN-036,2026-08-19T07:18:00+08:00,15m,11,15,normal_update,fresh,high,rain,0.66,restricted,False,medium,0,none,0.0,0.0,10.67,12.87,12.0,1.02,-1.0,0,0,0,0,6.0,0.0,1.0,False,4,False,0.75,0.7,0.067,decreasing,0.023,1
PM-SYN-036,2026-08-19T07:20:00+08:00,15m,11,15,harsh_brake,delayed,high,rain,0.66,restricted,False,medium,0,none,0.0,0.0,10.33,13.0,11.0,1.02,2.0,1,0,1,0,6.0,0.057,1.03,False,6,False,0.75,0.7,0.023,increasing,0.064,1
PM-SYN-036,2026-08-19T07:22:00+08:00,15m,15,15,normal_update,fresh,high,rain,0.66,restricted,False,medium,0,none,0.0,0.0,12.33,12.73,15.0,1.96,4.0,1,0,1,0,4.0,0.016,1.07,False,8,False,0.75,0.7,0.064,stable,0.043,1
PM-SYN-036,2026-08-19T07:24:00+08:00,15m,14,15,normal_update,fresh,high,rain,0.66,restricted,False,medium,0,none,0.0,0.0,13.33,12.6,15.0,2.19,3.0,1,0,1,0,2.0,0.037,1.1,False,10,False,0.75,0.7,0.043,stable,0.064,0
PM-SYN-036,2026-08-19T07:26:00+08:00,15m,23,15,stale_gps,stale,high,rain,0.66,restricted,False,medium,8,minor,0.333,0.2,17.33,13.4,23.0,4.4,8.0,1,0,1,0,4.0,0.336,1.13,False,12,False,0.75,0.7,0.064,increasing,0.163,0
PM-SYN-036,2026-08-19T07:28:00+08:00,15m,30,15,speeding,fresh,high,rain,0.66,restricted,False,medium,15,moderate,0.667,0.4,22.33,14.6,30.0,6.95,16.0,1,0,1,0,6.0,0.517,1.17,False,14,False,0.75,0.7,0.163,increasing,0.22,0
PM-SYN-036,2026-08-19T07:30:00+08:00,15m,15,15,harsh_brake,fresh,high,rain,0.66,restricted,False,medium,0,none,0.667,0.4,22.67,14.67,30.0,6.22,-8.0,1,0,1,0,8.0,0.0,1.2,False,16,False,0.75,0.7,0.22,decreasing,0.1,0
PM-SYN-036,2026-08-19T07:32:00+08:00,15m,16,15,normal_update,fresh,high,rain,0.66,restricted,False,medium,1,minor,0.667,0.6,20.33,15.0,30.0,6.09,-14.0,1,0,1,0,8.0,0.02,1.23,False,18,False,0.75,0.7,0.1,stable,0.093,0
PM-SYN-036,2026-08-19T07:34:00+08:00,15m,10,15,harsh_brake,fresh,high,rain,0.66,restricted,False,medium,0,none,0.333,0.6,13.67,14.93,16.0,6.97,-5.0,2,0,2,0,10.0,0.067,1.27,False,20,False,0.75,0.7,0.093,increasing,0.134,0
PM-SYN-036,2026-08-19T07:36:00+08:00,15m,13,15,normal_update,delayed,high,rain,0.66,restricted,False,medium,0,none,0.333,0.4,13.0,14.87,16.0,6.91,-3.0,2,0,2,0,10.0,0.026,1.3,False,22,False,0.75,0.7,0.134,stable,0.171,0
PM-SYN-036,2026-08-19T07:38:00+08:00,15m,13,15,normal_update,fresh,high,rain,0.66,restricted,False,medium,0,none,0.0,0.2,12.0,14.2,13.0,2.06,3.0,2,0,2,0,10.0,0.0,1.33,False,24,False,0.75,0.7,0.171,stable,0.087,0
PM-SYN-036,2026-08-19T07:40:00+08:00,15m,28,15,normal_update,delayed,high,rain,0.66,restricted,False,medium,13,moderate,0.333,0.4,18.0,15.33,28.0,6.29,15.0,1,0,1,0,10.0,0.513,1.37,False,26,False,0.75,0.7,0.087,increasing,0.087,0
PM-SYN-036,2026-08-19T07:42:00+08:00,15m,19,15,normal_update,fresh,high,rain,0.66,restricted,False,medium,4,minor,0.667,0.4,20.0,15.93,28.0,6.41,6.0,1,0,1,0,10.0,0.153,1.4,False,28,False,0.75,0.7,0.087,increasing,0.157,1
PM-SYN-036,2026-08-19T07:44:00+08:00,15m,17,15,normal_update,delayed,high,rain,0.66,restricted,False,medium,2,minor,1.0,0.6,21.33,16.27,28.0,5.51,-11.0,0,0,0,0,10.0,0.0,1.43,False,0,True,0.75,0.7,0.157,decreasing,0.135,1
PM-SYN-036,2026-08-19T07:46:00+08:00,15m,10,15,normal_update,fresh,high,rain,0.66,restricted,False,medium,0,none,0.667,0.6,15.33,16.33,19.0,6.15,-9.0,0,0,0,0,10.0,0.0,1.47,False,2,True,0.75,0.7,0.135,decreasing,0.181,1
PM-SYN-036,2026-08-19T07:48:00+08:00,15m,9,15,normal_update,fresh,high,rain,0.66,restricted,False,medium,0,none,0.333,0.6,12.0,16.2,17.0,6.89,-8.0,0,0,0,0,10.0,0.0,1.5,False,4,True,0.75,0.7,0.181,decreasing,0.119,1
PM-SYN-036,2026-08-19T07:50:00+08:00,15m,24,15,normal_update,fresh,high,rain,0.66,restricted,False,medium,9,minor,0.333,0.6,14.33,17.07,24.0,5.64,14.0,0,0,0,0,8.0,0.241,1.53,False,6,True,0.75,0.7,0.119,increasing,0.179,1
PM-SYN-036,2026-08-19T07:52:00+08:00,15m,12,15,normal_update,stale,high,rain,0.66,restricted,False,medium,0,none,0.333,0.4,15.0,16.87,24.0,5.54,3.0,0,0,0,0,8.0,0.0,1.57,False,8,True,0.75,0.7,0.179,decreasing,0.089,1
PM-SYN-036,2026-08-19T07:54:00+08:00,15m,15,15,normal_update,delayed,high,rain,0.66,restricted,False,medium,0,none,0.333,0.2,17.0,16.93,24.0,5.4,-9.0,0,0,0,0,8.0,0.0,1.6,False,10,True,0.75,0.7,0.089,decreasing,0.062,1
PM-SYN-036,2026-08-19T07:56:00+08:00,15m,13,15,normal_update,fresh,high,rain,0.66,restricted,False,medium,0,none,0.0,0.2,13.33,16.27,15.0,5.08,1.0,0,0,0,0,6.0,0.0,1.63,False,12,True,0.75,0.7,0.062,decreasing,0.06,0
PM-SYN-036,2026-08-19T07:58:00+08:00,15m,13,15,normal_update,fresh,high,rain,0.66,restricted,False,medium,0,none,0.0,0.2,13.67,15.13,15.0,4.41,-2.0,0,0,0,0,4.0,0.0,1.67,False,14,False,0.75,0.7,0.06,decreasing,0.09,0
PM-SYN-036,2026-08-19T08:00:00+08:00,15m,17,15,normal_update,fresh,high,rain,0.66,restricted,False,medium,2,minor,0.333,0.2,14.33,15.27,17.0,1.79,4.0,0,0,0,0,2.0,0.0,1.7,False,16,False,0.75,0.7,0.09,stable,0.043,0
PM-SYN-036,2026-08-19T08:02:00+08:00,15m,18,15,normal_update,fresh,high,rain,0.66,restricted,False,medium,3,minor,0.667,0.4,16.0,15.4,18.0,2.04,5.0,0,0,0,0,2.0,0.077,1.73,False,18,False,0.75,0.7,0.043,increasing,0.096,0
PM-SYN-036,2026-08-19T08:04:00+08:00,15m,17,15,normal_update,delayed,high,rain,0.66,restricted,False,medium,2,minor,1.0,0.6,17.33,15.87,18.0,2.15,0.0,0,0,0,0,0.0,0.0,1.77,False,20,False,0.75,0.7,0.096,stable,0.057,1
PM-SYN-036,2026-08-19T08:06:00+08:00,15m,11,15,sharp_turn,fresh,high,rain,0.66,restricted,False,medium,0,none,0.667,0.6,15.33,15.73,18.0,2.71,-7.0,0,1,0,1,2.0,0.023,1.8,False,0,False,0.75,0.7,0.057,stable,0.174,1
PM-SYN-036,2026-08-19T08:08:00+08:00,15m,12,15,normal_update,fresh,high,rain,0.66,restricted,False,medium,0,none,0.333,0.6,13.33,15.67,17.0,2.9,-5.0,0,1,0,1,2.0,0.0,1.83,False,2,False,0.75,0.7,0.174,decreasing,0.063,0
PM-SYN-036,2026-08-19T08:10:00+08:00,15m,12,15,normal_update,fresh,high,rain,0.66,restricted,False,medium,0,none,0.0,0.4,11.67,14.6,12.0,2.9,1.0,0,1,0,1,2.0,0.017,1.87,False,4,False,0.75,0.7,0.063,stable,0.056,0
PM-SYN-036,2026-08-19T08:12:00+08:00,15m,26,15,speeding,fresh,high,rain,0.66,restricted,False,medium,11,moderate,0.333,0.4,16.67,15.07,26.0,5.61,14.0,0,1,0,1,4.0,0.464,1.9,False,6,False,0.75,0.7,0.056,increasing,0.213,0
PM-SYN-036,2026-08-19T08:14:00+08:00,15m,12,15,normal_update,fresh,high,rain,0.66,restricted,False,medium,0,none,0.333,0.2,16.67,14.73,26.0,5.71,0.0,0,1,0,1,4.0,0.0,1.93,False,8,False,0.75,0.7,0.213,decreasing,0.104,0
PM-SYN-036,2026-08-19T08:16:00+08:00,15m,12,15,normal_update,fresh,high,rain,0.66,restricted,False,medium,0,none,0.333,0.2,16.67,14.87,26.0,5.6,-14.0,0,0,0,0,4.0,0.0,1.97,False,10,False,0.75,0.7,0.104,decreasing,0.104,1
PM-SYN-036,2026-08-19T08:18:00+08:00,15m,18,15,normal_update,delayed,high,rain,0.66,restricted,False,medium,3,minor,0.333,0.4,14.0,15.47,18.0,5.51,6.0,0,0,0,0,4.0,0.016,2.0,False,0,True,0.75,0.7,0.104,stable,0.139,1
PM-SYN-036,2026-08-19T08:20:00+08:00,15m,17,15,normal_update,fresh,high,rain,0.66,restricted,False,medium,2,minor,0.667,0.6,15.67,15.0,18.0,5.14,5.0,0,0,0,0,4.0,0.0,2.03,False,2,True,0.75,0.7,0.139,decreasing,0.091,1
PM-SYN-036,2026-08-19T08:22:00+08:00,15m,17,15,normal_update,fresh,high,rain,0.66,restricted,False,medium,2,minor,1.0,0.6,17.33,15.33,18.0,2.64,-1.0,0,0,0,0,4.0,0.0,2.07,False,4,True,0.75,0.7,0.091,stable,0.087,1
PM-SYN-036,2026-08-19T08:24:00+08:00,15m,11,15,normal_update,delayed,high,rain,0.66,restricted,False,medium,0,none,0.667,0.6,15.0,15.07,17.0,2.9,-6.0,0,0,0,0,4.0,0.0,2.1,False,6,True,0.75,0.7,0.087,decreasing,0.157,1
PM-SYN-036,2026-08-19T08:26:00+08:00,15m,25,15,harsh_brake,fresh,high,rain,0.66,restricted,False,medium,10,minor,0.667,0.8,17.67,15.87,25.0,4.45,8.0,1,0,1,0,6.0,0.323,2.13,False,8,True,0.75,0.7,0.157,increasing,0.213,1
PM-SYN-036,2026-08-19T08:28:00+08:00,15m,14,15,normal_update,delayed,high,rain,0.66,restricted,False,medium,0,none,0.333,0.6,16.67,15.93,25.0,4.66,3.0,1,0,1,0,6.0,0.0,2.17,False,10,True,0.75,0.7,0.213,decreasing,0.122,0
PM-SYN-036,2026-08-19T08:30:00+08:00,15m,12,15,normal_update,fresh,high,rain,0.66,restricted,False,medium,0,none,0.333,0.4,17.0,15.6,25.0,5.04,-13.0,1,0,1,0,6.0,0.0,2.2,False,12,True,0.75,0.7,0.122,decreasing,0.193,1
PM-SYN-036,2026-08-19T08:32:00+08:00,15m,12,15,normal_update,fresh,high,rain,0.66,restricted,False,medium,0,none,0.0,0.2,12.67,15.2,14.0,5.19,-2.0,1,0,1,0,6.0,0.0,2.23,False,0,True,0.75,0.7,0.193,decreasing,0.065,1
PM-SYN-036,2026-08-19T08:34:00+08:00,15m,10,15,normal_update,fresh,high,rain,0.66,restricted,False,medium,0,none,0.0,0.2,11.33,14.73,12.0,5.35,-2.0,1,0,1,0,6.0,0.015,2.27,False,2,True,0.75,0.7,0.065,stable,0.128,1
PM-SYN-036,2026-08-19T08:36:00+08:00,15m,24,15,sharp_turn,fresh,high,rain,0.66,restricted,False,medium,9,minor,0.333,0.2,15.33,15.6,24.0,4.96,12.0,0,1,0,1,6.0,0.312,2.3,False,4,True,0.75,0.7,0.128,increasing,0.11,1
PM-SYN-036,2026-08-19T08:38:00+08:00,15m,14,15,stale_gps,stale,high,rain,0.66,restricted,False,medium,0,none,0.333,0.2,16.0,15.73,24.0,4.96,4.0,0,1,0,1,8.0,0.0,2.33,False,6,True,0.75,0.7,0.11,stable,0.089,0
PM-SYN-036,2026-08-19T08:40:00+08:00,15m,16,15,normal_update,fresh,high,rain,0.66,restricted,False,medium,1,minor,0.667,0.4,18.0,16.0,24.0,4.83,-8.0,0,1,0,1,8.0,0.031,2.37,False,8,True,0.75,0.7,0.089,stable,0.111,0
PM-SYN-037,2026-08-19T07:45:00+08:00,15m,24,25,normal_update,fresh,high,rain,0.66,restricted,False,medium,0,none,0.0,0.0,23.33,24.87,25.0,1.6,3.0,0,1,0,1,6.0,0.0,0.5,False,999.0,False,0.75,0.7,0.117,stable,0.066,0
PM-SYN-037,2026-08-19T07:47:00+08:00,15m,21,25,normal_update,fresh,high,rain,0.66,restricted,False,medium,0,none,0.0,0.0,23.33,24.0,25.0,1.74,-4.0,0,1,0,1,6.0,0.014,0.53,False,999.0,False,0.75,0.7,0.066,stable,0.03,0
PM-SYN-037,2026-08-19T07:49:00+08:00,15m,17,25,normal_update,fresh,high,rain,0.66,restricted,False,medium,0,none,0.0,0.0,20.67,23.73,24.0,2.8,-7.0,0,1,0,1,6.0,0.05,0.57,False,999.0,False,0.75,0.7,0.03,increasing,0.037,0
PM-SYN-037,2026-08-19T07:51:00+08:00,15m,30,25,normal_update,fresh,high,rain,0.66,restricted,False,medium,5,minor,0.333,0.2,22.67,24.0,30.0,4.32,9.0,0,0,0,0,6.0,0.163,0.6,False,999.0,False,0.75,0.7,0.037,increasing,0.102,0
PM-SYN-037,2026-08-19T07:53:00+08:00,15m,20,25,normal_update,fresh,high,rain,0.66,restricted,False,medium,0,none,0.333,0.2,22.33,24.13,30.0,4.41,3.0,0,0,0,0,6.0,0.0,0.63,False,999.0,False,0.75,0.7,0.102,decreasing,0.044,0
PM-SYN-037,2026-08-19T07:55:00+08:00,15m,29,25,normal_update,fresh,high,rain,0.66,restricted,False,medium,4,minor,0.667,0.4,26.33,23.93,30.0,5.16,-1.0,0,0,0,0,6.0,0.116,0.67,False,999.0,False,0.75,0.7,0.044,increasing,0.128,0
PM-SYN-037,2026-08-19T07:57:00+08:00,15m,25,25,harsh_brake,fresh,high,rain,0.66,restricted,False,medium,0,none,0.333,0.4,24.67,23.93,29.0,5.04,5.0,1,0,1,0,6.0,0.0,0.7,False,999.0,False,0.75,0.7,0.128,decreasing,0.077,0
PM-SYN-037,2026-08-19T07:59:00+08:00,15m,20,25,harsh_brake,fresh,high,rain,0.66,restricted,False,medium,0,none,0.333,0.4,24.67,23.27,29.0,4.26,-9.0,2,0,2,0,6.0,0.083,0.73,False,999.0,False,0.75,0.7,0.077,increasing,0.11,0
PM-SYN-037,2026-08-19T08:01:00+08:00,15m,31,25,normal_update,fresh,high,rain,0.66,restricted,False,medium,6,minor,0.333,0.4,25.33,23.6,31.0,4.52,6.0,2,0,2,0,6.0,0.29,0.77,False,999.0,False,0.75,0.7,0.11,increasing,0.197,0
PM-SYN-037,2026-08-19T08:03:00+08:00,15m,26,25,normal_update,delayed,high,rain,0.66,restricted,False,medium,1,minor,0.667,0.6,25.67,23.6,31.0,3.76,6.0,2,0,2,0,6.0,0.003,0.8,False,999.0,False,0.75,0.7,0.197,stable,0.148,0
PM-SYN-037,2026-08-19T08:05:00+08:00,15m,18,25,normal_update,fresh,high,rain,0.66,restricted,False,medium,0,none,0.667,0.4,25.0,23.4,31.0,4.6,-13.0,2,0,2,0,6.0,0.012,0.83,False,999.0,False,0.75,0.7,0.148,stable,0.154,0
PM-SYN-037,2026-08-19T08:07:00+08:00,15m,25,25,normal_update,fresh,high,rain,0.66,restricted,False,medium,0,none,0.333,0.4,23.0,23.53,26.0,4.6,-1.0,1,0,1,0,6.0,0.0,0.87,False,999.0,False,0.75,0.7,0.154,decreasing,0.085,0
PM-SYN-037,2026-08-19T08:09:00+08:00,15m,23,25,sharp_turn,fresh,high,rain,0.66,restricted,False,medium,0,none,0.0,0.4,22.0,23.67,25.0,4.22,5.0,0,1,0,1,8.0,0.0,0.9,False,999.0,False,0.75,0.7,0.085,stable,0.151,0
PM-SYN-037,2026-08-19T08:11:00+08:00,15m,22,25,normal_update,fresh,high,rain,0.66,restricted,False,medium,0,none,0.0,0.2,23.33,23.73,25.0,2.79,-3.0,0,1,0,1,6.0,0.0,0.93,False,999.0,False,0.75,0.7,0.151,decreasing,0.039,1
PM-SYN-037,2026-08-19T08:13:00+08:00,15m,23,25,normal_update,fresh,high,rain,0.66,restricted,False,medium,0,none,0.0,0.0,22.67,23.6,23.0,2.32,0.0,0,1,0,1,6.0,0.041,0.97,False,0,False,0.75,0.7,0.039,increasing,0.036,1
PM-SYN-037,2026-08-19T08:15:00+08:00,15m,30,25,harsh_brake,fresh,high,rain,0.66,restricted,False,medium,5,minor,0.333,0.2,25.0,24.0,30.0,2.87,8.0,1,1,1,1,8.0,0.324,1.0,False,2,False,0.75,0.7,0.036,increasing,0.164,1
PM-SYN-037,2026-08-19T08:17:00+08:00,15m,19,25,normal_update,stale,high,rain,0.66,restricted,False,medium,0,none,0.333,0.2,24.0,23.87,30.0,3.61,-4.0,1,1,1,1,8.0,0.0,1.03,False,4,False,0.75,0.7,0.164,stable,0.057,1
PM-SYN-037,2026-08-19T08:19:00+08:00,15m,21,25,normal_update,fresh,high,rain,0.66,restricted,False,medium,0,none,0.333,0.2,23.33,24.13,30.0,3.74,-9.0,1,0,1,0,8.0,0.023,1.07,False,6,False,0.75,0.7,0.057,stable,0.047,1
PM-SYN-037,2026-08-19T08:21:00+08:00,15m,23,25,harsh_brake,fresh,high,rain,0.66,restricted,False,medium,0,none,0.0,0.2,21.0,23.67,23.0,3.71,4.0,2,0,2,0,10.0,0.113,1.1,False,8,False,0.75,0.7,0.047,increasing,0.122,1
PM-SYN-037,2026-08-19T08:23:00+08:00,15m,25,25,normal_update,delayed,high,rain,0.66,restricted,False,medium,0,none,0.0,0.2,23.0,24.0,25.0,3.77,4.0,2,0,2,0,10.0,0.038,1.13,False,10,False,0.75,0.7,0.122,stable,0.083,1
PM-SYN-037,2026-08-19T08:25:00+08:00,15m,24,25,normal_update,fresh,high,rain,0.66,restricted,False,medium,0,none,0.0,0.0,24.0,23.67,25.0,2.15,1.0,1,0,1,0,10.0,0.0,1.17,False,12,False,0.75,0.7,0.083,stable,0.033,1
PM-SYN-037,2026-08-19T08:27:00+08:00,15m,32,25,speeding,fresh,high,rain,0.66,restricted,False,medium,7,minor,0.333,0.2,27.0,24.13,32.0,3.74,7.0,1,0,1,0,10.0,0.327,1.2,False,0,True,0.75,0.7,0.033,increasing,0.213,1
PM-SYN-037,2026-08-19T08:29:00+08:00,15m,25,25,normal_update,fresh,high,rain,0.66,restricted,False,medium,0,none,0.333,0.2,27.0,24.47,32.0,3.19,1.0,1,0,1,0,8.0,0.0,1.23,False,2,True,0.75,0.7,0.213,decreasing,0.136,1
PM-SYN-037,2026-08-19T08:31:00+08:00,15m,19,25,normal_update,delayed,high,rain,0.66,restricted,False,medium,0,none,0.333,0.2,25.33,23.67,32.0,4.15,-13.0,0,0,0,0,8.0,0.0,1.27,False,4,True,0.75,0.7,0.136,decreasing,0.055,1
PM-SYN-037,2026-08-19T08:33:00+08:00,15m,33,25,harsh_brake,fresh,high,rain,0.66,restricted,False,medium,8,minor,0.333,0.4,25.67,24.13,33.0,5.24,8.0,1,0,1,0,10.0,0.345,1.3,False,6,True,0.75,0.7,0.055,increasing,0.184,1
PM-SYN-037,2026-08-19T08:35:00+08:00,15m,19,25,stale_gps,stale,high,rain,0.66,restricted,False,medium,0,none,0.333,0.4,23.67,24.2,33.0,6.05,0.0,1,0,1,0,12.0,0.0,1.33,False,8,True,0.75,0.7,0.184,decreasing,0.223,1
PM-SYN-037,2026-08-19T08:37:00+08:00,15m,35,25,normal_update,fresh,high,rain,0.66,restricted,False,medium,10,minor,0.667,0.4,29.0,24.87,35.0,6.76,2.0,1,0,1,0,12.0,0.257,1.37,False,10,True,0.75,0.7,0.223,increasing,0.122,1
PM-SYN-037,2026-08-19T08:39:00+08:00,15m,29,25,normal_update,fresh,high,rain,0.66,restricted,False,medium,4,minor,0.667,0.6,27.67,25.27,35.0,6.81,10.0,1,0,1,0,10.0,0.118,1.4,False,12,True,0.75,0.7,0.122,increasing,0.184,0
PM-SYN-037,2026-08-19T08:41:00+08:00,15m,26,25,normal_update,fresh,high,rain,0.66,restricted,False,medium,1,minor,1.0,0.8,30.0,25.53,35.0,5.64,-9.0,1,0,1,0,10.0,0.0,1.43,False,14,False,0.75,0.7,0.184,decreasing,0.241,1
PM-SYN-037,2026-08-19T08:43:00+08:00,15m,21,25,stale_gps,stale,high,rain,0.66,restricted,False,medium,0,none,0.667,0.6,25.33,25.4,29.0,5.73,-8.0,0,0,0,0,12.0,0.0,1.47,False,0,False,0.75,0.7,0.241,decreasing,0.087,1
PM-SYN-037,2026-08-19T08:45:00+08:00,15m,19,25,normal_update,fresh,high,rain,0.66,restricted,False,medium,0,none,0.333,0.6,22.0,24.67,26.0,5.73,-7.0,0,0,0,0,10.0,0.0,1.5,False,2,False,0.75,0.7,0.087,decreasing,0.163,0
PM-SYN-037,2026-08-19T08:47:00+08:00,15m,26,25,normal_update,stale,high,rain,0.66,restricted,False,medium,1,minor,0.333,0.6,22.0,25.13,26.0,3.66,5.0,0,0,0,0,10.0,0.0,1.53,False,4,False,0.75,0.7,0.163,decreasing,0.118,0
PM-SYN-037,2026-08-19T08:49:00+08:00,15m,21,25,normal_update,fresh,high,rain,0.66,restricted,False,medium,0,none,0.333,0.4,22.0,25.13,26.0,2.87,2.0,0,0,0,0,10.0,0.0,1.57,False,6,False,0.75,0.7,0.118,decreasing,0.064,0
PM-SYN-037,2026-08-19T08:51:00+08:00,15m,32,25,speeding,delayed,high,rain,0.66,restricted,False,medium,7,minor,0.667,0.4,26.33,25.73,32.0,4.71,6.0,0,0,0,0,10.0,0.216,1.6,False,8,False,0.75,0.7,0.064,increasing,0.06,0
PM-SYN-037,2026-08-19T08:53:00+08:00,15m,21,25,sharp_turn,stale,high,rain,0.66,restricted,False,medium,0,none,0.333,0.4,24.67,25.47,32.0,4.71,0.0,0,1,0,1,12.0,0.02,1.63,False,10,False,0.75,0.7,0.06,stable,0.073,1
PM-SYN-037,2026-08-19T08:55:00+08:00,15m,30,25,speeding,stale,high,rain,0.66,restricted,False,medium,5,minor,0.667,0.6,27.67,25.87,32.0,4.52,-2.0,0,1,0,1,14.0,0.207,1.67,False,0,False,0.75,0.7,0.073,increasing,0.096,1
PM-SYN-037,2026-08-19T08:57:00+08:00,15m,30,25,normal_update,delayed,high,rain,0.66,restricted,False,medium,5,minor,0.667,0.6,27.0,25.73,30.0,4.79,9.0,0,1,0,1,12.0,0.184,1.7,False,0,False,0.75,0.7,0.096,increasing,0.137,1
PM-SYN-037,2026-08-19T08:59:00+08:00,15m,21,25,normal_update,fresh,high,rain,0.66,restricted,False,medium,0,none,0.667,0.6,27.0,25.47,30.0,4.79,-9.0,0,1,0,1,12.0,0.0,1.73,False,0,False,0.75,0.7,0.137,decreasing,0.146,1
PM-SYN-037,2026-08-19T09:01:00+08:00,15m,26,25,normal_update,fresh,high,rain,0.66,restricted,False,medium,1,minor,0.667,0.6,25.67,25.93,30.0,4.03,-4.0,0,1,0,1,12.0,0.0,1.77,False,2,False,0.75,0.7,0.146,stable,0.164,1
PM-SYN-037,2026-08-19T09:03:00+08:00,15m,22,25,stale_gps,stale,high,rain,0.66,restricted,False,medium,0,none,0.333,0.6,23.0,25.2,26.0,3.82,1.0,0,0,0,0,12.0,0.0,1.8,False,0,False,0.75,0.7,0.164,decreasing,0.15,1
PM-SYN-037,2026-08-19T09:05:00+08:00,15m,17,25,normal_update,fresh,high,rain,0.66,restricted,False,medium,0,none,0.333,0.4,21.67,25.07,26.0,4.45,-9.0,0,0,0,0,10.0,0.0,1.83,False,2,False,0.75,0.7,0.15,decreasing,0.047,1
PM-SYN-037,2026-08-19T09:07:00+08:00,15m,28,25,normal_update,fresh,high,rain,0.66,restricted,False,medium,3,minor,0.333,0.4,22.33,24.6,28.0,3.87,6.0,0,0,0,0,10.0,0.073,1.87,False,0,False,0.75,0.7,0.047,increasing,0.062,1
PM-SYN-037,2026-08-19T09:09:00+08:00,15m,27,25,normal_update,delayed,high,rain,0.66,restricted,False,medium,2,minor,0.667,0.6,24.0,24.47,28.0,4.05,10.0,0,0,0,0,10.0,0.018,1.9,False,2,False,0.75,0.7,0.062,stable,0.062,1
PM-SYN-037,2026-08-19T09:11:00+08:00,15m,25,25,sharp_turn,fresh,high,rain,0.66,restricted,False,medium,0,none,0.667,0.4,26.67,24.4,28.0,3.97,-3.0,0,1,0,1,12.0,0.018,1.93,False,4,False,0.75,0.7,0.062,stable,0.091,1
PM-SYN-037,2026-08-19T09:13:00+08:00,15m,32,25,sharp_turn,fresh,high,rain,0.66,restricted,False,medium,7,minor,0.667,0.6,28.0,25.13,32.0,4.96,5.0,0,2,0,2,12.0,0.349,1.97,False,6,False,0.75,0.7,0.091,increasing,0.218,1
PM-SYN-037,2026-08-19T09:15:00+08:00,15m,23,25,sharp_turn,fresh,high,rain,0.66,restricted,False,medium,0,none,0.333,0.6,26.67,25.4,32.0,3.03,-2.0,0,3,0,3,14.0,0.022,2.0,False,8,False,0.75,0.7,0.218,stable,0.134,0
PM-SYN-037,2026-08-19T09:17:00+08:00,15m,25,25,sharp_turn,fresh,high,rain,0.66,restricted,False,medium,0,none,0.333,0.4,26.67,25.33,32.0,3.07,-7.0,0,4,0,4,16.0,0.186,2.03,False,10,False,0.75,0.7,0.134,increasing,0.142,0
PM-SYN-037,2026-08-19T09:19:00+08:00,15m,24,25,normal_update,fresh,high,rain,0.66,restricted,False,medium,0,none,0.0,0.2,24.0,25.53,25.0,3.19,1.0,0,4,0,4,16.0,0.178,2.07,False,12,False,0.75,0.7,0.142,increasing,0.231,0
PM-SYN-037,2026-08-19T09:21:00+08:00,15m,23,25,normal_update,delayed,high,rain,0.66,restricted,False,medium,0,none,0.0,0.2,24.0,24.93,25.0,3.38,-2.0,0,3,0,3,14.0,0.009,2.1,False,14,False,0.75,0.7,0.231,stable,0.135,0
PM-SYN-037,2026-08-19T09:23:00+08:00,15m,26,25,normal_update,delayed,high,rain,0.66,restricted,False,medium,1,minor,0.333,0.2,24.33,25.27,26.0,1.17,2.0,0,2,0,2,12.0,0.065,2.13,False,16,False,0.75,0.7,0.135,increasing,0.07,0
PM-SYN-037,2026-08-19T09:25:00+08:00,15m,25,25,normal_update,fresh,high,rain,0.66,restricted,False,medium,0,none,0.333,0.2,24.67,24.93,26.0,1.02,2.0,0,1,0,1,10.0,0.01,2.17,False,18,False,0.75,0.7,0.07,stable,0.038,0
PM-SYN-037,2026-08-19T09:27:00+08:00,15m,23,25,normal_update,fresh,high,rain,0.66,restricted,False,medium,0,none,0.333,0.2,24.67,24.47,26.0,1.17,-3.0,0,0,0,0,10.0,0.0,2.2,False,20,False,0.75,0.7,0.038,stable,0.043,0
PM-SYN-037,2026-08-19T09:29:00+08:00,15m,31,25,speeding,fresh,high,rain,0.66,restricted,False,medium,6,minor,0.333,0.4,26.33,25.13,31.0,2.94,6.0,0,0,0,0,12.0,0.197,2.23,False,22,False,0.75,0.7,0.043,increasing,0.043,0
PM-SYN-037,2026-08-19T09:31:00+08:00,15m,23,25,sharp_turn,fresh,high,rain,0.66,restricted,False,medium,0,none,0.333,0.4,25.67,24.93,31.0,2.94,0.0,0,1,0,1,14.0,0.037,2.27,False,24,False,0.75,0.7,0.043,stable,0.12,0
PM-SYN-037,2026-08-19T09:33:00+08:00,15m,21,25,normal_update,fresh,high,rain,0.66,restricted,False,medium,0,none,0.333,0.2,25.0,24.87,31.0,3.44,-10.0,0,1,0,1,12.0,0.0,2.3,False,26,False,0.75,0.7,0.12,decreasing,0.046,0
PM-SYN-037,2026-08-19T09:35:00+08:00,15m,33,25,normal_update,fresh,high,rain,0.66,restricted,False,medium,8,minor,0.333,0.4,25.67,25.93,33.0,4.83,10.0,0,1,0,1,12.0,0.354,2.33,False,28,False,0.75,0.7,0.046,increasing,0.154,0
PM-SYN-037,2026-08-19T09:37:00+08:00,15m,19,25,normal_update,fresh,high,rain,0.66,restricted,False,medium,0,none,0.333,0.4,24.33,25.33,33.0,5.57,-2.0,0,1,0,1,12.0,0.0,2.37,False,30,False,0.75,0.7,0.154,decreasing,0.152,0
PM-SYN-038,2026-08-19T07:22:00+08:00,15m,25,25,normal_update,delayed,high,rain,0.66,restricted,False,medium,0,none,0.0,0.2,23.67,26.73,25.0,2.79,3.0,0,1,0,1,8.0,0.0,0.5,False,999.0,False,0.75,0.7,0.267,decreasing,0.051,1
PM-SYN-038,2026-08-19T07:24:00+08:00,15m,25,25,normal_update,fresh,high,rain,0.66,restricted,False,medium,0,none,0.0,0.0,24.67,26.87,25.0,1.17,1.0,0,1,0,1,8.0,0.029,0.53,False,0,False,0.75,0.7,0.051,stable,0.037,1
PM-SYN-038,2026-08-19T07:26:00+08:00,15m,28,25,normal_update,stale,high,rain,0.66,restricted,False,medium,3,minor,0.333,0.2,26.0,26.73,28.0,1.94,3.0,0,0,0,0,6.0,0.083,0.57,False,0,True,0.75,0.7,0.037,increasing,0.07,1
PM-SYN-038,2026-08-19T07:28:00+08:00,15m,20,25,normal_update,fresh,high,rain,0.66,restricted,False,medium,0,none,0.333,0.2,24.33,26.4,28.0,2.58,-5.0,0,0,0,0,6.0,0.0,0.6,False,2,True,0.75,0.7,0.07,decreasing,0.046,1
PM-SYN-038,2026-08-19T07:30:00+08:00,15m,21,25,normal_update,delayed,high,rain,0.66,restricted,False,medium,0,none,0.333,0.2,23.0,26.07,28.0,2.93,-7.0,0,0,0,0,6.0,0.0,0.63,False,4,True,0.75,0.7,0.046,decreasing,0.062,1
PM-SYN-038,2026-08-19T07:32:00+08:00,15m,31,25,speeding,fresh,high,rain,0.66,restricted,False,medium,6,minor,0.333,0.4,24.0,25.87,31.0,4.15,11.0,0,0,0,0,6.0,0.178,0.67,False,6,True,0.75,0.7,0.062,increasing,0.098,1
PM-SYN-038,2026-08-19T07:34:00+08:00,15m,21,25,normal_update,fresh,high,rain,0.66,restricted,False,medium,0,none,0.333,0.4,24.33,25.53,31.0,4.45,0.0,0,0,0,0,6.0,0.0,0.7,False,8,True,0.75,0.7,0.098,decreasing,0.091,0
PM-SYN-038,2026-08-19T07:36:00+08:00,15m,22,25,normal_update,fresh,high,rain,0.66,restricted,False,medium,0,none,0.333,0.2,24.67,24.93,31.0,4.05,-9.0,0,0,0,0,6.0,0.0,0.73,False,10,True,0.75,0.7,0.091,decreasing,0.073,0
PM-SYN-038,2026-08-19T07:38:00+08:00,15m,20,25,normal_update,fresh,high,rain,0.66,restricted,False,medium,0,none,0.0,0.2,21.0,24.47,22.0,4.05,-1.0,0,0,0,0,6.0,0.0,0.77,False,12,True,0.75,0.7,0.073,decreasing,0.053,0
PM-SYN-038,2026-08-19T07:40:00+08:00,15m,32,25,normal_update,fresh,high,rain,0.66,restricted,False,medium,7,minor,0.333,0.4,24.67,24.67,32.0,5.19,10.0,0,0,0,0,6.0,0.227,0.8,False,14,False,0.75,0.7,0.053,increasing,0.079,0
PM-SYN-038,2026-08-19T07:42:00+08:00,15m,26,25,normal_update,fresh,high,rain,0.66,restricted,False,medium,1,minor,0.667,0.4,26.0,24.67,32.0,4.4,6.0,0,0,0,0,6.0,0.0,0.83,False,16,False,0.75,0.7,0.079,stable,0.04,0
PM-SYN-038,2026-08-19T07:44:00+08:00,15m,23,25,normal_update,fresh,high,rain,0.66,restricted,False,medium,0,none,0.667,0.4,27.0,24.2,32.0,4.18,-9.0,0,0,0,0,4.0,0.0,0.87,False,18,False,0.75,0.7,0.04,decreasing,0.043,0
PM-SYN-038,2026-08-19T07:46:00+08:00,15m,27,25,normal_update,fresh,high,rain,0.66,restricted,False,medium,2,minor,0.667,0.6,25.33,24.47,27.0,4.03,1.0,0,0,0,0,2.0,0.037,0.9,False,20,False,0.75,0.7,0.043,stable,0.081,0
PM-SYN-038,2026-08-19T07:48:00+08:00,15m,30,25,speeding,fresh,high,rain,0.66,restricted,False,medium,5,minor,0.667,0.8,26.67,25.0,30.0,3.14,7.0,0,0,0,0,4.0,0.119,0.93,False,22,False,0.75,0.7,0.081,increasing,0.114,0
PM-SYN-038,2026-08-19T07:50:00+08:00,15m,26,25,normal_update,fresh,high,rain,0.66,restricted,False,medium,1,minor,1.0,0.8,27.67,25.13,30.0,2.24,-1.0,0,0,0,0,4.0,0.0,0.97,False,24,False,0.75,0.7,0.114,decreasing,0.174,0
PM-SYN-038,2026-08-19T07:52:00+08:00,15m,21,25,normal_update,delayed,high,rain,0.66,restricted,False,medium,0,none,0.667,0.6,25.67,24.87,30.0,3.14,-9.0,0,0,0,0,4.0,0.0,1.0,False,26,False,0.75,0.7,0.174,decreasing,0.071,0
PM-SYN-038,2026-08-19T07:54:00+08:00,15m,22,25,harsh_brake,fresh,high,rain,0.66,restricted,False,medium,0,none,0.333,0.6,23.0,24.67,26.0,3.31,-4.0,1,0,1,0,6.0,0.009,1.03,False,28,False,0.75,0.7,0.071,stable,0.144,1
PM-SYN-038,2026-08-19T07:56:00+08:00,15m,18,25,sharp_turn,fresh,high,rain,0.66,restricted,False,medium,0,none,0.0,0.4,20.33,24.0,22.0,4.18,-3.0,1,1,1,1,8.0,0.016,1.07,False,0,False,0.75,0.7,0.144,stable,0.141,1
PM-SYN-038,2026-08-19T07:58:00+08:00,15m,29,25,normal_update,fresh,high,rain,0.66,restricted,False,medium,4,minor,0.333,0.4,23.0,24.6,29.0,3.87,7.0,1,1,1,1,8.0,0.179,1.1,False,2,False,0.75,0.7,0.141,increasing,0.165,1
PM-SYN-038,2026-08-19T08:00:00+08:00,15m,24,25,stale_gps,stale,high,rain,0.66,restricted,False,medium,0,none,0.333,0.2,23.67,24.8,29.0,3.66,6.0,1,1,1,1,10.0,0.0,1.13,False,4,False,0.75,0.7,0.165,stable,0.1,0
PM-SYN-038,2026-08-19T08:02:00+08:00,15m,26,25,normal_update,delayed,high,rain,0.66,restricted,False,medium,1,minor,0.667,0.4,26.33,24.47,29.0,3.71,-3.0,1,1,1,1,8.0,0.1,1.17,False,6,False,0.75,0.7,0.1,increasing,0.138,0
PM-SYN-038,2026-08-19T08:04:00+08:00,15m,24,25,normal_update,delayed,high,rain,0.66,restricted,False,medium,0,none,0.333,0.4,24.67,24.67,26.0,3.6,0.0,0,1,0,1,8.0,0.0,1.2,False,8,False,0.75,0.7,0.138,decreasing,0.136,0
PM-SYN-038,2026-08-19T08:06:00+08:00,15m,29,25,harsh_brake,fresh,high,rain,0.66,restricted,False,medium,4,minor,0.667,0.6,26.33,25.13,29.0,2.24,3.0,1,0,1,0,10.0,0.104,1.23,False,10,False,0.75,0.7,0.136,increasing,0.109,0
PM-SYN-038,2026-08-19T08:08:00+08:00,15m,21,25,normal_update,stale,high,rain,0.66,restricted,False,medium,0,none,0.333,0.4,24.67,25.2,29.0,2.64,-3.0,1,0,1,0,10.0,0.0,1.27,False,12,False,0.75,0.7,0.109,stable,0.059,0
PM-SYN-038,2026-08-19T08:10:00+08:00,15m,18,25,normal_update,fresh,high,rain,0.66,restricted,False,medium,0,none,0.333,0.4,22.67,24.27,29.0,3.83,-11.0,1,0,1,0,10.0,0.021,1.3,False,14,False,0.75,0.7,0.059,stable,0.151,1
PM-SYN-038,2026-08-19T08:12:00+08:00,15m,18,25,sharp_turn,fresh,high,rain,0.66,restricted,False,medium,0,none,0.0,0.2,19.0,23.73,21.0,4.15,-3.0,1,1,1,1,12.0,0.009,1.33,False,0,True,0.75,0.7,0.151,stable,0.176,1
PM-SYN-038,2026-08-19T08:14:00+08:00,15m,20,25,normal_update,fresh,high,rain,0.66,restricted,False,medium,0,none,0.0,0.2,18.67,23.53,20.0,4.07,2.0,1,1,1,1,12.0,0.0,1.37,False,2,True,0.75,0.7,0.176,stable,0.176,1
PM-SYN-038,2026-08-19T08:16:00+08:00,15m,18,25,normal_update,fresh,high,rain,0.66,restricted,False,medium,0,none,0.0,0.0,18.67,22.93,20.0,1.26,0.0,0,1,0,1,12.0,0.0,1.4,False,0,False,0.75,0.7,0.176,decreasing,0.028,1
PM-SYN-038,2026-08-19T08:18:00+08:00,15m,23,25,normal_update,fresh,high,rain,0.66,restricted,False,medium,0,none,0.0,0.0,20.33,22.47,23.0,1.96,3.0,0,1,0,1,10.0,0.052,1.43,False,2,False,0.75,0.7,0.028,increasing,0.078,1
PM-SYN-038,2026-08-19T08:20:00+08:00,15m,31,25,speeding,fresh,high,rain,0.66,restricted,False,medium,6,minor,0.333,0.2,24.0,22.8,31.0,4.86,13.0,0,1,0,1,12.0,0.242,1.47,False,4,False,0.75,0.7,0.078,increasing,0.127,0
PM-SYN-038,2026-08-19T08:22:00+08:00,15m,22,25,normal_update,fresh,high,rain,0.66,restricted,False,medium,0,none,0.333,0.2,25.33,22.87,31.0,4.45,-1.0,0,0,0,0,12.0,0.0,1.5,False,6,False,0.75,0.7,0.127,decreasing,0.057,0
PM-SYN-038,2026-08-19T08:24:00+08:00,15m,29,25,harsh_brake,fresh,high,rain,0.66,restricted,False,medium,4,minor,0.667,0.4,27.33,23.33,31.0,4.76,-2.0,1,0,1,0,12.0,0.183,1.53,False,8,False,0.75,0.7,0.057,increasing,0.178,0
PM-SYN-038,2026-08-19T08:26:00+08:00,15m,24,25,normal_update,fresh,high,rain,0.66,restricted,False,medium,0,none,0.333,0.4,25.0,23.73,29.0,3.54,2.0,1,0,1,0,10.0,0.0,1.57,False,10,False,0.75,0.7,0.178,decreasing,0.11,0
PM-SYN-038,2026-08-19T08:28:00+08:00,15m,21,25,normal_update,fresh,high,rain,0.66,restricted,False,medium,0,none,0.333,0.4,24.67,23.2,29.0,3.93,-8.0,1,0,1,0,10.0,0.0,1.6,False,12,False,0.75,0.7,0.11,stable,0.076,0
PM-SYN-038,2026-08-19T08:30:00+08:00,15m,32,25,normal_update,fresh,high,rain,0.66,restricted,False,medium,7,minor,0.333,0.4,25.67,23.73,32.0,4.22,8.0,1,0,1,0,8.0,0.284,1.63,False,14,False,0.75,0.7,0.076,increasing,0.121,0
PM-SYN-038,2026-08-19T08:32:00+08:00,15m,22,25,harsh_brake,fresh,high,rain,0.66,restricted,False,medium,0,none,0.333,0.4,25.0,23.47,32.0,4.22,1.0,2,0,2,0,10.0,0.039,1.67,False,16,False,0.75,0.7,0.121,stable,0.168,0
PM-SYN-038,2026-08-19T08:34:00+08:00,15m,32,25,speeding,fresh,high,rain,0.66,restricted,False,medium,7,minor,0.667,0.4,28.67,24.0,32.0,4.83,0.0,1,0,1,0,12.0,0.192,1.7,False,18,False,0.75,0.7,0.168,increasing,0.101,0
PM-SYN-038,2026-08-19T08:36:00+08:00,15m,28,25,normal_update,fresh,high,rain,0.66,restricted,False,medium,3,minor,0.667,0.6,27.33,23.93,32.0,4.73,6.0,1,0,1,0,10.0,0.099,1.73,False,20,False,0.75,0.7,0.101,increasing,0.088,0
PM-SYN-038,2026-08-19T08:38:00+08:00,15m,20,25,normal_update,fresh,high,rain,0.66,restricted,False,medium,0,none,0.667,0.6,26.67,23.87,32.0,5.0,-12.0,1,0,1,0,10.0,0.0,1.77,False,22,False,0.75,0.7,0.088,stable,0.093,1
PM-SYN-038,2026-08-19T08:40:00+08:00,15m,19,25,normal_update,fresh,high,rain,0.66,restricted,False,medium,0,none,0.333,0.4,22.33,23.93,28.0,5.0,-9.0,1,0,1,0,10.0,0.0,1.8,False,0,True,0.75,0.7,0.093,stable,0.149,1
PM-SYN-038,2026-08-19T08:42:00+08:00,15m,28,25,normal_update,fresh,high,rain,0.66,restricted,False,medium,3,minor,0.333,0.6,22.33,24.6,28.0,5.04,8.0,0,0,0,0,8.0,0.0,1.83,False,2,True,0.75,0.7,0.149,stable,0.201,0
PM-SYN-038,2026-08-19T08:44:00+08:00,15m,26,25,normal_update,fresh,high,rain,0.66,restricted,False,medium,1,minor,0.667,0.6,24.33,25.0,28.0,3.92,7.0,0,0,0,0,8.0,0.0,1.87,False,4,True,0.75,0.7,0.201,decreasing,0.157,0
PM-SYN-038,2026-08-19T08:46:00+08:00,15m,36,25,normal_update,fresh,high,rain,0.66,restricted,False,medium,11,moderate,1.0,0.6,30.0,26.2,36.0,6.14,8.0,0,0,0,0,8.0,0.283,1.9,False,6,True,0.75,0.7,0.157,increasing,0.138,0
PM-SYN-038,2026-08-19T08:48:00+08:00,15m,19,25,normal_update,fresh,high,rain,0.66,restricted,False,medium,0,none,0.667,0.6,27.0,25.93,36.0,6.34,-7.0,0,0,0,0,8.0,0.0,1.93,False,8,True,0.75,0.7,0.138,decreasing,0.134,0
PM-SYN-038,2026-08-19T08:50:00+08:00,15m,20,25,normal_update,delayed,high,rain,0.66,restricted,False,medium,0,none,0.333,0.6,25.0,25.2,36.0,6.14,-16.0,0,0,0,0,6.0,0.0,1.97,False,10,True,0.75,0.7,0.134,decreasing,0.211,0
PM-SYN-038,2026-08-19T08:52:00+08:00,15m,27,25,harsh_brake,delayed,high,rain,0.66,restricted,False,medium,2,minor,0.333,0.6,22.0,25.53,27.0,6.09,8.0,1,0,1,0,8.0,0.0,2.0,False,12,True,0.75,0.7,0.211,decreasing,0.271,0
PM-SYN-038,2026-08-19T08:54:00+08:00,15m,24,25,normal_update,fresh,high,rain,0.66,restricted,False,medium,0,none,0.333,0.4,23.67,25.2,27.0,6.11,4.0,1,0,1,0,6.0,0.0,2.03,False,14,False,0.75,0.7,0.271,decreasing,0.105,0
PM-SYN-038,2026-08-19T08:56:00+08:00,15m,22,25,normal_update,fresh,high,rain,0.66,restricted,False,medium,0,none,0.333,0.2,24.33,25.07,27.0,2.87,-5.0,1,0,1,0,6.0,0.0,2.07,False,16,False,0.75,0.7,0.105,stable,0.072,0
PM-SYN-038,2026-08-19T08:58:00+08:00,15m,29,25,normal_update,fresh,high,rain,0.66,restricted,False,medium,4,minor,0.333,0.4,25.0,25.6,29.0,3.26,5.0,1,0,1,0,6.0,0.168,2.1,False,18,False,0.75,0.7,0.072,increasing,0.143,0
PM-SYN-038,2026-08-19T09:00:00+08:00,15m,17,25,normal_update,fresh,high,rain,0.66,restricted,False,medium,0,none,0.333,0.4,22.67,24.6,29.0,4.17,-5.0,1,0,1,0,6.0,0.0,2.13,False,20,False,0.75,0.7,0.143,decreasing,0.078,0
PM-SYN-038,2026-08-19T09:02:00+08:00,15m,25,25,normal_update,fresh,high,rain,0.66,restricted,False,medium,0,none,0.333,0.2,23.67,24.8,29.0,3.93,-4.0,0,0,0,0,4.0,0.0,2.17,False,22,False,0.75,0.7,0.078,decreasing,0.031,0
PM-SYN-038,2026-08-19T09:04:00+08:00,15m,32,25,normal_update,fresh,high,rain,0.66,restricted,False,medium,7,minor,0.333,0.4,24.67,24.8,32.0,5.25,15.0,0,0,0,0,2.0,0.249,2.2,False,24,False,0.75,0.7,0.031,increasing,0.137,0
PM-SYN-038,2026-08-19T09:06:00+08:00,15m,24,25,normal_update,delayed,high,rain,0.66,restricted,False,medium,0,none,0.333,0.4,27.0,24.53,32.0,5.08,-1.0,0,0,0,0,2.0,0.0,2.23,False,26,False,0.75,0.7,0.137,decreasing,0.05,0
PM-SYN-038,2026-08-19T09:08:00+08:00,15m,23,25,normal_update,fresh,high,rain,0.66,restricted,False,medium,0,none,0.333,0.2,26.33,24.73,32.0,4.79,-9.0,0,0,0,0,2.0,0.0,2.27,False,28,False,0.75,0.7,0.05,decreasing,0.042,0
PM-SYN-038,2026-08-19T09:10:00+08:00,15m,24,25,normal_update,fresh,high,rain,0.66,restricted,False,medium,0,none,0.0,0.2,23.67,25.07,24.0,3.26,0.0,0,0,0,0,2.0,0.0,2.3,False,30,False,0.75,0.7,0.042,decreasing,0.032,0
PM-SYN-038,2026-08-19T09:12:00+08:00,15m,23,25,normal_update,delayed,high,rain,0.66,restricted,False,medium,0,none,0.0,0.2,23.33,24.73,24.0,3.43,0.0,0,0,0,0,2.0,0.0,2.33,False,32,False,0.75,0.7,0.032,stable,0.042,0
PM-SYN-038,2026-08-19T09:14:00+08:00,15m,27,25,harsh_brake,fresh,high,rain,0.66,restricted,False,medium,2,minor,0.333,0.2,24.67,24.8,27.0,1.47,3.0,1,0,1,0,4.0,0.118,2.37,False,34,False,0.75,0.7,0.042,increasing,0.059,1
PM-SYN-039,2026-08-19T07:46:00+08:00,15m,50,40,stale_gps,stale,high,rain,0.66,restricted,False,medium,10,minor,0.667,0.4,44.33,40.53,50.0,6.56,17.0,0,0,0,0,6.0,0.054,0.5,False,999.0,False,0.75,0.7,0.346,increasing,0.056,0
PM-SYN-039,2026-08-19T07:48:00+08:00,15m,43,40,normal_update,delayed,high,rain,0.66,restricted,False,medium,3,minor,1.0,0.6,47.67,41.27,50.0,6.43,-7.0,0,0,0,0,4.0,0.064,0.53,False,999.0,False,0.75,0.7,0.056,increasing,0.099,0
PM-SYN-039,2026-08-19T07:50:00+08:00,15m,46,40,speeding,fresh,high,rain,0.66,restricted,False,medium,6,minor,1.0,0.8,46.33,41.47,50.0,6.28,-4.0,0,0,0,0,6.0,0.141,0.57,False,999.0,False,0.75,0.7,0.099,increasing,0.157,0
PM-SYN-039,2026-08-19T07:52:00+08:00,15m,39,40,normal_update,stale,high,rain,0.66,restricted,False,medium,0,none,0.667,0.8,42.67,41.4,46.0,4.22,-4.0,0,0,0,0,6.0,0.0,0.6,False,999.0,False,0.75,0.7,0.157,decreasing,0.067,0
PM-SYN-039,2026-08-19T07:54:00+08:00,15m,40,40,normal_update,fresh,high,rain,0.66,restricted,False,medium,0,none,0.333,0.6,41.67,41.6,46.0,4.03,-6.0,0,0,0,0,6.0,0.0,0.63,False,999.0,False,0.75,0.7,0.067,decreasing,0.072,0
PM-SYN-039,2026-08-19T07:56:00+08:00,15m,33,40,normal_update,fresh,high,rain,0.66,restricted,False,medium,0,none,0.0,0.4,37.33,41.4,40.0,4.35,-6.0,0,0,0,0,6.0,0.0,0.67,False,999.0,False,0.75,0.7,0.072,decreasing,0.078,0
PM-SYN-039,2026-08-19T07:58:00+08:00,15m,35,40,normal_update,fresh,high,rain,0.66,restricted,False,medium,0,none,0.0,0.2,36.0,40.53,40.0,4.5,-5.0,0,0,0,0,4.0,0.0,0.7,False,999.0,False,0.75,0.7,0.078,decreasing,0.066,0
PM-SYN-039,2026-08-19T08:00:00+08:00,15m,50,40,normal_update,fresh,high,rain,0.66,restricted,False,medium,10,minor,0.333,0.2,39.33,41.4,50.0,5.89,17.0,0,0,0,0,4.0,0.334,0.73,False,999.0,False,0.75,0.7,0.066,increasing,0.084,0
PM-SYN-039,2026-08-19T08:02:00+08:00,15m,38,40,normal_update,fresh,high,rain,0.66,restricted,False,medium,0,none,0.333,0.2,41.0,41.6,50.0,5.91,3.0,0,0,0,0,4.0,0.0,0.77,False,999.0,False,0.75,0.7,0.084,decreasing,0.09,0
PM-SYN-039,2026-08-19T08:04:00+08:00,15m,48,40,sharp_turn,delayed,high,rain,0.66,restricted,False,medium,8,minor,0.667,0.4,45.33,41.47,50.0,6.91,-2.0,0,1,0,1,6.0,0.31,0.8,False,999.0,False,0.75,0.7,0.09,increasing,0.136,0
PM-SYN-039,2026-08-19T08:06:00+08:00,15m,39,40,normal_update,fresh,high,rain,0.66,restricted,False,medium,0,none,0.333,0.4,41.67,41.6,48.0,5.9,1.0,0,1,0,1,6.0,0.0,0.83,False,999.0,False,0.75,0.7,0.136,decreasing,0.124,0
PM-SYN-039,2026-08-19T08:08:00+08:00,15m,36,40,normal_update,delayed,high,rain,0.66,restricted,False,medium,0,none,0.333,0.4,41.0,41.33,48.0,5.67,-12.0,0,1,0,1,6.0,0.0,0.87,False,999.0,False,0.75,0.7,0.124,decreasing,0.088,0
PM-SYN-039,2026-08-19T08:10:00+08:00,15m,38,40,normal_update,fresh,high,rain,0.66,restricted,False,medium,0,none,0.0,0.2,37.67,41.2,39.0,4.21,-1.0,0,1,0,1,6.0,0.0,0.9,False,999.0,False,0.75,0.7,0.088,stable,0.06,0
PM-SYN-039,2026-08-19T08:12:00+08:00,15m,41,40,normal_update,fresh,high,rain,0.66,restricted,False,medium,1,minor,0.333,0.4,38.33,41.73,41.0,4.13,5.0,0,1,0,1,6.0,0.06,0.93,False,999.0,False,0.75,0.7,0.06,increasing,0.149,0
PM-SYN-039,2026-08-19T08:14:00+08:00,15m,39,40,normal_update,delayed,high,rain,0.66,restricted,False,medium,0,none,0.333,0.2,39.33,41.0,41.0,1.62,1.0,0,0,0,0,6.0,0.0,0.97,False,999.0,False,0.75,0.7,0.149,decreasing,0.029,0
PM-SYN-039,2026-08-19T08:16:00+08:00,15m,41,40,normal_update,delayed,high,rain,0.66,restricted,False,medium,1,minor,0.667,0.4,40.33,40.4,41.0,1.9,0.0,0,0,0,0,4.0,0.011,1.0,False,999.0,False,0.75,0.7,0.029,stable,0.098,0
PM-SYN-039,2026-08-19T08:18:00+08:00,15m,35,40,harsh_brake,fresh,high,rain,0.66,restricted,False,medium,0,none,0.333,0.4,38.33,39.87,41.0,2.23,-4.0,1,0,1,0,6.0,0.0,1.03,False,999.0,False,0.75,0.7,0.098,stable,0.052,0
PM-SYN-039,2026-08-19T08:20:00+08:00,15m,42,40,normal_update,fresh,high,rain,0.66,restricted,False,medium,2,minor,0.667,0.6,39.33,39.6,42.0,2.5,1.0,1,0,1,0,4.0,0.108,1.07,False,999.0,False,0.75,0.7,0.052,increasing,0.098,1
PM-SYN-039,2026-08-19T08:22:00+08:00,15m,48,40,speeding,fresh,high,rain,0.66,restricted,False,medium,8,minor,0.667,0.6,41.67,40.2,48.0,4.24,13.0,1,0,1,0,6.0,0.302,1.1,False,0,False,0.75,0.7,0.098,increasing,0.085,1
PM-SYN-039,2026-08-19T08:24:00+08:00,15m,39,40,normal_update,delayed,high,rain,0.66,restricted,False,medium,0,none,0.667,0.6,43.0,40.13,48.0,4.24,-3.0,1,0,1,0,6.0,0.0,1.13,False,2,False,0.75,0.7,0.085,stable,0.169,1
PM-SYN-039,2026-08-19T08:26:00+08:00,15m,37,40,normal_update,stale,high,rain,0.66,restricted,False,medium,0,none,0.333,0.4,41.33,40.4,48.0,4.53,-11.0,1,0,1,0,6.0,0.0,1.17,False,4,False,0.75,0.7,0.169,decreasing,0.17,1
PM-SYN-039,2026-08-19T08:28:00+08:00,15m,35,40,harsh_brake,delayed,high,rain,0.66,restricted,False,medium,0,none,0.0,0.4,37.0,40.4,39.0,4.53,-4.0,1,0,1,0,8.0,0.0,1.2,False,6,False,0.75,0.7,0.17,decreasing,0.07,1
PM-SYN-039,2026-08-19T08:30:00+08:00,15m,38,40,normal_update,fresh,high,rain,0.66,restricted,False,medium,0,none,0.0,0.2,36.67,39.6,38.0,4.5,1.0,1,0,1,0,8.0,0.01,1.23,False,8,False,0.75,0.7,0.07,stable,0.131,0
PM-SYN-039,2026-08-19T08:32:00+08:00,15m,36,40,normal_update,fresh,high,rain,0.66,restricted,False,medium,0,none,0.0,0.0,36.33,39.47,38.0,1.41,1.0,1,0,1,0,8.0,0.0,1.27,False,10,False,0.75,0.7,0.131,decreasing,0.094,0
PM-SYN-039,2026-08-19T08:34:00+08:00,15m,41,40,normal_update,fresh,high,rain,0.66,restricted,False,medium,1,minor,0.333,0.2,38.33,39.0,41.0,2.06,3.0,1,0,1,0,6.0,0.026,1.3,False,12,False,0.75,0.7,0.094,stable,0.087,0
PM-SYN-039,2026-08-19T08:36:00+08:00,15m,45,40,normal_update,fresh,high,rain,0.66,restricted,False,medium,5,minor,0.667,0.4,40.67,39.4,45.0,3.63,9.0,1,0,1,0,6.0,0.193,1.33,False,14,False,0.75,0.7,0.087,increasing,0.098,0
PM-SYN-039,2026-08-19T08:38:00+08:00,15m,39,40,normal_update,fresh,high,rain,0.66,restricted,False,medium,0,none,0.667,0.4,41.67,39.6,45.0,3.06,-2.0,0,0,0,0,6.0,0.0,1.37,False,16,False,0.75,0.7,0.098,decreasing,0.047,0
PM-SYN-039,2026-08-19T08:40:00+08:00,15m,32,40,normal_update,delayed,high,rain,0.66,restricted,False,medium,0,none,0.333,0.4,38.67,39.2,45.0,4.41,-13.0,0,0,0,0,6.0,0.0,1.4,False,18,False,0.75,0.7,0.047,decreasing,0.121,0
PM-SYN-039,2026-08-19T08:42:00+08:00,15m,37,40,harsh_brake,delayed,high,rain,0.66,restricted,False,medium,0,none,0.0,0.4,36.0,38.93,39.0,4.31,-2.0,1,0,1,0,8.0,0.0,1.43,False,20,False,0.75,0.7,0.121,decreasing,0.117,0
PM-SYN-039,2026-08-19T08:44:00+08:00,15m,39,40,normal_update,fresh,high,rain,0.66,restricted,False,medium,0,none,0.0,0.2,36.0,38.93,39.0,4.18,7.0,1,0,1,0,8.0,0.0,1.47,False,22,False,0.75,0.7,0.117,stable,0.093,0
PM-SYN-039,2026-08-19T08:46:00+08:00,15m,40,40,normal_update,fresh,high,rain,0.66,restricted,False,medium,0,none,0.0,0.0,38.67,38.87,40.0,2.87,3.0,1,0,1,0,8.0,0.0,1.5,False,24,False,0.75,0.7,0.093,stable,0.032,0
PM-SYN-039,2026-08-19T08:48:00+08:00,15m,36,40,normal_update,fresh,high,rain,0.66,restricted,False,medium,0,none,0.0,0.0,38.33,38.93,40.0,2.79,-3.0,1,0,1,0,6.0,0.048,1.53,False,26,False,0.75,0.7,0.032,increasing,0.104,0
PM-SYN-039,2026-08-19T08:50:00+08:00,15m,42,40,normal_update,fresh,high,rain,0.66,restricted,False,medium,2,minor,0.333,0.2,39.33,38.93,42.0,2.14,2.0,1,0,1,0,6.0,0.056,1.57,False,28,False,0.75,0.7,0.104,increasing,0.08,0
PM-SYN-039,2026-08-19T08:52:00+08:00,15m,37,40,normal_update,delayed,high,rain,0.66,restricted,False,medium,0,none,0.333,0.2,38.33,38.2,42.0,2.14,1.0,0,0,0,0,4.0,0.0,1.6,False,30,False,0.75,0.7,0.08,decreasing,0.033,0
PM-SYN-039,2026-08-19T08:54:00+08:00,15m,33,40,normal_update,fresh,high,rain,0.66,restricted,False,medium,0,none,0.333,0.2,37.33,37.8,42.0,3.14,-9.0,0,0,0,0,4.0,0.0,1.63,False,32,False,0.75,0.7,0.033,stable,0.04,0
PM-SYN-039,2026-08-19T08:56:00+08:00,15m,46,40,speeding,stale,high,rain,0.66,restricted,False,medium,6,minor,0.333,0.4,38.67,38.4,46.0,4.62,9.0,0,0,0,0,6.0,0.2,1.67,False,34,False,0.75,0.7,0.04,increasing,0.048,0
PM-SYN-039,2026-08-19T08:58:00+08:00,15m,39,40,normal_update,fresh,high,rain,0.66,restricted,False,medium,0,none,0.333,0.4,39.33,38.67,46.0,4.41,6.0,0,0,0,0,4.0,0.0,1.7,False,36,False,0.75,0.7,0.048,decreasing,0.098,1
PM-SYN-039,2026-08-19T09:00:00+08:00,15m,44,40,normal_update,fresh,high,rain,0.66,restricted,False,medium,4,minor,0.667,0.4,43.0,39.07,46.0,4.71,-2.0,0,0,0,0,4.0,0.062,1.73,False,0,False,0.75,0.7,0.098,increasing,0.055,1
PM-SYN-039,2026-08-19T09:02:00+08:00,15m,43,40,normal_update,fresh,high,rain,0.66,restricted,False,medium,3,minor,0.667,0.6,42.0,39.53,44.0,4.6,4.0,0,0,0,0,4.0,0.065,1.77,False,2,False,0.75,0.7,0.055,increasing,0.084,1
PM-SYN-039,2026-08-19T09:04:00+08:00,15m,33,40,normal_update,fresh,high,rain,0.66,restricted,False,medium,0,none,0.667,0.6,40.0,39.0,44.0,4.6,-11.0,0,0,0,0,4.0,0.0,1.8,False,0,True,0.75,0.7,0.084,decreasing,0.21,1
PM-SYN-039,2026-08-19T09:06:00+08:00,15m,38,40,normal_update,fresh,high,rain,0.66,restricted,False,medium,0,none,0.333,0.4,38.0,38.53,43.0,3.93,-5.0,0,0,0,0,4.0,0.0,1.83,False,2,True,0.75,0.7,0.21,decreasing,0.092,1
PM-SYN-039,2026-08-19T09:08:00+08:00,15m,46,40,speeding,fresh,high,rain,0.66,restricted,False,medium,6,minor,0.333,0.6,39.0,39.0,46.0,4.71,13.0,0,0,0,0,6.0,0.148,1.87,False,4,True,0.75,0.7,0.092,increasing,0.206,1
PM-SYN-039,2026-08-19T09:10:00+08:00,15m,37,40,normal_update,fresh,high,rain,0.66,restricted,False,medium,0,none,0.333,0.4,40.33,39.33,46.0,4.59,-1.0,0,0,0,0,6.0,0.0,1.9,False,6,True,0.75,0.7,0.206,decreasing,0.115,1
PM-SYN-039,2026-08-19T09:12:00+08:00,15m,39,40,normal_update,fresh,high,rain,0.66,restricted,False,medium,0,none,0.333,0.2,40.67,39.47,46.0,4.22,-7.0,0,0,0,0,4.0,0.0,1.93,False,8,True,0.75,0.7,0.115,decreasing,0.062,1
PM-SYN-039,2026-08-19T09:14:00+08:00,15m,41,40,normal_update,fresh,high,rain,0.66,restricted,False,medium,1,minor,0.333,0.4,39.0,39.6,41.0,3.19,4.0,0,0,0,0,4.0,0.0,1.97,False,10,True,0.75,0.7,0.062,stable,0.063,0
PM-SYN-039,2026-08-19T09:16:00+08:00,15m,36,40,normal_update,delayed,high,rain,0.66,restricted,False,medium,0,none,0.333,0.4,38.67,39.33,41.0,3.54,-3.0,0,0,0,0,4.0,0.0,2.0,False,12,True,0.75,0.7,0.063,decreasing,0.13,0
PM-SYN-039,2026-08-19T09:18:00+08:00,15m,35,40,normal_update,fresh,high,rain,0.66,restricted,False,medium,0,none,0.333,0.2,37.33,39.27,41.0,2.15,-6.0,0,0,0,0,4.0,0.0,2.03,False,14,False,0.75,0.7,0.13,decreasing,0.03,0
PM-SYN-039,2026-08-19T09:20:00+08:00,15m,42,40,stale_gps,stale,high,rain,0.66,restricted,False,medium,2,minor,0.333,0.4,37.67,39.27,42.0,2.73,6.0,0,0,0,0,6.0,0.05,2.07,False,16,False,0.75,0.7,0.03,increasing,0.043,0
PM-SYN-039,2026-08-19T09:22:00+08:00,15m,36,40,sharp_turn,fresh,high,rain,0.66,restricted,False,medium,0,none,0.333,0.4,37.67,39.2,42.0,2.9,1.0,0,1,0,1,8.0,0.037,2.1,False,18,False,0.75,0.7,0.043,stable,0.125,1
PM-SYN-039,2026-08-19T09:24:00+08:00,15m,34,40,normal_update,fresh,high,rain,0.66,restricted,False,medium,0,none,0.333,0.2,37.33,39.27,42.0,2.8,-8.0,0,1,0,1,8.0,0.0,2.13,False,0,True,0.75,0.7,0.125,decreasing,0.148,1
PM-SYN-039,2026-08-19T09:26:00+08:00,15m,42,40,normal_update,fresh,high,rain,0.66,restricted,False,medium,2,minor,0.333,0.4,37.33,39.0,42.0,3.49,6.0,0,1,0,1,6.0,0.012,2.17,False,2,True,0.75,0.7,0.148,stable,0.166,1
PM-SYN-039,2026-08-19T09:28:00+08:00,15m,41,40,harsh_brake,fresh,high,rain,0.66,restricted,False,medium,1,minor,0.667,0.6,39.0,39.13,42.0,3.35,7.0,1,1,1,1,8.0,0.034,2.2,False,4,True,0.75,0.7,0.166,stable,0.322,1
PM-SYN-039,2026-08-19T09:30:00+08:00,15m,36,40,harsh_brake,delayed,high,rain,0.66,restricted,False,medium,0,none,0.667,0.4,39.67,38.6,42.0,3.12,-6.0,2,1,2,1,10.0,0.0,2.23,False,6,True,0.75,0.7,0.322,decreasing,0.175,1
PM-SYN-039,2026-08-19T09:32:00+08:00,15m,41,40,normal_update,fresh,high,rain,0.66,restricted,False,medium,1,minor,0.667,0.6,39.33,38.47,41.0,3.19,0.0,2,0,2,0,10.0,0.025,2.27,False,8,True,0.75,0.7,0.175,stable,0.136,0
PM-SYN-039,2026-08-19T09:34:00+08:00,15m,39,40,normal_update,delayed,high,rain,0.66,restricted,False,medium,0,none,0.333,0.6,38.67,38.87,41.0,2.14,3.0,2,0,2,0,10.0,0.024,2.3,False,10,True,0.75,0.7,0.136,stable,0.14,1
PM-SYN-039,2026-08-19T09:36:00+08:00,15m,40,40,sharp_turn,fresh,high,rain,0.66,restricted,False,medium,0,none,0.333,0.4,40.0,39.0,41.0,1.85,-1.0,2,1,2,1,12.0,0.1,2.33,False,0,True,0.75,0.7,0.14,increasing,0.186,1
PM-SYN-039,2026-08-19T09:38:00+08:00,15m,42,40,harsh_brake,fresh,high,rain,0.66,restricted,False,medium,2,minor,0.333,0.4,40.33,38.73,42.0,2.06,3.0,2,1,2,1,12.0,0.134,2.37,False,2,True,0.75,0.7,0.186,increasing,0.28,1
PM-SYN-040,2026-08-19T07:28:00+08:00,15m,27,25,normal_update,fresh,high,rain,0.72,caution,False,medium,2,minor,0.667,0.4,25.33,25.87,28.0,3.97,6.0,0,0,0,0,6.0,0.0,0.5,False,999.0,False,0.75,0.35,0.243,decreasing,0.079,0
PM-SYN-040,2026-08-19T07:30:00+08:00,15m,20,25,normal_update,delayed,high,rain,0.72,caution,False,medium,0,none,0.667,0.4,25.0,25.6,28.0,3.54,-8.0,0,0,0,0,6.0,0.0,0.53,False,999.0,False,0.75,0.35,0.079,decreasing,0.042,0
PM-SYN-040,2026-08-19T07:32:00+08:00,15m,17,25,harsh_brake,fresh,high,rain,0.72,caution,False,medium,0,none,0.333,0.4,21.33,25.47,27.0,4.22,-10.0,1,0,1,0,6.0,0.038,0.57,False,999.0,False,0.75,0.35,0.042,stable,0.134,0
PM-SYN-040,2026-08-19T07:34:00+08:00,15m,29,25,normal_update,fresh,high,rain,0.72,caution,False,medium,4,minor,0.333,0.6,22.0,26.07,29.0,4.79,9.0,1,0,1,0,6.0,0.106,0.6,False,999.0,False,0.75,0.35,0.134,increasing,0.115,0
PM-SYN-040,2026-08-19T07:36:00+08:00,15m,22,25,normal_update,fresh,high,rain,0.72,caution,False,medium,0,none,0.333,0.4,22.67,26.0,29.0,4.43,5.0,1,0,1,0,6.0,0.0,0.63,False,999.0,False,0.75,0.35,0.115,stable,0.16,0
PM-SYN-040,2026-08-19T07:38:00+08:00,15m,20,25,normal_update,delayed,high,rain,0.72,caution,False,medium,0,none,0.333,0.2,23.67,24.87,29.0,4.03,-9.0,1,0,1,0,6.0,0.0,0.67,False,999.0,False,0.75,0.35,0.16,decreasing,0.086,0
PM-SYN-040,2026-08-19T07:40:00+08:00,15m,20,25,normal_update,delayed,high,rain,0.72,caution,False,medium,0,none,0.0,0.2,20.67,24.6,22.0,4.03,-2.0,1,0,1,0,6.0,0.0,0.7,False,999.0,False,0.75,0.35,0.086,stable,0.051,0
PM-SYN-040,2026-08-19T07:42:00+08:00,15m,26,25,normal_update,delayed,high,rain,0.72,caution,False,medium,1,minor,0.333,0.4,22.0,24.2,26.0,3.56,6.0,0,0,0,0,6.0,0.0,0.73,False,999.0,False,0.75,0.35,0.051,stable,0.037,0
PM-SYN-040,2026-08-19T07:44:00+08:00,15m,21,25,normal_update,fresh,high,rain,0.72,caution,False,medium,0,none,0.333,0.2,22.33,23.73,26.0,2.23,1.0,0,0,0,0,6.0,0.0,0.77,False,999.0,False,0.75,0.35,0.037,stable,0.066,0
PM-SYN-040,2026-08-19T07:46:00+08:00,15m,26,25,normal_update,fresh,high,rain,0.72,caution,False,medium,1,minor,0.667,0.4,24.33,23.4,26.0,2.8,0.0,0,0,0,0,6.0,0.0,0.8,False,999.0,False,0.75,0.35,0.066,stable,0.047,0
PM-SYN-040,2026-08-19T07:48:00+08:00,15m,39,25,speeding,fresh,high,rain,0.72,caution,False,medium,14,moderate,0.667,0.6,28.67,23.6,39.0,6.77,18.0,0,0,0,0,6.0,0.513,0.83,False,999.0,False,0.75,0.35,0.047,increasing,0.12,0
PM-SYN-040,2026-08-19T07:50:00+08:00,15m,17,25,normal_update,fresh,high,rain,0.72,caution,False,medium,0,none,0.667,0.6,27.33,23.53,39.0,7.41,-9.0,0,0,0,0,6.0,0.0,0.87,False,999.0,False,0.75,0.35,0.12,decreasing,0.076,0
PM-SYN-040,2026-08-19T07:52:00+08:00,15m,21,25,normal_update,fresh,high,rain,0.72,caution,False,medium,0,none,0.333,0.4,25.67,23.6,39.0,7.65,-18.0,0,0,0,0,6.0,0.0,0.9,False,999.0,False,0.75,0.35,0.076,decreasing,0.084,0
PM-SYN-040,2026-08-19T07:54:00+08:00,15m,26,25,normal_update,fresh,high,rain,0.72,caution,False,medium,1,minor,0.333,0.6,21.33,23.93,26.0,7.41,9.0,0,0,0,0,4.0,0.0,0.93,False,999.0,False,0.75,0.35,0.084,decreasing,0.152,0
PM-SYN-040,2026-08-19T07:56:00+08:00,15m,27,25,harsh_brake,fresh,high,rain,0.72,caution,False,medium,2,minor,0.667,0.6,24.67,23.87,27.0,7.43,6.0,1,0,1,0,6.0,0.008,0.97,False,999.0,False,0.75,0.35,0.152,stable,0.102,0
PM-SYN-040,2026-08-19T07:58:00+08:00,15m,18,25,normal_update,delayed,high,rain,0.72,caution,False,medium,0,none,0.667,0.4,23.67,23.27,27.0,4.07,-8.0,1,0,1,0,6.0,0.0,1.0,False,999.0,False,0.75,0.35,0.102,stable,0.144,1
PM-SYN-040,2026-08-19T08:00:00+08:00,15m,21,25,normal_update,delayed,high,rain,0.72,caution,False,medium,0,none,0.333,0.4,22.0,23.33,27.0,3.38,-6.0,1,0,1,0,6.0,0.0,1.03,False,0,False,0.75,0.35,0.144,decreasing,0.053,1
PM-SYN-040,2026-08-19T08:02:00+08:00,15m,32,25,speeding,fresh,high,rain,0.72,caution,False,medium,7,minor,0.333,0.6,23.67,24.33,32.0,4.87,14.0,1,0,1,0,6.0,0.307,1.07,False,2,False,0.75,0.35,0.053,increasing,0.217,1
PM-SYN-040,2026-08-19T08:04:00+08:00,15m,19,25,normal_update,fresh,high,rain,0.72,caution,False,medium,0,none,0.333,0.4,24.0,23.67,32.0,5.31,-2.0,1,0,1,0,6.0,0.0,1.1,False,4,False,0.75,0.35,0.217,decreasing,0.121,1
PM-SYN-040,2026-08-19T08:06:00+08:00,15m,25,25,normal_update,fresh,high,rain,0.72,caution,False,medium,0,none,0.333,0.2,25.33,23.87,32.0,5.1,-7.0,0,0,0,0,6.0,0.0,1.13,False,6,False,0.75,0.35,0.121,decreasing,0.034,1
PM-SYN-040,2026-08-19T08:08:00+08:00,15m,27,25,normal_update,fresh,high,rain,0.72,caution,False,medium,2,minor,0.333,0.4,23.67,24.33,27.0,4.58,8.0,0,0,0,0,6.0,0.046,1.17,False,8,False,0.75,0.35,0.034,increasing,0.093,1
PM-SYN-040,2026-08-19T08:10:00+08:00,15m,20,25,normal_update,fresh,high,rain,0.72,caution,False,medium,0,none,0.333,0.4,24.0,24.33,27.0,4.76,-5.0,0,0,0,0,6.0,0.0,1.2,False,10,False,0.75,0.35,0.093,decreasing,0.047,0
PM-SYN-040,2026-08-19T08:12:00+08:00,15m,18,25,normal_update,fresh,high,rain,0.72,caution,False,medium,0,none,0.333,0.2,21.67,23.8,27.0,3.54,-9.0,0,0,0,0,6.0,0.0,1.23,False,12,False,0.75,0.35,0.047,decreasing,0.042,0
PM-SYN-040,2026-08-19T08:14:00+08:00,15m,24,25,normal_update,stale,high,rain,0.72,caution,False,medium,0,none,0.0,0.2,20.67,24.0,24.0,3.31,4.0,0,0,0,0,6.0,0.0,1.27,False,14,False,0.75,0.35,0.042,decreasing,0.041,0
PM-SYN-040,2026-08-19T08:16:00+08:00,15m,28,25,normal_update,fresh,high,rain,0.72,caution,False,medium,3,minor,0.333,0.4,23.33,24.13,28.0,3.88,10.0,0,0,0,0,6.0,0.079,1.3,False,16,False,0.75,0.35,0.041,increasing,0.126,0
PM-SYN-040,2026-08-19T08:18:00+08:00,15m,31,25,speeding,fresh,high,rain,0.72,caution,False,medium,6,minor,0.667,0.4,27.67,23.6,31.0,4.83,7.0,0,0,0,0,6.0,0.114,1.33,False,18,False,0.75,0.35,0.126,increasing,0.064,0
PM-SYN-040,2026-08-19T08:20:00+08:00,15m,25,25,normal_update,fresh,high,rain,0.72,caution,False,medium,0,none,0.667,0.4,28.0,24.13,31.0,4.35,-3.0,0,0,0,0,6.0,0.0,1.37,False,20,False,0.75,0.35,0.064,decreasing,0.122,0
PM-SYN-040,2026-08-19T08:22:00+08:00,15m,23,25,normal_update,fresh,high,rain,0.72,caution,False,medium,0,none,0.333,0.4,26.33,24.27,31.0,2.93,-8.0,0,0,0,0,6.0,0.0,1.4,False,22,False,0.75,0.35,0.122,decreasing,0.08,0
PM-SYN-040,2026-08-19T08:24:00+08:00,15m,34,25,normal_update,delayed,high,rain,0.72,caution,False,medium,9,minor,0.333,0.6,27.33,24.8,34.0,3.97,9.0,0,0,0,0,6.0,0.28,1.43,False,24,False,0.75,0.35,0.08,increasing,0.132,0
PM-SYN-040,2026-08-19T08:26:00+08:00,15m,20,25,normal_update,fresh,high,rain,0.72,caution,False,medium,0,none,0.333,0.4,25.67,24.33,34.0,5.16,-3.0,0,0,0,0,4.0,0.0,1.47,False,26,False,0.75,0.35,0.132,decreasing,0.082,0
PM-SYN-040,2026-08-19T08:28:00+08:00,15m,26,25,normal_update,fresh,high,rain,0.72,caution,False,medium,1,minor,0.667,0.4,26.67,24.87,34.0,4.67,-8.0,0,0,0,0,4.0,0.0,1.5,False,28,False,0.75,0.35,0.082,decreasing,0.119,0
PM-SYN-040,2026-08-19T08:30:00+08:00,15m,22,25,normal_update,delayed,high,rain,0.72,caution,False,medium,0,none,0.333,0.4,22.67,24.93,26.0,4.9,2.0,0,0,0,0,4.0,0.0,1.53,False,30,False,0.75,0.35,0.119,decreasing,0.085,0
PM-SYN-040,2026-08-19T08:32:00+08:00,15m,25,25,normal_update,fresh,high,rain,0.72,caution,False,medium,0,none,0.333,0.4,24.33,24.47,26.0,4.8,-1.0,0,0,0,0,2.0,0.0,1.57,False,32,False,0.75,0.35,0.085,decreasing,0.111,0
PM-SYN-040,2026-08-19T08:34:00+08:00,15m,30,25,normal_update,stale,high,rain,0.72,caution,False,medium,5,minor,0.333,0.4,25.67,25.2,30.0,3.44,8.0,0,0,0,0,2.0,0.089,1.6,False,34,False,0.75,0.35,0.111,increasing,0.054,0
PM-SYN-040,2026-08-19T08:36:00+08:00,15m,17,25,normal_update,fresh,high,rain,0.72,caution,False,medium,0,none,0.333,0.4,24.0,24.67,30.0,4.34,-8.0,0,0,0,0,2.0,0.0,1.63,False,36,False,0.75,0.35,0.054,decreasing,0.063,0
PM-SYN-040,2026-08-19T08:38:00+08:00,15m,19,25,sharp_turn,fresh,high,rain,0.72,caution,False,medium,0,none,0.333,0.2,22.0,24.13,30.0,4.59,-11.0,0,1,0,1,4.0,0.017,1.67,False,38,False,0.75,0.35,0.063,stable,0.064,0
PM-SYN-040,2026-08-19T08:40:00+08:00,15m,27,25,normal_update,fresh,high,rain,0.72,caution,False,medium,2,minor,0.333,0.4,21.0,24.6,27.0,4.88,10.0,0,1,0,1,4.0,0.096,1.7,False,40,False,0.75,0.35,0.064,increasing,0.074,0
PM-SYN-040,2026-08-19T08:42:00+08:00,15m,19,25,normal_update,fresh,high,rain,0.72,caution,False,medium,0,none,0.333,0.4,21.67,24.67,27.0,5.12,0.0,0,1,0,1,4.0,0.006,1.73,False,42,False,0.75,0.35,0.074,stable,0.052,0
PM-SYN-040,2026-08-19T08:44:00+08:00,15m,24,25,normal_update,fresh,high,rain,0.72,caution,False,medium,0,none,0.333,0.2,23.33,24.67,27.0,3.71,-3.0,0,1,0,1,4.0,0.028,1.77,False,44,False,0.75,0.35,0.052,stable,0.097,0
PM-SYN-040,2026-08-19T08:46:00+08:00,15m,24,25,normal_update,fresh,high,rain,0.72,caution,False,medium,0,none,0.0,0.2,22.33,24.4,24.0,3.14,5.0,0,1,0,1,4.0,0.0,1.8,False,46,False,0.75,0.35,0.097,stable,0.043,0
PM-SYN-040,2026-08-19T08:48:00+08:00,15m,17,25,normal_update,delayed,high,rain,0.72,caution,False,medium,0,none,0.0,0.2,21.67,23.47,24.0,3.66,-7.0,0,0,0,0,2.0,0.0,1.83,False,48,False,0.75,0.35,0.043,decreasing,0.069,0
PM-SYN-040,2026-08-19T08:50:00+08:00,15m,26,25,normal_update,fresh,high,rain,0.72,caution,False,medium,1,minor,0.333,0.2,22.33,23.53,26.0,3.41,2.0,0,0,0,0,2.0,0.0,1.87,False,50,False,0.75,0.35,0.069,stable,0.082,1
PM-SYN-040,2026-08-19T08:52:00+08:00,15m,21,25,harsh_brake,fresh,high,rain,0.72,caution,False,medium,0,none,0.333,0.2,21.33,23.4,26.0,3.14,4.0,1,0,1,0,4.0,0.0,1.9,False,0,True,0.75,0.35,0.082,stable,0.084,1
PM-SYN-040,2026-08-19T08:54:00+08:00,15m,22,25,normal_update,fresh,high,rain,0.72,caution,False,medium,0,none,0.333,0.2,23.0,22.6,26.0,3.03,-4.0,1,0,1,0,4.0,0.0,1.93,False,2,True,0.75,0.35,0.084,stable,0.134,1
PM-SYN-040,2026-08-19T08:56:00+08:00,15m,26,25,sharp_turn,fresh,high,rain,0.72,caution,False,medium,1,minor,0.333,0.4,23.0,23.0,26.0,3.38,5.0,1,1,1,1,6.0,0.066,1.97,False,4,True,0.75,0.35,0.134,increasing,0.121,1
PM-SYN-040,2026-08-19T08:58:00+08:00,15m,22,25,stale_gps,stale,high,rain,0.72,caution,False,medium,0,none,0.333,0.4,23.33,22.73,26.0,2.15,0.0,1,1,1,1,8.0,0.039,2.0,False,6,True,0.75,0.35,0.121,stable,0.104,0
PM-SYN-040,2026-08-19T09:00:00+08:00,15m,19,25,normal_update,delayed,high,rain,0.72,caution,False,medium,0,none,0.333,0.2,22.33,22.53,26.0,2.28,-7.0,1,1,1,1,8.0,0.056,2.03,False,8,True,0.75,0.35,0.104,increasing,0.114,0
PM-SYN-040,2026-08-19T09:02:00+08:00,15m,21,25,normal_update,delayed,high,rain,0.72,caution,False,medium,0,none,0.0,0.2,20.67,22.27,22.0,2.28,-1.0,0,1,0,1,8.0,0.0,2.07,False,10,True,0.75,0.35,0.114,stable,0.075,0
PM-SYN-040,2026-08-19T09:04:00+08:00,15m,22,25,normal_update,fresh,high,rain,0.72,caution,False,medium,0,none,0.0,0.2,20.67,21.73,22.0,2.28,3.0,0,1,0,1,8.0,0.005,2.1,False,12,True,0.75,0.35,0.075,stable,0.102,1
PM-SYN-040,2026-08-19T09:06:00+08:00,15m,23,25,harsh_brake,fresh,high,rain,0.72,caution,False,medium,0,none,0.0,0.0,22.0,22.13,23.0,1.36,2.0,1,0,1,0,10.0,0.0,2.13,False,0,True,0.75,0.35,0.102,stable,0.044,1
PM-SYN-040,2026-08-19T09:08:00+08:00,15m,30,25,speeding,fresh,high,rain,0.72,caution,False,medium,5,minor,0.333,0.2,25.0,22.87,30.0,3.74,8.0,1,0,1,0,10.0,0.236,2.17,False,2,True,0.75,0.35,0.044,increasing,0.108,1
PM-SYN-040,2026-08-19T09:10:00+08:00,15m,28,25,normal_update,fresh,high,rain,0.72,caution,False,medium,3,minor,0.667,0.4,27.0,22.93,30.0,3.54,5.0,1,0,1,0,10.0,0.092,2.2,False,4,True,0.75,0.35,0.108,increasing,0.091,1
PM-SYN-040,2026-08-19T09:12:00+08:00,15m,26,25,normal_update,fresh,high,rain,0.72,caution,False,medium,1,minor,1.0,0.6,28.0,23.4,30.0,2.99,-4.0,1,0,1,0,10.0,0.029,2.23,False,6,True,0.75,0.35,0.091,stable,0.231,0
PM-SYN-040,2026-08-19T09:14:00+08:00,15m,25,25,normal_update,delayed,high,rain,0.72,caution,False,medium,0,none,0.667,0.6,26.33,23.47,28.0,2.42,-3.0,1,0,1,0,10.0,0.0,2.27,False,8,True,0.75,0.35,0.231,decreasing,0.088,0
PM-SYN-040,2026-08-19T09:16:00+08:00,15m,26,25,normal_update,fresh,high,rain,0.72,caution,False,medium,1,minor,0.667,0.8,25.67,23.6,26.0,1.79,0.0,0,0,0,0,10.0,0.0,2.3,False,10,True,0.75,0.35,0.088,decreasing,0.112,0
PM-SYN-040,2026-08-19T09:18:00+08:00,15m,34,25,speeding,fresh,high,rain,0.72,caution,False,medium,9,minor,0.667,0.8,28.33,24.73,34.0,3.25,9.0,0,0,0,0,12.0,0.248,2.33,False,12,True,0.75,0.35,0.112,increasing,0.183,0
PM-SYN-040,2026-08-19T09:20:00+08:00,15m,19,25,normal_update,fresh,high,rain,0.72,caution,False,medium,0,none,0.667,0.6,26.33,24.27,34.0,4.77,-7.0,0,0,0,0,12.0,0.0,2.37,False,14,False,0.75,0.35,0.183,decreasing,0.078,0
PM-SYN-041,2026-08-19T08:25:00+08:00,15m,21,15,normal_update,fresh,medium,clear,0.6,caution,True,low,6,minor,0.667,0.6,20.0,14.73,28.0,6.47,10.0,0,0,0,0,4.0,0.172,0.5,False,999.0,False,0.25,0.35,0.068,increasing,0.03,0
PM-SYN-041,2026-08-19T08:27:00+08:00,15m,11,15,normal_update,fresh,medium,clear,0.6,caution,True,low,0,none,0.667,0.4,20.0,14.8,28.0,6.97,-17.0,0,0,0,0,4.0,0.0,0.53,False,999.0,False,0.25,0.35,0.03,stable,0.069,0
PM-SYN-041,2026-08-19T08:29:00+08:00,15m,23,15,normal_update,fresh,medium,clear,0.6,caution,True,low,8,minor,0.667,0.6,18.33,15.8,23.0,6.76,2.0,0,0,0,0,4.0,0.251,0.57,False,999.0,False,0.25,0.35,0.069,increasing,0.035,0
PM-SYN-041,2026-08-19T08:31:00+08:00,15m,11,15,normal_update,fresh,medium,clear,0.6,caution,True,low,0,none,0.333,0.6,15.0,15.33,23.0,6.76,0.0,0,0,0,0,4.0,0.0,0.6,False,999.0,False,0.25,0.35,0.035,stable,0.065,0
PM-SYN-041,2026-08-19T08:33:00+08:00,15m,21,15,speeding,fresh,medium,clear,0.6,caution,True,low,6,minor,0.667,0.6,18.33,16.07,23.0,5.28,-2.0,0,0,0,0,6.0,0.175,0.63,False,999.0,False,0.25,0.35,0.065,increasing,0.067,0
PM-SYN-041,2026-08-19T08:35:00+08:00,15m,26,15,normal_update,delayed,medium,clear,0.6,caution,True,low,11,moderate,0.667,0.6,19.33,16.73,26.0,6.25,15.0,0,0,0,0,6.0,0.373,0.67,False,999.0,False,0.25,0.35,0.067,increasing,0.104,0
PM-SYN-041,2026-08-19T08:37:00+08:00,15m,10,15,normal_update,fresh,medium,clear,0.6,caution,True,low,0,none,0.667,0.6,19.0,16.47,26.0,6.49,-11.0,0,0,0,0,6.0,0.0,0.7,False,999.0,False,0.25,0.35,0.104,decreasing,0.045,0
PM-SYN-041,2026-08-19T08:39:00+08:00,15m,17,15,normal_update,fresh,medium,clear,0.6,caution,True,low,2,minor,0.667,0.6,17.67,16.73,26.0,6.03,-9.0,0,0,0,0,6.0,0.035,0.73,False,999.0,False,0.25,0.35,0.045,stable,0.069,0
PM-SYN-041,2026-08-19T08:41:00+08:00,15m,11,15,normal_update,fresh,medium,clear,0.6,caution,True,low,0,none,0.333,0.6,12.67,16.67,17.0,6.03,1.0,0,0,0,0,6.0,0.0,0.77,False,999.0,False,0.25,0.35,0.069,decreasing,0.053,0
PM-SYN-041,2026-08-19T08:43:00+08:00,15m,17,15,normal_update,fresh,medium,clear,0.6,caution,True,low,2,minor,0.667,0.6,15.0,16.47,17.0,5.71,0.0,0,0,0,0,4.0,0.027,0.8,False,999.0,False,0.25,0.35,0.053,stable,0.077,1
PM-SYN-041,2026-08-19T08:45:00+08:00,15m,15,15,normal_update,fresh,medium,clear,0.6,caution,True,low,0,none,0.333,0.4,14.33,16.6,17.0,2.97,4.0,0,0,0,0,4.0,0.0,0.83,False,0,False,0.25,0.35,0.077,decreasing,0.019,1
PM-SYN-041,2026-08-19T08:47:00+08:00,15m,18,15,normal_update,delayed,medium,clear,0.6,caution,True,low,3,minor,0.667,0.6,16.67,16.73,18.0,2.5,1.0,0,0,0,0,4.0,0.101,0.87,False,2,False,0.25,0.35,0.019,increasing,0.032,1
PM-SYN-041,2026-08-19T08:49:00+08:00,15m,18,15,normal_update,fresh,medium,clear,0.6,caution,True,low,3,minor,0.667,0.6,17.0,17.2,18.0,2.64,3.0,0,0,0,0,4.0,0.088,0.9,False,4,False,0.25,0.35,0.032,increasing,0.048,1
PM-SYN-041,2026-08-19T08:51:00+08:00,15m,20,15,normal_update,delayed,medium,clear,0.6,caution,True,low,5,minor,1.0,0.8,18.67,17.8,20.0,1.62,2.0,0,0,0,0,4.0,0.152,0.93,False,6,False,0.25,0.35,0.048,increasing,0.072,1
PM-SYN-041,2026-08-19T08:53:00+08:00,15m,15,15,normal_update,fresh,medium,clear,0.6,caution,True,low,0,none,0.667,0.6,17.67,16.93,20.0,1.94,-3.0,0,0,0,0,2.0,0.0,0.97,False,8,False,0.25,0.35,0.072,decreasing,0.028,1
PM-SYN-041,2026-08-19T08:55:00+08:00,15m,10,15,normal_update,fresh,medium,clear,0.6,caution,True,low,0,none,0.333,0.6,15.0,16.2,20.0,3.49,-10.0,0,0,0,0,2.0,0.0,1.0,False,10,False,0.25,0.35,0.028,stable,0.04,1
PM-SYN-041,2026-08-19T08:57:00+08:00,15m,21,15,normal_update,delayed,medium,clear,0.6,caution,True,low,6,minor,0.333,0.6,15.33,16.87,21.0,3.97,6.0,0,0,0,0,2.0,0.2,1.03,False,12,False,0.25,0.35,0.04,increasing,0.028,0
PM-SYN-041,2026-08-19T08:59:00+08:00,15m,11,15,normal_update,fresh,medium,clear,0.6,caution,True,low,0,none,0.333,0.4,14.0,16.07,21.0,4.5,1.0,0,0,0,0,2.0,0.0,1.07,False,14,False,0.25,0.35,0.028,stable,0.025,0
PM-SYN-041,2026-08-19T09:01:00+08:00,15m,9,15,normal_update,fresh,medium,clear,0.6,caution,True,low,0,none,0.333,0.2,13.67,15.93,21.0,4.4,-12.0,0,0,0,0,2.0,0.0,1.1,False,16,False,0.25,0.35,0.025,stable,0.018,0
PM-SYN-041,2026-08-19T09:03:00+08:00,15m,12,15,normal_update,fresh,medium,clear,0.6,caution,True,low,0,none,0.0,0.2,10.67,15.33,12.0,4.32,1.0,0,0,0,0,0.0,0.0,1.13,False,18,False,0.25,0.35,0.018,stable,0.017,0
PM-SYN-041,2026-08-19T09:05:00+08:00,15m,18,15,stale_gps,stale,medium,clear,0.6,caution,True,low,3,minor,0.333,0.4,13.0,14.8,18.0,4.53,9.0,0,0,0,0,2.0,0.103,1.17,False,20,False,0.25,0.35,0.017,increasing,0.061,0
PM-SYN-041,2026-08-19T09:07:00+08:00,15m,10,15,normal_update,fresh,medium,clear,0.6,caution,True,low,0,none,0.333,0.2,13.33,14.8,18.0,3.16,-2.0,0,0,0,0,2.0,0.0,1.2,False,22,False,0.25,0.35,0.061,decreasing,0.028,0
PM-SYN-041,2026-08-19T09:09:00+08:00,15m,13,15,normal_update,fresh,medium,clear,0.6,caution,True,low,0,none,0.333,0.2,13.67,14.53,18.0,3.14,-5.0,0,0,0,0,2.0,0.0,1.23,False,24,False,0.25,0.35,0.028,stable,0.015,0
PM-SYN-041,2026-08-19T09:11:00+08:00,15m,23,15,normal_update,fresh,medium,clear,0.6,caution,True,low,8,minor,0.333,0.4,15.33,15.33,23.0,4.71,13.0,0,0,0,0,2.0,0.305,1.27,False,26,False,0.25,0.35,0.015,increasing,0.043,0
PM-SYN-041,2026-08-19T09:13:00+08:00,15m,20,15,speeding,fresh,medium,clear,0.6,caution,True,low,5,minor,0.667,0.6,18.67,15.53,23.0,4.71,7.0,0,0,0,0,4.0,0.157,1.3,False,28,False,0.25,0.35,0.043,increasing,0.045,0
PM-SYN-041,2026-08-19T09:15:00+08:00,15m,19,15,sharp_turn,fresh,medium,clear,0.6,caution,True,low,4,minor,1.0,0.6,20.67,15.8,23.0,4.77,-4.0,0,1,0,1,6.0,0.195,1.33,False,30,False,0.25,0.35,0.045,increasing,0.057,0
PM-SYN-041,2026-08-19T09:17:00+08:00,15m,11,15,normal_update,delayed,medium,clear,0.6,caution,True,low,0,none,0.667,0.6,16.67,15.33,20.0,4.49,-9.0,0,1,0,1,6.0,0.023,1.37,False,32,False,0.25,0.35,0.057,stable,0.06,0
PM-SYN-041,2026-08-19T09:19:00+08:00,15m,10,15,normal_update,fresh,medium,clear,0.6,caution,True,low,0,none,0.333,0.6,13.33,14.8,19.0,5.16,-9.0,0,1,0,1,6.0,0.02,1.4,False,34,False,0.25,0.35,0.06,stable,0.09,0
PM-SYN-041,2026-08-19T09:21:00+08:00,15m,22,15,normal_update,fresh,medium,clear,0.6,caution,True,low,7,minor,0.333,0.6,14.33,14.93,22.0,4.92,11.0,0,1,0,1,6.0,0.27,1.43,False,36,False,0.25,0.35,0.09,increasing,0.056,0
PM-SYN-041,2026-08-19T09:23:00+08:00,15m,9,15,normal_update,fresh,medium,clear,0.6,caution,True,low,0,none,0.333,0.4,13.67,14.53,22.0,5.27,-1.0,0,1,0,1,6.0,0.024,1.47,False,38,False,0.25,0.35,0.056,stable,0.053,0
PM-SYN-041,2026-08-19T09:25:00+08:00,15m,27,15,normal_update,delayed,medium,clear,0.6,caution,True,low,12,moderate,0.667,0.4,19.33,15.67,27.0,7.3,5.0,0,0,0,0,6.0,0.427,1.5,False,40,False,0.25,0.35,0.053,increasing,0.071,0
PM-SYN-041,2026-08-19T09:27:00+08:00,15m,14,15,normal_update,fresh,medium,clear,0.6,caution,True,low,0,none,0.333,0.4,16.67,15.2,27.0,7.0,5.0,0,0,0,0,6.0,0.0,1.53,False,42,False,0.25,0.35,0.071,decreasing,0.022,0
PM-SYN-041,2026-08-19T09:29:00+08:00,15m,13,15,normal_update,fresh,medium,clear,0.6,caution,True,low,0,none,0.333,0.4,18.0,15.33,27.0,6.54,-14.0,0,0,0,0,6.0,0.0,1.57,False,44,False,0.25,0.35,0.022,stable,0.033,0
PM-SYN-041,2026-08-19T09:31:00+08:00,15m,16,15,stale_gps,stale,medium,clear,0.6,caution,True,low,1,minor,0.333,0.4,14.33,15.8,16.0,6.05,2.0,0,0,0,0,8.0,0.007,1.6,False,46,False,0.25,0.35,0.033,stable,0.022,0
PM-SYN-041,2026-08-19T09:33:00+08:00,15m,18,15,normal_update,fresh,medium,clear,0.6,caution,True,low,3,minor,0.667,0.6,15.67,16.2,18.0,5.0,5.0,0,0,0,0,8.0,0.098,1.63,False,48,False,0.25,0.35,0.022,increasing,0.078,0
PM-SYN-041,2026-08-19T09:35:00+08:00,15m,15,15,normal_update,fresh,medium,clear,0.6,caution,True,low,0,none,0.667,0.4,16.33,16.0,18.0,1.72,-1.0,0,0,0,0,6.0,0.0,1.67,False,50,False,0.25,0.35,0.078,decreasing,0.041,0
PM-SYN-041,2026-08-19T09:37:00+08:00,15m,11,15,normal_update,fresh,medium,clear,0.6,caution,True,low,0,none,0.333,0.4,14.67,16.07,18.0,2.42,-7.0,0,0,0,0,6.0,0.0,1.7,False,52,False,0.25,0.35,0.041,decreasing,0.02,0
PM-SYN-041,2026-08-19T09:39:00+08:00,15m,10,15,normal_update,fresh,medium,clear,0.6,caution,True,low,0,none,0.0,0.4,12.0,15.87,15.0,3.03,-5.0,0,0,0,0,6.0,0.0,1.73,False,54,False,0.25,0.35,0.02,stable,0.04,0
PM-SYN-041,2026-08-19T09:41:00+08:00,15m,11,15,normal_update,fresh,medium,clear,0.6,caution,True,low,0,none,0.0,0.2,10.67,15.07,11.0,3.03,0.0,0,0,0,0,6.0,0.0,1.77,False,56,False,0.25,0.35,0.04,decreasing,0.023,0
PM-SYN-041,2026-08-19T09:43:00+08:00,15m,21,15,normal_update,fresh,medium,clear,0.6,caution,True,low,6,minor,0.333,0.2,14.0,15.13,21.0,4.08,11.0,0,0,0,0,4.0,0.217,1.8,False,58,False,0.25,0.35,0.023,increasing,0.047,0
PM-SYN-041,2026-08-19T09:45:00+08:00,15m,13,15,normal_update,fresh,medium,clear,0.6,caution,True,low,0,none,0.333,0.2,15.0,14.73,21.0,4.02,2.0,0,0,0,0,2.0,0.0,1.83,False,60,False,0.25,0.35,0.047,decreasing,0.018,0
PM-SYN-041,2026-08-19T09:47:00+08:00,15m,21,15,normal_update,fresh,medium,clear,0.6,caution,True,low,6,minor,0.667,0.4,18.33,15.4,21.0,4.83,0.0,0,0,0,0,2.0,0.222,1.87,False,62,False,0.25,0.35,0.018,increasing,0.041,0
PM-SYN-041,2026-08-19T09:49:00+08:00,15m,11,15,normal_update,fresh,medium,clear,0.6,caution,True,low,0,none,0.333,0.4,15.0,15.47,21.0,4.63,-2.0,0,0,0,0,2.0,0.0,1.9,False,64,False,0.25,0.35,0.041,decreasing,0.034,0
PM-SYN-041,2026-08-19T09:51:00+08:00,15m,15,15,normal_update,fresh,medium,clear,0.6,caution,True,low,0,none,0.333,0.4,15.67,15.0,21.0,4.12,-6.0,0,0,0,0,2.0,0.0,1.93,False,66,False,0.25,0.35,0.034,stable,0.019,0
PM-SYN-041,2026-08-19T09:53:00+08:00,15m,12,15,normal_update,fresh,medium,clear,0.6,caution,True,low,0,none,0.0,0.2,12.67,15.2,15.0,3.56,1.0,0,0,0,0,2.0,0.0,1.97,False,68,False,0.25,0.35,0.019,stable,0.026,0
PM-SYN-041,2026-08-19T09:55:00+08:00,15m,10,15,normal_update,fresh,medium,clear,0.6,caution,True,low,0,none,0.0,0.2,12.33,14.07,15.0,3.97,-5.0,0,0,0,0,2.0,0.0,2.0,False,70,False,0.25,0.35,0.026,stable,0.021,0
PM-SYN-041,2026-08-19T09:57:00+08:00,15m,11,15,normal_update,fresh,medium,clear,0.6,caution,True,low,0,none,0.0,0.0,11.0,13.87,12.0,1.72,-1.0,0,0,0,0,2.0,0.0,2.03,False,72,False,0.25,0.35,0.021,stable,0.032,0
PM-SYN-041,2026-08-19T09:59:00+08:00,15m,22,15,speeding,fresh,medium,clear,0.6,caution,True,low,7,minor,0.333,0.2,14.33,14.47,22.0,4.34,12.0,0,0,0,0,4.0,0.248,2.07,False,74,False,0.25,0.35,0.032,increasing,0.053,1
PM-SYN-041,2026-08-19T10:01:00+08:00,15m,15,15,normal_update,fresh,medium,clear,0.6,caution,True,low,0,none,0.333,0.2,16.0,14.4,22.0,4.34,4.0,0,0,0,0,2.0,0.0,2.1,False,0,False,0.25,0.35,0.053,decreasing,0.034,1
PM-SYN-041,2026-08-19T10:03:00+08:00,15m,11,15,normal_update,fresh,medium,clear,0.6,caution,True,low,0,none,0.333,0.2,16.0,13.93,22.0,4.45,-11.0,0,0,0,0,2.0,0.0,2.13,False,2,False,0.25,0.35,0.034,stable,0.024,1
PM-SYN-041,2026-08-19T10:05:00+08:00,15m,24,15,normal_update,fresh,medium,clear,0.6,caution,True,low,9,minor,0.333,0.4,16.67,14.53,24.0,5.46,9.0,0,0,0,0,2.0,0.336,2.17,False,4,False,0.25,0.35,0.024,increasing,0.048,1
PM-SYN-041,2026-08-19T10:07:00+08:00,15m,11,15,normal_update,fresh,medium,clear,0.6,caution,True,low,0,none,0.333,0.4,15.33,14.53,24.0,5.46,0.0,0,0,0,0,2.0,0.0,2.2,False,6,False,0.25,0.35,0.048,decreasing,0.02,1
PM-SYN-041,2026-08-19T10:09:00+08:00,15m,15,15,normal_update,fresh,medium,clear,0.6,caution,True,low,0,none,0.333,0.2,16.67,14.87,24.0,4.75,-9.0,0,0,0,0,2.0,0.0,2.23,False,8,False,0.25,0.35,0.02,stable,0.022,0
PM-SYN-041,2026-08-19T10:11:00+08:00,15m,9,15,normal_update,fresh,medium,clear,0.6,caution,True,low,0,none,0.0,0.2,11.67,14.73,15.0,5.37,-2.0,0,0,0,0,2.0,0.0,2.27,False,10,False,0.25,0.35,0.022,stable,0.023,0
PM-SYN-041,2026-08-19T10:13:00+08:00,15m,14,15,normal_update,fresh,medium,clear,0.6,caution,True,low,0,none,0.0,0.2,12.67,14.27,15.0,5.16,-1.0,0,0,0,0,2.0,0.0,2.3,False,12,False,0.25,0.35,0.023,stable,0.027,0
PM-SYN-041,2026-08-19T10:15:00+08:00,15m,9,15,normal_update,fresh,medium,clear,0.6,caution,True,low,0,none,0.0,0.0,10.67,14.0,14.0,2.5,0.0,0,0,0,0,2.0,0.0,2.33,False,14,False,0.25,0.35,0.027,stable,0.024,0
PM-SYN-041,2026-08-19T10:17:00+08:00,15m,23,15,normal_update,delayed,medium,clear,0.6,caution,True,low,8,minor,0.333,0.2,15.33,14.13,23.0,5.14,9.0,0,0,0,0,2.0,0.296,2.37,False,16,False,0.25,0.35,0.024,increasing,0.032,0
PM-SYN-042,2026-08-19T06:31:00+08:00,15m,26,25,normal_update,fresh,high,rain,0.72,caution,False,medium,1,minor,0.333,0.2,24.0,24.13,26.0,1.5,4.0,1,0,1,0,8.0,0.025,0.5,True,999.0,False,0.75,0.35,0.095,stable,0.077,0
PM-SYN-042,2026-08-19T06:33:00+08:00,15m,19,25,normal_update,fresh,high,rain,0.72,caution,False,medium,0,none,0.333,0.2,23.0,24.13,26.0,2.32,-5.0,0,0,0,0,8.0,0.0,0.53,True,999.0,False,0.75,0.35,0.077,decreasing,0.07,0
PM-SYN-042,2026-08-19T06:35:00+08:00,15m,32,25,speeding,delayed,high,rain,0.72,caution,False,medium,7,minor,0.667,0.4,25.67,24.4,32.0,4.36,6.0,0,0,0,0,8.0,0.21,0.57,True,999.0,False,0.75,0.35,0.07,increasing,0.054,0
PM-SYN-042,2026-08-19T06:37:00+08:00,15m,25,25,normal_update,fresh,high,rain,0.72,caution,False,medium,0,none,0.333,0.4,25.33,24.93,32.0,4.17,6.0,0,0,0,0,8.0,0.0,0.6,True,999.0,False,0.75,0.35,0.054,decreasing,0.07,0
PM-SYN-042,2026-08-19T06:39:00+08:00,15m,19,25,normal_update,fresh,high,rain,0.72,caution,False,medium,0,none,0.333,0.4,25.33,24.73,32.0,4.87,-13.0,0,0,0,0,8.0,0.0,0.63,True,999.0,False,0.75,0.35,0.07,decreasing,0.087,0
PM-SYN-042,2026-08-19T06:41:00+08:00,15m,36,25,speeding,fresh,high,rain,0.72,caution,False,medium,11,moderate,0.333,0.4,26.67,25.6,36.0,6.85,11.0,0,0,0,0,10.0,0.353,0.67,True,999.0,False,0.75,0.35,0.087,increasing,0.088,0
PM-SYN-042,2026-08-19T06:43:00+08:00,15m,20,25,normal_update,delayed,high,rain,0.72,caution,False,medium,0,none,0.333,0.4,25.0,24.73,36.0,6.65,1.0,0,0,0,0,8.0,0.0,0.7,True,999.0,False,0.75,0.35,0.088,decreasing,0.063,0
PM-SYN-042,2026-08-19T06:45:00+08:00,15m,26,25,normal_update,fresh,high,rain,0.72,caution,False,medium,1,minor,0.667,0.4,27.33,25.27,36.0,6.05,-10.0,0,0,0,0,8.0,0.0,0.73,True,999.0,False,0.75,0.35,0.063,stable,0.06,0
PM-SYN-042,2026-08-19T06:47:00+08:00,15m,25,25,normal_update,delayed,high,rain,0.72,caution,False,medium,0,none,0.333,0.4,23.67,24.8,26.0,6.05,5.0,0,0,0,0,6.0,0.0,0.77,True,999.0,False,0.75,0.35,0.06,decreasing,0.092,0
PM-SYN-042,2026-08-19T06:49:00+08:00,15m,29,25,normal_update,fresh,high,rain,0.72,caution,False,medium,4,minor,0.667,0.6,26.67,24.8,29.0,5.27,3.0,0,0,0,0,6.0,0.068,0.8,True,999.0,False,0.75,0.35,0.092,increasing,0.141,1
PM-SYN-042,2026-08-19T06:51:00+08:00,15m,38,25,speeding,fresh,high,rain,0.72,caution,False,medium,13,moderate,0.667,0.6,30.67,25.73,38.0,5.95,13.0,0,0,0,0,8.0,0.379,0.83,True,0,False,0.75,0.35,0.141,increasing,0.217,1
PM-SYN-042,2026-08-19T06:53:00+08:00,15m,25,25,normal_update,fresh,high,rain,0.72,caution,False,medium,0,none,0.667,0.6,30.67,25.93,38.0,4.92,-4.0,0,0,0,0,6.0,0.0,0.87,True,2,False,0.75,0.35,0.217,decreasing,0.101,1
PM-SYN-042,2026-08-19T06:55:00+08:00,15m,26,25,normal_update,delayed,high,rain,0.72,caution,False,medium,1,minor,0.667,0.6,29.67,26.13,38.0,4.92,-12.0,0,0,0,0,6.0,0.0,0.9,True,4,False,0.75,0.35,0.101,decreasing,0.065,1
PM-SYN-042,2026-08-19T06:57:00+08:00,15m,29,25,normal_update,fresh,high,rain,0.72,caution,False,medium,4,minor,0.667,0.8,26.67,26.6,29.0,4.59,4.0,0,0,0,0,6.0,0.095,0.93,True,6,False,0.75,0.35,0.065,increasing,0.201,1
PM-SYN-042,2026-08-19T06:59:00+08:00,15m,22,25,stale_gps,stale,high,rain,0.72,caution,False,medium,0,none,0.667,0.6,25.67,26.47,29.0,5.48,-4.0,0,0,0,0,8.0,0.0,0.97,True,8,False,0.75,0.35,0.201,decreasing,0.093,1
PM-SYN-042,2026-08-19T07:01:00+08:00,15m,17,25,normal_update,fresh,high,rain,0.72,caution,False,medium,0,none,0.333,0.4,22.67,25.87,29.0,4.07,-12.0,0,0,0,0,8.0,0.0,1.0,False,10,False,0.75,0.35,0.093,decreasing,0.089,1
PM-SYN-042,2026-08-19T07:03:00+08:00,15m,21,25,normal_update,fresh,high,rain,0.72,caution,False,medium,0,none,0.0,0.4,20.0,26.0,22.0,4.15,-1.0,0,0,0,0,8.0,0.0,1.03,False,12,False,0.75,0.35,0.089,decreasing,0.071,0
PM-SYN-042,2026-08-19T07:05:00+08:00,15m,23,25,normal_update,fresh,high,rain,0.72,caution,False,medium,0,none,0.0,0.2,20.33,25.4,23.0,3.88,6.0,0,0,0,0,6.0,0.0,1.07,False,14,False,0.75,0.35,0.071,decreasing,0.075,0
PM-SYN-042,2026-08-19T07:07:00+08:00,15m,24,25,harsh_brake,fresh,high,rain,0.72,caution,False,medium,0,none,0.0,0.0,22.67,25.33,24.0,2.42,3.0,1,0,1,0,8.0,0.005,1.1,False,16,False,0.75,0.35,0.075,stable,0.045,0
PM-SYN-042,2026-08-19T07:09:00+08:00,15m,21,25,normal_update,fresh,high,rain,0.72,caution,False,medium,0,none,0.0,0.0,22.67,25.47,24.0,2.4,-2.0,1,0,1,0,8.0,0.035,1.13,False,18,False,0.75,0.35,0.045,stable,0.038,0
PM-SYN-042,2026-08-19T07:11:00+08:00,15m,33,25,normal_update,fresh,high,rain,0.72,caution,False,medium,8,minor,0.333,0.2,26.0,25.27,33.0,4.45,9.0,1,0,1,0,6.0,0.362,1.17,False,20,False,0.75,0.35,0.038,increasing,0.1,0
PM-SYN-042,2026-08-19T07:13:00+08:00,15m,31,25,sharp_turn,stale,high,rain,0.72,caution,False,medium,6,minor,0.667,0.4,28.33,26.0,33.0,4.72,10.0,1,1,1,1,8.0,0.3,1.2,False,22,False,0.75,0.35,0.1,increasing,0.126,0
PM-SYN-042,2026-08-19T07:15:00+08:00,15m,25,25,normal_update,fresh,high,rain,0.72,caution,False,medium,0,none,0.667,0.4,29.67,25.93,33.0,4.49,-8.0,1,1,1,1,8.0,0.034,1.23,False,24,False,0.75,0.35,0.126,stable,0.124,0
PM-SYN-042,2026-08-19T07:17:00+08:00,15m,22,25,sharp_turn,delayed,high,rain,0.72,caution,False,medium,0,none,0.333,0.4,26.0,25.73,31.0,4.8,-9.0,0,2,0,2,10.0,0.036,1.27,False,26,False,0.75,0.35,0.124,stable,0.147,0
PM-SYN-042,2026-08-19T07:19:00+08:00,15m,24,25,normal_update,fresh,high,rain,0.72,caution,False,medium,0,none,0.0,0.4,23.67,25.4,25.0,4.24,-1.0,0,2,0,2,10.0,0.013,1.3,False,28,False,0.75,0.35,0.147,stable,0.111,0
PM-SYN-042,2026-08-19T07:21:00+08:00,15m,24,25,normal_update,fresh,high,rain,0.72,caution,False,medium,0,none,0.0,0.2,23.33,24.47,24.0,3.06,2.0,0,2,0,2,8.0,0.049,1.33,False,30,False,0.75,0.35,0.111,increasing,0.123,0
PM-SYN-042,2026-08-19T07:23:00+08:00,15m,22,25,normal_update,fresh,high,rain,0.72,caution,False,medium,0,none,0.0,0.0,23.33,24.27,24.0,1.2,-2.0,0,1,0,1,8.0,0.0,1.37,False,32,False,0.75,0.35,0.123,decreasing,0.053,0
PM-SYN-042,2026-08-19T07:25:00+08:00,15m,24,25,normal_update,fresh,high,rain,0.72,caution,False,medium,0,none,0.0,0.0,23.33,24.13,24.0,0.98,0.0,0,1,0,1,8.0,0.027,1.4,False,34,False,0.75,0.35,0.053,stable,0.039,0
PM-SYN-042,2026-08-19T07:27:00+08:00,15m,24,25,sharp_turn,fresh,high,rain,0.72,caution,False,medium,0,none,0.0,0.0,23.33,23.8,24.0,0.8,2.0,0,1,0,1,10.0,0.041,1.43,False,36,False,0.75,0.35,0.039,increasing,0.027,0
PM-SYN-042,2026-08-19T07:29:00+08:00,15m,35,25,normal_update,fresh,high,rain,0.72,caution,False,medium,10,minor,0.333,0.2,27.67,24.67,35.0,4.66,11.0,0,1,0,1,8.0,0.453,1.47,False,38,False,0.75,0.35,0.027,increasing,0.061,0
PM-SYN-042,2026-08-19T07:31:00+08:00,15m,19,25,normal_update,fresh,high,rain,0.72,caution,False,medium,0,none,0.333,0.2,26.0,24.8,35.0,5.42,-5.0,0,1,0,1,8.0,0.019,1.5,False,40,False,0.75,0.35,0.061,stable,0.11,0
PM-SYN-042,2026-08-19T07:33:00+08:00,15m,26,25,normal_update,fresh,high,rain,0.72,caution,False,medium,1,minor,0.667,0.4,26.67,25.13,35.0,5.24,-9.0,0,1,0,1,8.0,0.01,1.53,False,42,False,0.75,0.35,0.11,stable,0.116,0
PM-SYN-042,2026-08-19T07:35:00+08:00,15m,20,25,normal_update,fresh,high,rain,0.72,caution,False,medium,0,none,0.333,0.4,21.67,24.93,26.0,5.71,1.0,0,1,0,1,8.0,0.0,1.57,False,44,False,0.75,0.35,0.116,stable,0.109,0
PM-SYN-042,2026-08-19T07:37:00+08:00,15m,25,25,harsh_brake,fresh,high,rain,0.72,caution,False,medium,0,none,0.333,0.4,23.67,25.0,26.0,5.69,-1.0,1,0,1,0,8.0,0.0,1.6,False,46,False,0.75,0.35,0.109,stable,0.099,0
PM-SYN-042,2026-08-19T07:39:00+08:00,15m,27,25,stale_gps,stale,high,rain,0.72,caution,False,medium,2,minor,0.333,0.4,24.0,25.4,27.0,3.26,7.0,1,0,1,0,10.0,0.061,1.63,False,48,False,0.75,0.35,0.099,increasing,0.162,0
PM-SYN-042,2026-08-19T07:41:00+08:00,15m,20,25,harsh_brake,fresh,high,rain,0.72,caution,False,medium,0,none,0.333,0.4,24.0,24.53,27.0,3.01,-5.0,2,0,2,0,12.0,0.0,1.67,False,50,False,0.75,0.35,0.162,stable,0.078,1
PM-SYN-042,2026-08-19T07:43:00+08:00,15m,31,25,normal_update,fresh,high,rain,0.72,caution,False,medium,6,minor,0.667,0.4,26.0,24.53,31.0,4.22,4.0,2,0,2,0,10.0,0.322,1.7,False,0,False,0.75,0.35,0.078,increasing,0.182,1
PM-SYN-042,2026-08-19T07:45:00+08:00,15m,31,25,normal_update,delayed,high,rain,0.72,caution,False,medium,6,minor,0.667,0.6,27.33,24.93,31.0,4.12,11.0,2,0,2,0,10.0,0.218,1.73,False,2,False,0.75,0.35,0.182,increasing,0.197,1
PM-SYN-042,2026-08-19T07:47:00+08:00,15m,20,25,normal_update,delayed,high,rain,0.72,caution,False,medium,0,none,0.667,0.6,27.33,24.8,31.0,4.96,-11.0,1,0,1,0,8.0,0.0,1.77,False,4,False,0.75,0.35,0.197,decreasing,0.089,1
PM-SYN-042,2026-08-19T07:49:00+08:00,15m,19,25,normal_update,fresh,high,rain,0.72,caution,False,medium,0,none,0.333,0.4,23.33,24.47,31.0,5.56,-12.0,1,0,1,0,8.0,0.0,1.8,False,6,False,0.75,0.35,0.089,stable,0.073,1
PM-SYN-042,2026-08-19T07:51:00+08:00,15m,23,25,normal_update,stale,high,rain,0.72,caution,False,medium,0,none,0.0,0.4,20.67,24.4,23.0,5.23,3.0,0,0,0,0,8.0,0.0,1.83,False,8,False,0.75,0.35,0.073,decreasing,0.074,1
PM-SYN-042,2026-08-19T07:53:00+08:00,15m,23,25,normal_update,fresh,high,rain,0.72,caution,False,medium,0,none,0.0,0.2,21.67,24.47,23.0,4.21,4.0,0,0,0,0,8.0,0.0,1.87,False,10,False,0.75,0.35,0.074,decreasing,0.046,1
PM-SYN-042,2026-08-19T07:55:00+08:00,15m,24,25,normal_update,fresh,high,rain,0.72,caution,False,medium,0,none,0.0,0.0,23.33,24.47,24.0,1.94,1.0,0,0,0,0,8.0,0.0,1.9,False,12,False,0.75,0.35,0.046,decreasing,0.031,1
PM-SYN-042,2026-08-19T07:57:00+08:00,15m,34,25,normal_update,fresh,high,rain,0.72,caution,False,medium,9,minor,0.333,0.2,27.0,25.13,34.0,5.0,11.0,0,0,0,0,6.0,0.329,1.93,False,14,False,0.75,0.35,0.031,increasing,0.047,0
PM-SYN-042,2026-08-19T07:59:00+08:00,15m,19,25,normal_update,fresh,high,rain,0.72,caution,False,medium,0,none,0.333,0.2,25.67,24.07,34.0,5.0,-5.0,0,0,0,0,6.0,0.0,1.97,False,16,False,0.75,0.35,0.047,decreasing,0.089,0
PM-SYN-042,2026-08-19T08:01:00+08:00,15m,17,25,normal_update,fresh,high,rain,0.72,caution,False,medium,0,none,0.333,0.2,23.33,23.93,34.0,5.89,-17.0,0,0,0,0,6.0,0.0,2.0,False,18,False,0.75,0.35,0.089,decreasing,0.047,0
PM-SYN-042,2026-08-19T08:03:00+08:00,15m,24,25,sharp_turn,fresh,high,rain,0.72,caution,False,medium,0,none,0.0,0.2,20.0,23.8,24.0,5.89,5.0,0,1,0,1,8.0,0.033,2.03,False,20,False,0.75,0.35,0.047,stable,0.072,0
PM-SYN-042,2026-08-19T08:05:00+08:00,15m,22,25,normal_update,fresh,high,rain,0.72,caution,False,medium,0,none,0.0,0.2,21.0,23.93,24.0,5.91,5.0,0,1,0,1,8.0,0.008,2.07,False,22,False,0.75,0.35,0.072,stable,0.12,0
PM-SYN-042,2026-08-19T08:07:00+08:00,15m,30,25,harsh_brake,fresh,high,rain,0.72,caution,False,medium,5,minor,0.333,0.2,25.33,24.27,30.0,4.5,6.0,1,1,1,1,8.0,0.24,2.1,False,24,False,0.75,0.35,0.12,increasing,0.098,0
PM-SYN-042,2026-08-19T08:09:00+08:00,15m,27,25,harsh_brake,fresh,high,rain,0.72,caution,False,medium,2,minor,0.667,0.4,26.33,24.27,30.0,4.43,5.0,2,1,2,1,8.0,0.222,2.13,False,26,False,0.75,0.35,0.098,increasing,0.28,1
PM-SYN-042,2026-08-19T08:11:00+08:00,15m,29,25,normal_update,fresh,high,rain,0.72,caution,False,medium,4,minor,1.0,0.6,28.67,24.87,30.0,3.01,-1.0,2,1,2,1,6.0,0.12,2.17,False,0,False,0.75,0.35,0.28,increasing,0.226,1
PM-SYN-042,2026-08-19T08:13:00+08:00,15m,24,25,normal_update,delayed,high,rain,0.72,caution,False,medium,0,none,0.667,0.6,26.67,24.4,29.0,3.01,-3.0,2,0,2,0,6.0,0.0,2.2,False,2,False,0.75,0.35,0.226,decreasing,0.197,1
PM-SYN-042,2026-08-19T08:15:00+08:00,15m,31,25,normal_update,fresh,high,rain,0.72,caution,False,medium,6,minor,0.667,0.8,28.0,24.4,31.0,2.48,2.0,2,0,2,0,6.0,0.203,2.23,False,4,False,0.75,0.35,0.197,increasing,0.284,0
PM-SYN-042,2026-08-19T08:17:00+08:00,15m,23,25,normal_update,delayed,high,rain,0.72,caution,False,medium,0,none,0.333,0.6,26.0,24.6,31.0,2.99,-1.0,1,0,1,0,6.0,0.0,2.27,False,6,False,0.75,0.35,0.284,decreasing,0.137,0
PM-SYN-042,2026-08-19T08:19:00+08:00,15m,29,25,normal_update,fresh,high,rain,0.72,caution,False,medium,4,minor,0.667,0.6,27.67,25.27,31.0,3.12,-2.0,0,0,0,0,6.0,0.023,2.3,False,8,False,0.75,0.35,0.137,stable,0.064,0
PM-SYN-042,2026-08-19T08:21:00+08:00,15m,26,25,normal_update,fresh,high,rain,0.72,caution,False,medium,1,minor,0.667,0.6,26.0,25.47,29.0,3.01,3.0,0,0,0,0,6.0,0.0,2.33,False,10,False,0.75,0.35,0.064,stable,0.081,0
PM-SYN-042,2026-08-19T08:23:00+08:00,15m,25,25,normal_update,fresh,high,rain,0.72,caution,False,medium,0,none,0.667,0.6,26.67,25.6,29.0,2.86,-4.0,0,0,0,0,6.0,0.0,2.37,False,12,False,0.75,0.35,0.081,decreasing,0.136,0
PM-SYN-043,2026-08-19T08:49:00+08:00,15m,38,25,normal_update,fresh,high,rain,0.66,restricted,False,medium,13,moderate,0.667,0.4,32.67,25.73,38.0,6.82,1.0,0,0,0,0,4.0,0.216,0.5,False,999.0,False,0.75,0.7,0.304,increasing,0.15,0
PM-SYN-043,2026-08-19T08:51:00+08:00,15m,21,25,normal_update,fresh,high,rain,0.66,restricted,False,medium,0,none,0.333,0.4,27.33,25.6,38.0,7.22,-2.0,0,0,0,0,4.0,0.0,0.53,False,999.0,False,0.75,0.7,0.15,decreasing,0.083,0
PM-SYN-043,2026-08-19T08:53:00+08:00,15m,22,25,normal_update,fresh,high,rain,0.66,restricted,False,medium,0,none,0.333,0.4,27.0,25.4,38.0,7.63,-16.0,0,0,0,0,4.0,0.0,0.57,False,999.0,False,0.75,0.7,0.083,decreasing,0.079,0
PM-SYN-043,2026-08-19T08:55:00+08:00,15m,21,25,normal_update,fresh,high,rain,0.66,restricted,False,medium,0,none,0.0,0.2,21.33,25.27,22.0,6.54,0.0,0,0,0,0,4.0,0.0,0.6,False,999.0,False,0.75,0.7,0.079,decreasing,0.034,0
PM-SYN-043,2026-08-19T08:57:00+08:00,15m,25,25,normal_update,fresh,high,rain,0.66,restricted,False,medium,0,none,0.0,0.2,22.67,25.07,25.0,6.47,3.0,0,0,0,0,2.0,0.0,0.63,False,999.0,False,0.75,0.7,0.034,stable,0.047,0
PM-SYN-043,2026-08-19T08:59:00+08:00,15m,22,25,normal_update,fresh,high,rain,0.66,restricted,False,medium,0,none,0.0,0.0,22.67,25.33,25.0,1.47,1.0,0,0,0,0,2.0,0.0,0.67,False,999.0,False,0.75,0.7,0.047,decreasing,0.029,0
PM-SYN-043,2026-08-19T09:01:00+08:00,15m,25,25,normal_update,fresh,high,rain,0.66,restricted,False,medium,0,none,0.0,0.0,24.0,25.2,25.0,1.67,0.0,0,0,0,0,2.0,0.0,0.7,False,999.0,False,0.75,0.7,0.029,stable,0.033,0
PM-SYN-043,2026-08-19T09:03:00+08:00,15m,25,25,normal_update,delayed,high,rain,0.66,restricted,False,medium,0,none,0.0,0.0,24.0,25.4,25.0,1.74,3.0,0,0,0,0,2.0,0.0,0.73,False,999.0,False,0.75,0.7,0.033,stable,0.052,0
PM-SYN-043,2026-08-19T09:05:00+08:00,15m,28,25,normal_update,fresh,high,rain,0.66,restricted,False,medium,3,minor,0.333,0.2,26.0,25.67,28.0,1.9,3.0,0,0,0,0,2.0,0.068,0.77,False,999.0,False,0.75,0.7,0.052,increasing,0.033,0
PM-SYN-043,2026-08-19T09:07:00+08:00,15m,23,25,harsh_brake,fresh,high,rain,0.66,restricted,False,medium,0,none,0.333,0.2,25.33,25.27,28.0,2.06,-2.0,1,0,1,0,4.0,0.047,0.8,False,999.0,False,0.75,0.7,0.033,increasing,0.097,0
PM-SYN-043,2026-08-19T09:09:00+08:00,15m,27,25,normal_update,fresh,high,rain,0.66,restricted,False,medium,2,minor,0.667,0.4,26.0,25.67,28.0,1.74,-1.0,1,0,1,0,4.0,0.063,0.83,False,999.0,False,0.75,0.7,0.097,increasing,0.096,0
PM-SYN-043,2026-08-19T09:11:00+08:00,15m,36,25,normal_update,fresh,high,rain,0.66,restricted,False,medium,11,moderate,0.667,0.6,28.67,26.53,36.0,4.45,13.0,1,0,1,0,4.0,0.424,0.87,False,999.0,False,0.75,0.7,0.096,increasing,0.199,0
PM-SYN-043,2026-08-19T09:13:00+08:00,15m,29,25,normal_update,fresh,high,rain,0.66,restricted,False,medium,4,minor,1.0,0.8,30.67,26.8,36.0,4.22,2.0,1,0,1,0,4.0,0.041,0.9,False,999.0,False,0.75,0.7,0.199,increasing,0.19,0
PM-SYN-043,2026-08-19T09:15:00+08:00,15m,22,25,normal_update,fresh,high,rain,0.66,restricted,False,medium,0,none,0.667,0.6,29.0,25.8,36.0,5.0,-14.0,1,0,1,0,2.0,0.0,0.93,False,999.0,False,0.75,0.7,0.19,decreasing,0.122,1
PM-SYN-043,2026-08-19T09:17:00+08:00,15m,28,25,normal_update,delayed,high,rain,0.66,restricted,False,medium,3,minor,0.667,0.8,26.33,26.13,29.0,4.5,-1.0,0,0,0,0,2.0,0.0,0.97,False,0,True,0.75,0.7,0.122,stable,0.129,1
PM-SYN-043,2026-08-19T09:19:00+08:00,15m,27,25,normal_update,fresh,high,rain,0.66,restricted,False,medium,2,minor,0.667,0.8,25.67,25.4,28.0,4.5,5.0,0,0,0,0,2.0,0.0,1.0,False,2,True,0.75,0.7,0.129,decreasing,0.096,0
PM-SYN-043,2026-08-19T09:21:00+08:00,15m,21,25,normal_update,fresh,high,rain,0.66,restricted,False,medium,0,none,0.667,0.6,25.33,25.4,28.0,3.26,-7.0,0,0,0,0,2.0,0.0,1.03,False,4,True,0.75,0.7,0.096,decreasing,0.098,0
PM-SYN-043,2026-08-19T09:23:00+08:00,15m,19,25,normal_update,fresh,high,rain,0.66,restricted,False,medium,0,none,0.333,0.4,22.33,25.2,27.0,3.5,-8.0,0,0,0,0,2.0,0.0,1.07,False,6,True,0.75,0.7,0.098,decreasing,0.099,0
PM-SYN-043,2026-08-19T09:25:00+08:00,15m,26,25,normal_update,fresh,high,rain,0.66,restricted,False,medium,1,minor,0.333,0.6,22.0,25.53,26.0,3.54,5.0,0,0,0,0,2.0,0.0,1.1,False,8,True,0.75,0.7,0.099,decreasing,0.118,0
PM-SYN-043,2026-08-19T09:27:00+08:00,15m,27,25,normal_update,fresh,high,rain,0.66,restricted,False,medium,2,minor,0.667,0.6,24.0,25.67,27.0,3.35,8.0,0,0,0,0,2.0,0.0,1.13,False,10,True,0.75,0.7,0.118,stable,0.175,0
PM-SYN-043,2026-08-19T09:29:00+08:00,15m,24,25,normal_update,fresh,high,rain,0.66,restricted,False,medium,0,none,0.667,0.4,25.67,25.8,27.0,3.01,-2.0,0,0,0,0,2.0,0.0,1.17,False,12,True,0.75,0.7,0.175,decreasing,0.1,0
PM-SYN-043,2026-08-19T09:31:00+08:00,15m,31,25,normal_update,delayed,high,rain,0.66,restricted,False,medium,6,minor,0.667,0.6,27.33,26.2,31.0,3.93,4.0,0,0,0,0,2.0,0.14,1.2,False,14,False,0.75,0.7,0.1,increasing,0.059,0
PM-SYN-043,2026-08-19T09:33:00+08:00,15m,21,25,normal_update,fresh,high,rain,0.66,restricted,False,medium,0,none,0.333,0.6,25.33,25.93,31.0,3.31,-3.0,0,0,0,0,2.0,0.0,1.23,False,16,False,0.75,0.7,0.059,decreasing,0.11,1
PM-SYN-043,2026-08-19T09:35:00+08:00,15m,26,25,normal_update,fresh,high,rain,0.66,restricted,False,medium,1,minor,0.667,0.6,26.0,25.8,31.0,3.31,-5.0,0,0,0,0,2.0,0.0,1.27,False,0,True,0.75,0.7,0.11,decreasing,0.082,1
PM-SYN-043,2026-08-19T09:37:00+08:00,15m,20,25,harsh_brake,fresh,high,rain,0.66,restricted,False,medium,0,none,0.333,0.4,22.33,25.6,26.0,3.93,-1.0,1,0,1,0,2.0,0.0,1.3,False,2,True,0.75,0.7,0.082,stable,0.104,1
PM-SYN-043,2026-08-19T09:39:00+08:00,15m,21,25,normal_update,delayed,high,rain,0.66,restricted,False,medium,0,none,0.333,0.4,22.33,25.2,26.0,4.17,-5.0,1,0,1,0,2.0,0.0,1.33,False,4,True,0.75,0.7,0.104,stable,0.148,1
PM-SYN-043,2026-08-19T09:41:00+08:00,15m,30,25,normal_update,fresh,high,rain,0.66,restricted,False,medium,5,minor,0.333,0.4,23.67,24.8,30.0,3.83,10.0,1,0,1,0,2.0,0.132,1.37,False,6,True,0.75,0.7,0.148,increasing,0.183,1
PM-SYN-043,2026-08-19T09:43:00+08:00,15m,25,25,stale_gps,stale,high,rain,0.66,restricted,False,medium,0,none,0.333,0.4,25.33,24.53,30.0,3.61,4.0,1,0,1,0,4.0,0.0,1.4,False,0,False,0.75,0.7,0.183,decreasing,0.154,1
PM-SYN-043,2026-08-19T09:45:00+08:00,15m,24,25,normal_update,fresh,high,rain,0.66,restricted,False,medium,0,none,0.333,0.2,26.33,24.67,30.0,3.52,-6.0,1,0,1,0,4.0,0.0,1.43,False,2,False,0.75,0.7,0.154,decreasing,0.045,1
PM-SYN-043,2026-08-19T09:47:00+08:00,15m,25,25,harsh_brake,fresh,high,rain,0.66,restricted,False,medium,0,none,0.0,0.2,24.67,24.47,25.0,2.9,0.0,1,0,1,0,6.0,0.035,1.47,False,4,False,0.75,0.7,0.045,stable,0.078,1
PM-SYN-043,2026-08-19T09:49:00+08:00,15m,22,25,normal_update,fresh,high,rain,0.66,restricted,False,medium,0,none,0.0,0.2,23.67,24.13,25.0,2.64,-2.0,1,0,1,0,6.0,0.002,1.5,False,6,False,0.75,0.7,0.078,stable,0.068,0
PM-SYN-043,2026-08-19T09:51:00+08:00,15m,20,25,normal_update,delayed,high,rain,0.66,restricted,False,medium,0,none,0.0,0.0,22.33,24.07,25.0,1.94,-5.0,1,0,1,0,6.0,0.012,1.53,False,8,False,0.75,0.7,0.068,stable,0.063,0
PM-SYN-043,2026-08-19T09:53:00+08:00,15m,35,25,speeding,fresh,high,rain,0.66,restricted,False,medium,10,minor,0.333,0.2,25.67,25.13,35.0,5.19,13.0,1,0,1,0,8.0,0.417,1.57,False,10,False,0.75,0.7,0.063,increasing,0.095,0
PM-SYN-043,2026-08-19T09:55:00+08:00,15m,21,25,stale_gps,stale,high,rain,0.66,restricted,False,medium,0,none,0.333,0.2,25.33,24.8,35.0,5.46,1.0,1,0,1,0,10.0,0.0,1.6,False,12,False,0.75,0.7,0.095,stable,0.057,0
PM-SYN-043,2026-08-19T09:57:00+08:00,15m,22,25,normal_update,fresh,high,rain,0.66,restricted,False,medium,0,none,0.333,0.2,26.0,24.47,35.0,5.55,-13.0,0,0,0,0,10.0,0.0,1.63,False,14,False,0.75,0.7,0.057,decreasing,0.109,0
PM-SYN-043,2026-08-19T09:59:00+08:00,15m,25,25,normal_update,fresh,high,rain,0.66,restricted,False,medium,0,none,0.0,0.2,22.67,24.53,25.0,5.46,4.0,0,0,0,0,10.0,0.0,1.67,False,16,False,0.75,0.7,0.109,decreasing,0.07,0
PM-SYN-043,2026-08-19T10:01:00+08:00,15m,23,25,normal_update,delayed,high,rain,0.66,restricted,False,medium,0,none,0.0,0.2,23.33,24.0,25.0,5.08,1.0,0,0,0,0,10.0,0.0,1.7,False,18,False,0.75,0.7,0.07,decreasing,0.096,1
PM-SYN-043,2026-08-19T10:03:00+08:00,15m,27,25,normal_update,delayed,high,rain,0.66,restricted,False,medium,2,minor,0.333,0.2,25.0,24.4,27.0,2.15,2.0,0,0,0,0,10.0,0.0,1.73,False,0,False,0.75,0.7,0.096,stable,0.053,1
PM-SYN-043,2026-08-19T10:05:00+08:00,15m,31,25,normal_update,fresh,high,rain,0.66,restricted,False,medium,6,minor,0.667,0.4,27.0,24.73,31.0,3.2,8.0,0,0,0,0,10.0,0.187,1.77,False,2,False,0.75,0.7,0.053,increasing,0.076,1
PM-SYN-043,2026-08-19T10:07:00+08:00,15m,22,25,normal_update,fresh,high,rain,0.66,restricted,False,medium,0,none,0.667,0.4,26.67,24.87,31.0,3.2,-5.0,0,0,0,0,8.0,0.0,1.8,False,4,False,0.75,0.7,0.076,decreasing,0.068,1
PM-SYN-043,2026-08-19T10:09:00+08:00,15m,25,25,normal_update,fresh,high,rain,0.66,restricted,False,medium,0,none,0.333,0.4,26.0,25.13,31.0,3.2,-6.0,0,0,0,0,8.0,0.0,1.83,False,6,False,0.75,0.7,0.068,decreasing,0.113,1
PM-SYN-043,2026-08-19T10:11:00+08:00,15m,24,25,normal_update,fresh,high,rain,0.66,restricted,False,medium,0,none,0.0,0.4,23.67,24.73,25.0,3.06,2.0,0,0,0,0,8.0,0.0,1.87,False,8,False,0.75,0.7,0.113,decreasing,0.053,1
PM-SYN-043,2026-08-19T10:13:00+08:00,15m,19,25,normal_update,fresh,high,rain,0.66,restricted,False,medium,0,none,0.0,0.2,22.67,24.33,25.0,3.97,-6.0,0,0,0,0,6.0,0.0,1.9,False,10,False,0.75,0.7,0.053,decreasing,0.083,1
PM-SYN-043,2026-08-19T10:15:00+08:00,15m,20,25,normal_update,fresh,high,rain,0.66,restricted,False,medium,0,none,0.0,0.0,21.0,24.07,24.0,2.28,-4.0,0,0,0,0,6.0,0.0,1.93,False,0,False,0.75,0.7,0.083,decreasing,0.063,1
PM-SYN-043,2026-08-19T10:17:00+08:00,15m,18,25,normal_update,delayed,high,rain,0.66,restricted,False,medium,0,none,0.0,0.0,19.0,23.6,20.0,2.79,-1.0,0,0,0,0,4.0,0.0,1.97,False,2,False,0.75,0.7,0.063,decreasing,0.038,1
PM-SYN-043,2026-08-19T10:19:00+08:00,15m,22,25,normal_update,fresh,high,rain,0.66,restricted,False,medium,0,none,0.0,0.0,20.0,23.6,22.0,2.15,2.0,0,0,0,0,4.0,0.0,2.0,False,0,False,0.75,0.7,0.038,stable,0.031,1
PM-SYN-043,2026-08-19T10:21:00+08:00,15m,23,25,normal_update,fresh,high,rain,0.66,restricted,False,medium,0,none,0.0,0.0,21.0,23.8,23.0,1.85,5.0,0,0,0,0,4.0,0.0,2.03,False,2,False,0.75,0.7,0.031,stable,0.047,1
PM-SYN-043,2026-08-19T10:23:00+08:00,15m,24,25,normal_update,fresh,high,rain,0.66,restricted,False,medium,0,none,0.0,0.0,23.0,23.07,24.0,2.15,2.0,0,0,0,0,2.0,0.0,2.07,False,4,False,0.75,0.7,0.047,decreasing,0.067,1
PM-SYN-043,2026-08-19T10:25:00+08:00,15m,25,25,normal_update,fresh,high,rain,0.66,restricted,False,medium,0,none,0.0,0.0,24.0,23.33,25.0,2.42,2.0,0,0,0,0,0.0,0.0,2.1,False,6,False,0.75,0.7,0.067,decreasing,0.028,1
PM-SYN-043,2026-08-19T10:27:00+08:00,15m,20,25,normal_update,fresh,high,rain,0.66,restricted,False,medium,0,none,0.0,0.0,23.0,23.2,25.0,1.72,-4.0,0,0,0,0,0.0,0.0,2.13,False,8,False,0.75,0.7,0.028,stable,0.036,1
PM-SYN-043,2026-08-19T10:29:00+08:00,15m,35,25,normal_update,fresh,high,rain,0.66,restricted,False,medium,10,minor,0.333,0.2,26.67,23.87,35.0,5.08,10.0,0,0,0,0,0.0,0.364,2.17,False,10,False,0.75,0.7,0.036,increasing,0.055,1
PM-SYN-043,2026-08-19T10:31:00+08:00,15m,22,25,normal_update,fresh,high,rain,0.66,restricted,False,medium,0,none,0.333,0.2,25.67,23.8,35.0,5.19,2.0,0,0,0,0,0.0,0.0,2.2,False,12,False,0.75,0.7,0.055,decreasing,0.103,1
PM-SYN-043,2026-08-19T10:33:00+08:00,15m,23,25,normal_update,fresh,high,rain,0.66,restricted,False,medium,0,none,0.333,0.2,26.67,23.53,35.0,5.25,-12.0,0,0,0,0,0.0,0.0,2.23,False,0,False,0.75,0.7,0.103,decreasing,0.033,1
PM-SYN-043,2026-08-19T10:35:00+08:00,15m,23,25,normal_update,fresh,high,rain,0.66,restricted,False,medium,0,none,0.0,0.2,22.67,23.0,23.0,5.31,1.0,0,0,0,0,0.0,0.0,2.27,False,2,False,0.75,0.7,0.033,stable,0.093,1
PM-SYN-043,2026-08-19T10:37:00+08:00,15m,34,25,speeding,fresh,high,rain,0.66,restricted,False,medium,9,minor,0.333,0.4,26.67,23.8,34.0,5.82,11.0,0,0,0,0,2.0,0.267,2.3,False,4,False,0.75,0.7,0.093,increasing,0.105,1
PM-SYN-043,2026-08-19T10:39:00+08:00,15m,19,25,normal_update,fresh,high,rain,0.66,restricted,False,medium,0,none,0.333,0.2,25.33,23.4,34.0,5.11,-4.0,0,0,0,0,2.0,0.0,2.33,False,6,False,0.75,0.7,0.105,decreasing,0.107,1
PM-SYN-043,2026-08-19T10:41:00+08:00,15m,33,25,speeding,fresh,high,rain,0.66,restricted,False,medium,8,minor,0.667,0.4,28.67,24.0,34.0,5.99,-1.0,0,0,0,0,4.0,0.213,2.37,False,8,False,0.75,0.7,0.107,increasing,0.095,1
PM-SYN-044,2026-08-19T06:39:00+08:00,15m,36,40,normal_update,fresh,medium,clear,0.6,caution,True,low,0,none,0.0,0.2,36.0,38.53,37.0,2.42,-1.0,0,1,0,1,4.0,0.0,0.5,True,999.0,False,0.25,0.35,0.146,decreasing,0.024,0
PM-SYN-044,2026-08-19T06:41:00+08:00,15m,37,40,normal_update,fresh,medium,clear,0.6,caution,True,low,0,none,0.0,0.2,36.0,38.8,37.0,2.42,2.0,0,1,0,1,4.0,0.056,0.53,True,999.0,False,0.25,0.35,0.024,increasing,0.043,0
PM-SYN-044,2026-08-19T06:43:00+08:00,15m,36,40,normal_update,delayed,medium,clear,0.6,caution,True,low,0,none,0.0,0.0,36.33,38.27,37.0,0.75,0.0,0,1,0,1,4.0,0.037,0.57,True,999.0,False,0.25,0.35,0.043,stable,0.032,0
PM-SYN-044,2026-08-19T06:45:00+08:00,15m,39,40,normal_update,fresh,medium,clear,0.6,caution,True,low,0,none,0.0,0.0,37.33,38.27,39.0,1.36,2.0,0,0,0,0,2.0,0.0,0.6,True,999.0,False,0.25,0.35,0.032,stable,0.033,0
PM-SYN-044,2026-08-19T06:47:00+08:00,15m,41,40,normal_update,fresh,medium,clear,0.6,caution,True,low,1,minor,0.333,0.2,38.67,38.33,41.0,1.94,5.0,0,0,0,0,2.0,0.007,0.63,True,999.0,False,0.25,0.35,0.033,stable,0.028,0
PM-SYN-044,2026-08-19T06:49:00+08:00,15m,40,40,normal_update,fresh,medium,clear,0.6,caution,True,low,0,none,0.333,0.2,40.0,38.4,41.0,1.85,1.0,0,0,0,0,2.0,0.0,0.67,True,999.0,False,0.25,0.35,0.028,stable,0.016,0
PM-SYN-044,2026-08-19T06:51:00+08:00,15m,33,40,normal_update,fresh,medium,clear,0.6,caution,True,low,0,none,0.333,0.2,38.0,38.27,41.0,2.93,-8.0,0,0,0,0,2.0,0.0,0.7,True,999.0,False,0.25,0.35,0.016,stable,0.021,0
PM-SYN-044,2026-08-19T06:53:00+08:00,15m,38,40,normal_update,fresh,medium,clear,0.6,caution,True,low,0,none,0.0,0.2,37.0,38.13,40.0,2.79,-2.0,0,0,0,0,2.0,0.0,0.73,True,999.0,False,0.25,0.35,0.021,stable,0.031,0
PM-SYN-044,2026-08-19T06:55:00+08:00,15m,37,40,normal_update,fresh,medium,clear,0.6,caution,True,low,0,none,0.0,0.2,36.0,37.8,38.0,2.79,4.0,0,0,0,0,2.0,0.0,0.77,True,999.0,False,0.25,0.35,0.031,stable,0.027,0
PM-SYN-044,2026-08-19T06:57:00+08:00,15m,42,40,normal_update,delayed,medium,clear,0.6,caution,True,low,2,minor,0.333,0.2,39.0,37.8,42.0,3.03,4.0,0,0,0,0,2.0,0.053,0.8,True,999.0,False,0.25,0.35,0.027,increasing,0.019,0
PM-SYN-044,2026-08-19T06:59:00+08:00,15m,33,40,normal_update,fresh,medium,clear,0.6,caution,True,low,0,none,0.333,0.2,37.33,37.6,42.0,3.38,-4.0,0,0,0,0,2.0,0.0,0.83,True,999.0,False,0.25,0.35,0.019,stable,0.045,0
PM-SYN-044,2026-08-19T07:01:00+08:00,15m,45,40,normal_update,delayed,medium,clear,0.6,caution,True,low,5,minor,0.667,0.4,40.0,38.07,45.0,4.15,3.0,0,0,0,0,2.0,0.155,0.87,False,999.0,False,0.25,0.35,0.045,increasing,0.02,0
PM-SYN-044,2026-08-19T07:03:00+08:00,15m,35,40,stale_gps,stale,medium,clear,0.6,caution,True,low,0,none,0.333,0.4,37.67,37.6,45.0,4.45,2.0,0,0,0,0,4.0,0.0,0.9,False,999.0,False,0.25,0.35,0.02,stable,0.041,0
PM-SYN-044,2026-08-19T07:05:00+08:00,15m,43,40,normal_update,fresh,medium,clear,0.6,caution,True,low,3,minor,0.667,0.6,41.0,38.0,45.0,4.72,-2.0,0,0,0,0,2.0,0.079,0.93,False,999.0,False,0.25,0.35,0.041,increasing,0.042,0
PM-SYN-044,2026-08-19T07:07:00+08:00,15m,38,40,normal_update,fresh,medium,clear,0.6,caution,True,low,0,none,0.333,0.4,38.67,38.2,43.0,4.58,3.0,0,0,0,0,2.0,0.0,0.97,False,999.0,False,0.25,0.35,0.042,decreasing,0.04,0
PM-SYN-044,2026-08-19T07:09:00+08:00,15m,37,40,normal_update,delayed,medium,clear,0.6,caution,True,low,0,none,0.333,0.4,39.33,38.27,43.0,3.77,-6.0,0,0,0,0,2.0,0.0,1.0,False,999.0,False,0.25,0.35,0.04,decreasing,0.027,0
PM-SYN-044,2026-08-19T07:11:00+08:00,15m,40,40,normal_update,fresh,medium,clear,0.6,caution,True,low,0,none,0.0,0.2,38.33,38.47,40.0,2.73,2.0,0,0,0,0,2.0,0.0,1.03,False,999.0,False,0.25,0.35,0.027,stable,0.037,0
PM-SYN-044,2026-08-19T07:13:00+08:00,15m,41,40,normal_update,fresh,medium,clear,0.6,caution,True,low,1,minor,0.333,0.4,39.33,38.8,41.0,2.14,4.0,0,0,0,0,2.0,0.003,1.07,False,999.0,False,0.25,0.35,0.037,stable,0.017,0
PM-SYN-044,2026-08-19T07:15:00+08:00,15m,41,40,normal_update,delayed,medium,clear,0.6,caution,True,low,1,minor,0.667,0.4,40.67,38.93,41.0,1.62,1.0,0,0,0,0,2.0,0.023,1.1,False,999.0,False,0.25,0.35,0.017,stable,0.048,0
PM-SYN-044,2026-08-19T07:17:00+08:00,15m,39,40,normal_update,fresh,medium,clear,0.6,caution,True,low,0,none,0.667,0.4,40.33,38.8,41.0,1.5,-2.0,0,0,0,0,2.0,0.0,1.13,False,999.0,False,0.25,0.35,0.048,decreasing,0.03,0
PM-SYN-044,2026-08-19T07:19:00+08:00,15m,34,40,normal_update,fresh,medium,clear,0.6,caution,True,low,0,none,0.333,0.4,38.0,38.4,41.0,2.61,-7.0,0,0,0,0,2.0,0.0,1.17,False,999.0,False,0.25,0.35,0.03,stable,0.022,0
PM-SYN-044,2026-08-19T07:21:00+08:00,15m,37,40,normal_update,fresh,medium,clear,0.6,caution,True,low,0,none,0.0,0.4,36.67,38.67,39.0,2.65,-2.0,0,0,0,0,2.0,0.0,1.2,False,999.0,False,0.25,0.35,0.022,stable,0.026,1
PM-SYN-044,2026-08-19T07:23:00+08:00,15m,37,40,normal_update,fresh,medium,clear,0.6,caution,True,low,0,none,0.0,0.2,36.0,38.6,37.0,2.33,3.0,0,0,0,0,2.0,0.0,1.23,False,0,True,0.25,0.35,0.026,stable,0.041,1
PM-SYN-044,2026-08-19T07:25:00+08:00,15m,32,40,normal_update,fresh,medium,clear,0.6,caution,True,low,0,none,0.0,0.0,35.33,38.27,37.0,2.48,-5.0,0,0,0,0,2.0,0.0,1.27,False,2,True,0.25,0.35,0.041,decreasing,0.029,0
PM-SYN-044,2026-08-19T07:27:00+08:00,15m,37,40,normal_update,fresh,medium,clear,0.6,caution,True,low,0,none,0.0,0.0,35.33,37.93,37.0,2.06,0.0,0,0,0,0,2.0,0.0,1.3,False,4,True,0.25,0.35,0.029,stable,0.046,0
PM-SYN-044,2026-08-19T07:29:00+08:00,15m,44,40,normal_update,fresh,medium,clear,0.6,caution,True,low,4,minor,0.333,0.2,37.67,38.67,44.0,3.83,12.0,0,0,0,0,2.0,0.114,1.33,False,6,True,0.25,0.35,0.046,increasing,0.052,0
PM-SYN-044,2026-08-19T07:31:00+08:00,15m,49,40,normal_update,fresh,medium,clear,0.6,caution,True,low,9,minor,0.667,0.4,43.33,38.93,49.0,5.98,12.0,0,0,0,0,2.0,0.308,1.37,False,8,True,0.25,0.35,0.052,increasing,0.047,0
PM-SYN-044,2026-08-19T07:33:00+08:00,15m,46,40,speeding,fresh,medium,clear,0.6,caution,True,low,6,minor,1.0,0.6,46.33,39.67,49.0,6.22,2.0,0,0,0,0,2.0,0.193,1.4,False,10,True,0.25,0.35,0.047,increasing,0.1,0
PM-SYN-044,2026-08-19T07:35:00+08:00,15m,37,40,normal_update,delayed,medium,clear,0.6,caution,True,low,0,none,0.667,0.6,44.0,39.27,49.0,4.84,-12.0,0,0,0,0,2.0,0.0,1.43,False,12,True,0.25,0.35,0.1,decreasing,0.051,0
PM-SYN-044,2026-08-19T07:37:00+08:00,15m,36,40,normal_update,fresh,medium,clear,0.6,caution,True,low,0,none,0.333,0.6,39.67,39.13,46.0,5.08,-10.0,0,0,0,0,2.0,0.0,1.47,False,14,False,0.25,0.35,0.051,decreasing,0.028,0
PM-SYN-044,2026-08-19T07:39:00+08:00,15m,35,40,normal_update,fresh,medium,clear,0.6,caution,True,low,0,none,0.0,0.4,36.0,39.0,37.0,5.75,-2.0,0,0,0,0,2.0,0.0,1.5,False,16,False,0.25,0.35,0.028,stable,0.058,0
PM-SYN-044,2026-08-19T07:41:00+08:00,15m,35,40,normal_update,fresh,medium,clear,0.6,caution,True,low,0,none,0.0,0.2,35.33,38.67,36.0,4.17,-1.0,0,0,0,0,2.0,0.0,1.53,False,18,False,0.25,0.35,0.058,decreasing,0.037,0
PM-SYN-044,2026-08-19T07:43:00+08:00,15m,39,40,normal_update,fresh,medium,clear,0.6,caution,True,low,0,none,0.0,0.0,36.33,38.53,39.0,1.5,4.0,0,0,0,0,2.0,0.0,1.57,False,20,False,0.25,0.35,0.037,stable,0.018,0
PM-SYN-044,2026-08-19T07:45:00+08:00,15m,33,40,normal_update,fresh,medium,clear,0.6,caution,True,low,0,none,0.0,0.0,35.67,38.0,39.0,1.96,-2.0,0,0,0,0,2.0,0.0,1.6,False,22,False,0.25,0.35,0.018,stable,0.013,0
PM-SYN-044,2026-08-19T07:47:00+08:00,15m,42,40,normal_update,fresh,medium,clear,0.6,caution,True,low,2,minor,0.333,0.2,38.0,38.2,42.0,3.25,3.0,0,0,0,0,2.0,0.067,1.63,False,24,False,0.25,0.35,0.013,increasing,0.024,0
PM-SYN-044,2026-08-19T07:49:00+08:00,15m,41,40,normal_update,stale,medium,clear,0.6,caution,True,low,1,minor,0.667,0.4,38.67,38.67,42.0,3.46,8.0,0,0,0,0,2.0,0.016,1.67,False,26,False,0.25,0.35,0.024,stable,0.019,0
PM-SYN-044,2026-08-19T07:51:00+08:00,15m,38,40,normal_update,fresh,medium,clear,0.6,caution,True,low,0,none,0.667,0.4,40.33,38.73,42.0,3.14,-4.0,0,0,0,0,2.0,0.0,1.7,False,28,False,0.25,0.35,0.019,stable,0.022,0
PM-SYN-044,2026-08-19T07:53:00+08:00,15m,36,40,normal_update,delayed,medium,clear,0.6,caution,True,low,0,none,0.333,0.4,38.33,38.67,41.0,3.29,-5.0,0,0,0,0,2.0,0.0,1.73,False,30,False,0.25,0.35,0.022,stable,0.018,0
PM-SYN-044,2026-08-19T07:55:00+08:00,15m,38,40,normal_update,fresh,medium,clear,0.6,caution,True,low,0,none,0.0,0.4,37.33,39.07,38.0,2.19,0.0,0,0,0,0,2.0,0.0,1.77,False,32,False,0.25,0.35,0.018,stable,0.019,0
PM-SYN-044,2026-08-19T07:57:00+08:00,15m,38,40,normal_update,stale,medium,clear,0.6,caution,True,low,0,none,0.0,0.2,37.33,39.13,38.0,1.6,2.0,0,0,0,0,2.0,0.0,1.8,False,34,False,0.25,0.35,0.019,stable,0.021,0
PM-SYN-044,2026-08-19T07:59:00+08:00,15m,41,40,normal_update,fresh,medium,clear,0.6,caution,True,low,1,minor,0.333,0.2,39.0,38.93,41.0,1.6,3.0,0,0,0,0,2.0,0.019,1.83,False,36,False,0.25,0.35,0.021,stable,0.021,0
PM-SYN-044,2026-08-19T08:01:00+08:00,15m,36,40,sharp_turn,fresh,medium,clear,0.6,caution,True,low,0,none,0.333,0.2,38.33,38.07,41.0,1.83,-2.0,0,1,0,1,4.0,0.059,1.87,False,38,False,0.25,0.35,0.021,increasing,0.057,0
PM-SYN-044,2026-08-19T08:03:00+08:00,15m,48,40,normal_update,fresh,medium,clear,0.6,caution,True,low,8,minor,0.667,0.4,41.67,38.2,48.0,4.21,7.0,0,1,0,1,2.0,0.343,1.9,False,40,False,0.25,0.35,0.057,increasing,0.078,1
PM-SYN-044,2026-08-19T08:05:00+08:00,15m,36,40,normal_update,fresh,medium,clear,0.6,caution,True,low,0,none,0.333,0.4,40.0,38.13,48.0,4.49,0.0,0,1,0,1,2.0,0.002,1.93,False,0,False,0.25,0.35,0.078,stable,0.077,1
PM-SYN-044,2026-08-19T08:07:00+08:00,15m,38,40,normal_update,fresh,medium,clear,0.6,caution,True,low,0,none,0.333,0.4,40.67,38.27,48.0,4.49,-10.0,0,1,0,1,2.0,0.003,1.97,False,2,False,0.25,0.35,0.077,stable,0.04,1
PM-SYN-044,2026-08-19T08:09:00+08:00,15m,35,40,normal_update,fresh,medium,clear,0.6,caution,True,low,0,none,0.0,0.2,36.33,38.27,38.0,4.8,-1.0,0,1,0,1,2.0,0.04,2.0,False,4,False,0.25,0.35,0.04,increasing,0.031,1
PM-SYN-044,2026-08-19T08:11:00+08:00,15m,38,40,normal_update,fresh,medium,clear,0.6,caution,True,low,0,none,0.0,0.2,37.0,38.47,38.0,4.65,0.0,0,0,0,0,2.0,0.0,2.03,False,6,False,0.25,0.35,0.031,stable,0.036,1
PM-SYN-044,2026-08-19T08:13:00+08:00,15m,34,40,sharp_turn,fresh,medium,clear,0.6,caution,True,low,0,none,0.0,0.0,35.67,38.13,38.0,1.6,-1.0,0,1,0,1,4.0,0.044,2.07,False,8,False,0.25,0.35,0.036,increasing,0.02,1
PM-SYN-044,2026-08-19T08:15:00+08:00,15m,37,40,sharp_turn,fresh,medium,clear,0.6,caution,True,low,0,none,0.0,0.0,36.33,38.4,38.0,1.62,-1.0,0,2,0,2,6.0,0.14,2.1,False,10,False,0.25,0.35,0.02,increasing,0.038,0
PM-SYN-044,2026-08-19T08:17:00+08:00,15m,40,40,normal_update,fresh,medium,clear,0.6,caution,True,low,0,none,0.0,0.0,37.0,38.27,40.0,2.14,6.0,0,2,0,2,6.0,0.122,2.13,False,12,False,0.25,0.35,0.038,increasing,0.035,0
PM-SYN-044,2026-08-19T08:19:00+08:00,15m,39,40,normal_update,fresh,medium,clear,0.6,caution,True,low,0,none,0.0,0.0,38.67,38.13,40.0,2.06,2.0,0,2,0,2,6.0,0.125,2.17,False,14,False,0.25,0.35,0.035,increasing,0.031,0
PM-SYN-044,2026-08-19T08:21:00+08:00,15m,33,40,normal_update,fresh,medium,clear,0.6,caution,True,low,0,none,0.0,0.0,37.33,37.8,40.0,2.73,-7.0,0,2,0,2,6.0,0.129,2.2,False,16,False,0.25,0.35,0.031,increasing,0.019,0
PM-SYN-044,2026-08-19T08:23:00+08:00,15m,32,40,normal_update,fresh,medium,clear,0.6,caution,True,low,0,none,0.0,0.0,34.67,37.53,39.0,3.19,-7.0,0,1,0,1,6.0,0.061,2.23,False,18,False,0.25,0.35,0.019,increasing,0.041,0
PM-SYN-044,2026-08-19T08:25:00+08:00,15m,34,40,normal_update,fresh,medium,clear,0.6,caution,True,low,0,none,0.0,0.0,33.0,37.27,34.0,3.26,1.0,0,0,0,0,6.0,0.0,2.27,False,20,False,0.25,0.35,0.041,decreasing,0.016,0
PM-SYN-044,2026-08-19T08:27:00+08:00,15m,40,40,normal_update,fresh,medium,clear,0.6,caution,True,low,0,none,0.0,0.0,35.33,37.4,40.0,3.26,8.0,0,0,0,0,6.0,0.0,2.3,False,22,False,0.25,0.35,0.016,stable,0.022,0
PM-SYN-044,2026-08-19T08:29:00+08:00,15m,41,40,normal_update,delayed,medium,clear,0.6,caution,True,low,1,minor,0.333,0.2,38.33,37.4,41.0,3.74,7.0,0,0,0,0,6.0,0.018,2.33,False,24,False,0.25,0.35,0.022,stable,0.034,0
PM-SYN-044,2026-08-19T08:31:00+08:00,15m,39,40,normal_update,fresh,medium,clear,0.6,caution,True,low,0,none,0.333,0.2,40.0,37.6,41.0,3.54,-1.0,0,0,0,0,4.0,0.0,2.37,False,26,False,0.25,0.35,0.034,stable,0.043,0
PM-SYN-045,2026-08-19T07:49:00+08:00,15m,38,40,normal_update,fresh,high,rain,0.66,restricted,False,medium,0,none,0.333,0.6,38.0,40.13,43.0,6.11,-5.0,1,0,1,0,4.0,0.0,0.5,False,999.0,False,0.75,0.7,0.328,decreasing,0.188,0
PM-SYN-045,2026-08-19T07:51:00+08:00,15m,34,40,normal_update,delayed,high,rain,0.66,restricted,False,medium,0,none,0.0,0.4,35.0,39.47,38.0,5.33,1.0,1,0,1,0,4.0,0.0,0.53,False,999.0,False,0.75,0.7,0.188,decreasing,0.112,0
PM-SYN-045,2026-08-19T07:53:00+08:00,15m,34,40,normal_update,fresh,high,rain,0.66,restricted,False,medium,0,none,0.0,0.2,35.33,39.07,38.0,3.72,-4.0,1,0,1,0,4.0,0.0,0.57,False,999.0,False,0.75,0.7,0.112,stable,0.125,0
PM-SYN-045,2026-08-19T07:55:00+08:00,15m,45,40,normal_update,fresh,high,rain,0.66,restricted,False,medium,5,minor,0.333,0.2,37.67,39.47,45.0,4.45,11.0,0,0,0,0,4.0,0.075,0.6,False,999.0,False,0.75,0.7,0.125,increasing,0.036,0
PM-SYN-045,2026-08-19T07:57:00+08:00,15m,34,40,normal_update,fresh,high,rain,0.66,restricted,False,medium,0,none,0.333,0.2,37.67,39.0,45.0,4.29,0.0,0,0,0,0,4.0,0.0,0.63,False,999.0,False,0.75,0.7,0.036,stable,0.037,0
PM-SYN-045,2026-08-19T07:59:00+08:00,15m,42,40,normal_update,fresh,high,rain,0.66,restricted,False,medium,2,minor,0.667,0.4,40.33,39.27,45.0,4.75,-3.0,0,0,0,0,4.0,0.043,0.67,False,999.0,False,0.75,0.7,0.037,increasing,0.107,0
PM-SYN-045,2026-08-19T08:01:00+08:00,15m,32,40,normal_update,fresh,high,rain,0.66,restricted,False,medium,0,none,0.333,0.4,36.0,38.73,42.0,5.12,-2.0,0,0,0,0,4.0,0.0,0.7,False,999.0,False,0.75,0.7,0.107,decreasing,0.108,0
PM-SYN-045,2026-08-19T08:03:00+08:00,15m,50,40,normal_update,delayed,high,rain,0.66,restricted,False,medium,10,minor,0.667,0.6,41.33,39.27,50.0,6.74,8.0,0,0,0,0,4.0,0.292,0.73,False,999.0,False,0.75,0.7,0.108,increasing,0.121,0
PM-SYN-045,2026-08-19T08:05:00+08:00,15m,35,40,harsh_brake,fresh,high,rain,0.66,restricted,False,medium,0,none,0.333,0.4,39.0,39.2,50.0,6.62,3.0,1,0,1,0,6.0,0.0,0.77,False,999.0,False,0.75,0.7,0.121,decreasing,0.126,0
PM-SYN-045,2026-08-19T08:07:00+08:00,15m,39,40,normal_update,fresh,high,rain,0.66,restricted,False,medium,0,none,0.333,0.4,41.33,39.4,50.0,6.22,-11.0,1,0,1,0,6.0,0.0,0.8,False,999.0,False,0.75,0.7,0.126,decreasing,0.171,1
PM-SYN-045,2026-08-19T08:09:00+08:00,15m,41,40,sharp_turn,delayed,high,rain,0.66,restricted,False,medium,1,minor,0.333,0.4,38.33,39.8,41.0,6.15,6.0,1,1,1,1,8.0,0.029,0.83,False,0,True,0.75,0.7,0.171,stable,0.287,1
PM-SYN-045,2026-08-19T08:11:00+08:00,15m,32,40,harsh_brake,fresh,high,rain,0.66,restricted,False,medium,0,none,0.333,0.4,37.33,38.6,41.0,6.15,-7.0,2,1,2,1,8.0,0.0,0.87,False,2,True,0.75,0.7,0.287,decreasing,0.307,1
PM-SYN-045,2026-08-19T08:13:00+08:00,15m,45,40,normal_update,fresh,high,rain,0.66,restricted,False,medium,5,minor,0.667,0.4,39.33,38.47,45.0,4.54,4.0,2,1,2,1,8.0,0.133,0.9,False,4,True,0.75,0.7,0.307,increasing,0.362,1
PM-SYN-045,2026-08-19T08:15:00+08:00,15m,40,40,normal_update,fresh,high,rain,0.66,restricted,False,medium,0,none,0.333,0.4,39.0,38.27,45.0,4.22,8.0,1,1,1,1,6.0,0.0,0.93,False,0,True,0.75,0.7,0.362,decreasing,0.131,1
PM-SYN-045,2026-08-19T08:17:00+08:00,15m,38,40,normal_update,fresh,high,rain,0.66,restricted,False,medium,0,none,0.333,0.4,41.0,38.6,45.0,4.26,-7.0,1,1,1,1,6.0,0.029,0.97,False,0,True,0.75,0.7,0.131,stable,0.164,1
PM-SYN-045,2026-08-19T08:19:00+08:00,15m,38,40,normal_update,fresh,high,rain,0.66,restricted,False,medium,0,none,0.0,0.2,38.67,38.6,40.0,4.18,-2.0,1,0,1,0,6.0,0.0,1.0,False,2,True,0.75,0.7,0.164,decreasing,0.134,1
PM-SYN-045,2026-08-19T08:21:00+08:00,15m,36,40,normal_update,delayed,high,rain,0.66,restricted,False,medium,0,none,0.0,0.2,37.33,38.73,38.0,3.07,-2.0,0,0,0,0,6.0,0.0,1.03,False,0,True,0.75,0.7,0.134,decreasing,0.045,1
PM-SYN-045,2026-08-19T08:23:00+08:00,15m,42,40,normal_update,fresh,high,rain,0.66,restricted,False,medium,2,minor,0.333,0.2,38.67,39.27,42.0,2.04,4.0,0,0,0,0,6.0,0.035,1.07,False,2,True,0.75,0.7,0.045,stable,0.044,1
PM-SYN-045,2026-08-19T08:25:00+08:00,15m,40,40,stale_gps,stale,high,rain,0.66,restricted,False,medium,0,none,0.333,0.2,39.33,38.93,42.0,2.04,4.0,0,0,0,0,8.0,0.0,1.1,False,4,True,0.75,0.7,0.044,decreasing,0.101,1
PM-SYN-045,2026-08-19T08:27:00+08:00,15m,38,40,sharp_turn,fresh,high,rain,0.66,restricted,False,medium,0,none,0.333,0.2,40.0,39.2,42.0,2.04,-4.0,0,1,0,1,10.0,0.0,1.13,False,6,True,0.75,0.7,0.101,stable,0.083,1
PM-SYN-045,2026-08-19T08:29:00+08:00,15m,35,40,stale_gps,stale,high,rain,0.66,restricted,False,medium,0,none,0.0,0.2,37.67,38.73,40.0,2.56,-5.0,0,1,0,1,12.0,0.0,1.17,False,8,True,0.75,0.7,0.083,stable,0.107,1
PM-SYN-045,2026-08-19T08:31:00+08:00,15m,35,40,normal_update,delayed,high,rain,0.66,restricted,False,medium,0,none,0.0,0.2,36.0,38.93,38.0,2.76,-3.0,0,1,0,1,12.0,0.0,1.2,False,10,True,0.75,0.7,0.107,stable,0.102,1
PM-SYN-045,2026-08-19T08:33:00+08:00,15m,38,40,normal_update,fresh,high,rain,0.66,restricted,False,medium,0,none,0.0,0.0,36.0,38.13,38.0,1.94,3.0,0,1,0,1,12.0,0.0,1.23,False,12,True,0.75,0.7,0.102,stable,0.122,0
PM-SYN-045,2026-08-19T08:35:00+08:00,15m,33,40,normal_update,fresh,high,rain,0.66,restricted,False,medium,0,none,0.0,0.0,35.33,38.0,38.0,1.94,-2.0,0,1,0,1,10.0,0.0,1.27,False,14,False,0.75,0.7,0.122,decreasing,0.028,0
PM-SYN-045,2026-08-19T08:37:00+08:00,15m,38,40,normal_update,fresh,high,rain,0.66,restricted,False,medium,0,none,0.0,0.0,36.33,37.93,38.0,1.94,0.0,0,0,0,0,10.0,0.0,1.3,False,16,False,0.75,0.7,0.028,stable,0.043,0
PM-SYN-045,2026-08-19T08:39:00+08:00,15m,36,40,normal_update,fresh,high,rain,0.66,restricted,False,medium,0,none,0.0,0.0,35.67,37.6,38.0,1.9,3.0,0,0,0,0,8.0,0.0,1.33,False,18,False,0.75,0.7,0.043,decreasing,0.033,0
PM-SYN-045,2026-08-19T08:41:00+08:00,15m,37,40,normal_update,fresh,high,rain,0.66,restricted,False,medium,0,none,0.0,0.0,37.0,37.93,38.0,1.85,-1.0,0,0,0,0,6.0,0.0,1.37,False,20,False,0.75,0.7,0.033,stable,0.024,0
PM-SYN-045,2026-08-19T08:43:00+08:00,15m,47,40,normal_update,fresh,high,rain,0.66,restricted,False,medium,7,minor,0.333,0.2,40.0,38.07,47.0,4.71,11.0,0,0,0,0,6.0,0.256,1.4,False,22,False,0.75,0.7,0.024,increasing,0.07,0
PM-SYN-045,2026-08-19T08:45:00+08:00,15m,36,40,normal_update,fresh,high,rain,0.66,restricted,False,medium,0,none,0.333,0.2,40.0,37.8,47.0,4.17,-1.0,0,0,0,0,6.0,0.0,1.43,False,24,False,0.75,0.7,0.07,decreasing,0.045,0
PM-SYN-045,2026-08-19T08:47:00+08:00,15m,35,40,normal_update,delayed,high,rain,0.66,restricted,False,medium,0,none,0.333,0.2,39.33,37.6,47.0,4.45,-12.0,0,0,0,0,6.0,0.0,1.47,False,26,False,0.75,0.7,0.045,decreasing,0.068,0
PM-SYN-045,2026-08-19T08:49:00+08:00,15m,50,40,normal_update,fresh,high,rain,0.66,restricted,False,medium,10,minor,0.333,0.4,40.33,38.4,50.0,6.23,14.0,0,0,0,0,6.0,0.332,1.5,False,28,False,0.75,0.7,0.068,increasing,0.153,0
PM-SYN-045,2026-08-19T08:51:00+08:00,15m,38,40,normal_update,fresh,high,rain,0.66,restricted,False,medium,0,none,0.333,0.4,41.0,38.53,50.0,6.11,3.0,0,0,0,0,6.0,0.0,1.53,False,30,False,0.75,0.7,0.153,decreasing,0.055,0
PM-SYN-045,2026-08-19T08:53:00+08:00,15m,40,40,normal_update,delayed,high,rain,0.66,restricted,False,medium,0,none,0.333,0.2,42.67,38.4,50.0,5.38,-10.0,0,0,0,0,6.0,0.0,1.57,False,32,False,0.75,0.7,0.055,decreasing,0.067,0
PM-SYN-045,2026-08-19T08:55:00+08:00,15m,46,40,normal_update,fresh,high,rain,0.66,restricted,False,medium,6,minor,0.333,0.4,41.33,38.8,46.0,5.46,8.0,0,0,0,0,4.0,0.173,1.6,False,34,False,0.75,0.7,0.067,increasing,0.104,0
PM-SYN-045,2026-08-19T08:57:00+08:00,15m,44,40,sharp_turn,fresh,high,rain,0.66,restricted,False,medium,4,minor,0.667,0.6,43.33,39.2,46.0,4.27,4.0,0,1,0,1,4.0,0.136,1.63,False,36,False,0.75,0.7,0.104,increasing,0.076,0
PM-SYN-045,2026-08-19T08:59:00+08:00,15m,38,40,normal_update,fresh,high,rain,0.66,restricted,False,medium,0,none,0.667,0.4,42.67,39.4,46.0,3.25,-8.0,0,1,0,1,2.0,0.004,1.67,False,38,False,0.75,0.7,0.076,stable,0.052,0
PM-SYN-045,2026-08-19T09:01:00+08:00,15m,41,40,normal_update,delayed,high,rain,0.66,restricted,False,medium,1,minor,0.667,0.6,41.0,39.8,44.0,2.86,-3.0,0,1,0,1,2.0,0.068,1.7,False,40,False,0.75,0.7,0.052,increasing,0.111,0
PM-SYN-045,2026-08-19T09:03:00+08:00,15m,45,40,speeding,fresh,high,rain,0.66,restricted,False,medium,5,minor,0.667,0.8,41.33,40.27,45.0,2.93,7.0,0,1,0,1,4.0,0.169,1.73,False,42,False,0.75,0.7,0.111,increasing,0.133,0
PM-SYN-045,2026-08-19T09:05:00+08:00,15m,38,40,normal_update,delayed,high,rain,0.66,restricted,False,medium,0,none,0.667,0.6,41.33,40.6,45.0,2.93,-3.0,0,1,0,1,4.0,0.0,1.77,False,44,False,0.75,0.7,0.133,decreasing,0.108,1
PM-SYN-045,2026-08-19T09:07:00+08:00,15m,35,40,harsh_brake,fresh,high,rain,0.66,restricted,False,medium,0,none,0.333,0.4,39.33,40.4,45.0,3.38,-10.0,1,0,1,0,6.0,0.0,1.8,False,0,False,0.75,0.7,0.108,stable,0.105,1
PM-SYN-045,2026-08-19T09:09:00+08:00,15m,35,40,normal_update,fresh,high,rain,0.66,restricted,False,medium,0,none,0.0,0.4,36.0,40.33,38.0,3.82,-3.0,1,0,1,0,6.0,0.0,1.83,False,2,False,0.75,0.7,0.105,stable,0.095,1
PM-SYN-045,2026-08-19T09:11:00+08:00,15m,37,40,normal_update,stale,high,rain,0.66,restricted,False,medium,0,none,0.0,0.2,35.67,40.33,37.0,3.69,2.0,1,0,1,0,6.0,0.0,1.87,False,4,False,0.75,0.7,0.095,stable,0.09,1
PM-SYN-045,2026-08-19T09:13:00+08:00,15m,42,40,normal_update,fresh,high,rain,0.66,restricted,False,medium,2,minor,0.333,0.2,38.0,40.0,42.0,2.58,7.0,1,0,1,0,6.0,0.07,1.9,False,6,False,0.75,0.7,0.09,increasing,0.065,0
PM-SYN-045,2026-08-19T09:15:00+08:00,15m,38,40,normal_update,fresh,high,rain,0.66,restricted,False,medium,0,none,0.333,0.2,39.0,40.13,42.0,2.58,1.0,1,0,1,0,6.0,0.015,1.93,False,8,False,0.75,0.7,0.065,stable,0.039,0
PM-SYN-045,2026-08-19T09:17:00+08:00,15m,36,40,normal_update,fresh,high,rain,0.66,restricted,False,medium,0,none,0.333,0.2,38.67,40.2,42.0,2.42,-6.0,0,0,0,0,6.0,0.0,1.97,False,10,False,0.75,0.7,0.039,stable,0.091,0
PM-SYN-045,2026-08-19T09:19:00+08:00,15m,36,40,normal_update,fresh,high,rain,0.66,restricted,False,medium,0,none,0.0,0.2,36.67,39.27,38.0,2.23,-2.0,0,0,0,0,6.0,0.0,2.0,False,12,False,0.75,0.7,0.091,decreasing,0.032,0
PM-SYN-045,2026-08-19T09:21:00+08:00,15m,38,40,normal_update,delayed,high,rain,0.66,restricted,False,medium,0,none,0.0,0.2,36.67,39.27,38.0,2.19,2.0,0,0,0,0,6.0,0.0,2.03,False,14,False,0.75,0.7,0.032,stable,0.073,0
PM-SYN-045,2026-08-19T09:23:00+08:00,15m,36,40,normal_update,fresh,high,rain,0.66,restricted,False,medium,0,none,0.0,0.0,36.67,39.0,38.0,0.98,0.0,0,0,0,0,6.0,0.0,2.07,False,16,False,0.75,0.7,0.073,decreasing,0.034,0
PM-SYN-045,2026-08-19T09:25:00+08:00,15m,38,40,normal_update,fresh,high,rain,0.66,restricted,False,medium,0,none,0.0,0.0,37.33,38.47,38.0,0.98,0.0,0,0,0,0,6.0,0.0,2.1,False,18,False,0.75,0.7,0.034,stable,0.028,0
PM-SYN-045,2026-08-19T09:27:00+08:00,15m,38,40,normal_update,fresh,high,rain,0.66,restricted,False,medium,0,none,0.0,0.0,37.33,38.07,38.0,0.98,2.0,0,0,0,0,4.0,0.0,2.13,False,20,False,0.75,0.7,0.028,stable,0.058,0
PM-SYN-045,2026-08-19T09:29:00+08:00,15m,37,40,normal_update,fresh,high,rain,0.66,restricted,False,medium,0,none,0.0,0.0,37.67,38.0,38.0,0.8,-1.0,0,0,0,0,4.0,0.0,2.17,False,22,False,0.75,0.7,0.058,decreasing,0.035,0
PM-SYN-045,2026-08-19T09:31:00+08:00,15m,41,40,normal_update,fresh,high,rain,0.66,restricted,False,medium,1,minor,0.333,0.2,38.67,38.0,41.0,1.67,3.0,0,0,0,0,4.0,0.005,2.2,False,24,False,0.75,0.7,0.035,stable,0.064,0
PM-SYN-045,2026-08-19T09:33:00+08:00,15m,40,40,normal_update,fresh,high,rain,0.66,restricted,False,medium,0,none,0.333,0.2,39.33,37.67,41.0,1.47,3.0,0,0,0,0,2.0,0.0,2.23,False,26,False,0.75,0.7,0.064,decreasing,0.037,0
PM-SYN-045,2026-08-19T09:35:00+08:00,15m,35,40,normal_update,fresh,high,rain,0.66,restricted,False,medium,0,none,0.333,0.2,38.67,37.47,41.0,2.14,-6.0,0,0,0,0,2.0,0.0,2.27,False,28,False,0.75,0.7,0.037,stable,0.043,0
PM-SYN-045,2026-08-19T09:37:00+08:00,15m,40,40,normal_update,fresh,high,rain,0.66,restricted,False,medium,0,none,0.0,0.2,38.33,37.8,40.0,2.24,0.0,0,0,0,0,0.0,0.0,2.3,False,30,False,0.75,0.7,0.043,decreasing,0.043,0
PM-SYN-045,2026-08-19T09:39:00+08:00,15m,47,40,normal_update,fresh,high,rain,0.66,restricted,False,medium,7,minor,0.333,0.4,40.67,38.6,47.0,3.83,12.0,0,0,0,0,0.0,0.237,2.33,False,32,False,0.75,0.7,0.043,increasing,0.124,0
PM-SYN-045,2026-08-19T09:41:00+08:00,15m,35,40,normal_update,fresh,high,rain,0.66,restricted,False,medium,0,none,0.333,0.2,40.67,38.47,47.0,4.41,-5.0,0,0,0,0,0.0,0.0,2.37,False,34,False,0.75,0.7,0.124,decreasing,0.098,0
PM-SYN-046,2026-08-19T06:41:00+08:00,15m,34,40,normal_update,fresh,high,rain,0.66,restricted,False,medium,0,none,0.333,0.2,39.0,39.73,45.0,3.82,-4.0,0,0,0,0,10.0,0.0,0.5,True,999.0,False,0.75,0.7,0.097,decreasing,0.063,0
PM-SYN-046,2026-08-19T06:43:00+08:00,15m,36,40,normal_update,fresh,high,rain,0.66,restricted,False,medium,0,none,0.333,0.2,38.33,39.47,45.0,3.82,-9.0,0,0,0,0,8.0,0.0,0.53,True,999.0,False,0.75,0.7,0.063,decreasing,0.086,0
PM-SYN-046,2026-08-19T06:45:00+08:00,15m,35,40,normal_update,fresh,high,rain,0.66,restricted,False,medium,0,none,0.0,0.2,35.0,39.0,36.0,3.93,1.0,0,0,0,0,8.0,0.0,0.57,True,999.0,False,0.75,0.7,0.086,decreasing,0.102,0
PM-SYN-046,2026-08-19T06:47:00+08:00,15m,38,40,normal_update,fresh,high,rain,0.66,restricted,False,medium,0,none,0.0,0.2,36.33,38.27,38.0,3.93,2.0,0,0,0,0,8.0,0.0,0.6,True,999.0,False,0.75,0.7,0.102,decreasing,0.113,0
PM-SYN-046,2026-08-19T06:49:00+08:00,15m,38,40,normal_update,fresh,high,rain,0.66,restricted,False,medium,0,none,0.0,0.0,37.0,38.13,38.0,1.6,3.0,0,0,0,0,6.0,0.0,0.63,True,999.0,False,0.75,0.7,0.113,decreasing,0.052,0
PM-SYN-046,2026-08-19T06:51:00+08:00,15m,38,40,normal_update,delayed,high,rain,0.66,restricted,False,medium,0,none,0.0,0.0,38.0,38.0,38.0,1.26,0.0,0,0,0,0,4.0,0.0,0.67,True,999.0,False,0.75,0.7,0.052,decreasing,0.06,0
PM-SYN-046,2026-08-19T06:53:00+08:00,15m,40,40,normal_update,fresh,high,rain,0.66,restricted,False,medium,0,none,0.0,0.0,38.67,37.67,40.0,1.6,2.0,0,0,0,0,2.0,0.0,0.7,True,999.0,False,0.75,0.7,0.06,decreasing,0.09,0
PM-SYN-046,2026-08-19T06:55:00+08:00,15m,38,40,normal_update,fresh,high,rain,0.66,restricted,False,medium,0,none,0.0,0.0,38.67,37.8,40.0,0.8,0.0,0,0,0,0,0.0,0.0,0.73,True,999.0,False,0.75,0.7,0.09,decreasing,0.057,0
PM-SYN-046,2026-08-19T06:57:00+08:00,15m,39,40,normal_update,delayed,high,rain,0.66,restricted,False,medium,0,none,0.0,0.0,39.0,37.73,40.0,0.8,-1.0,0,0,0,0,0.0,0.0,0.77,True,999.0,False,0.75,0.7,0.057,decreasing,0.03,0
PM-SYN-046,2026-08-19T06:59:00+08:00,15m,37,40,normal_update,fresh,high,rain,0.66,restricted,False,medium,0,none,0.0,0.0,38.0,37.8,39.0,1.02,-1.0,0,0,0,0,0.0,0.0,0.8,True,999.0,False,0.75,0.7,0.03,stable,0.033,0
PM-SYN-046,2026-08-19T07:01:00+08:00,15m,45,40,speeding,fresh,high,rain,0.66,restricted,False,medium,5,minor,0.333,0.2,40.33,38.2,45.0,2.79,6.0,0,0,0,0,2.0,0.167,0.83,False,999.0,False,0.75,0.7,0.033,increasing,0.068,0
PM-SYN-046,2026-08-19T07:03:00+08:00,15m,37,40,normal_update,fresh,high,rain,0.66,restricted,False,medium,0,none,0.333,0.2,39.67,38.27,45.0,2.99,0.0,0,0,0,0,2.0,0.0,0.87,False,999.0,False,0.75,0.7,0.068,decreasing,0.033,0
PM-SYN-046,2026-08-19T07:05:00+08:00,15m,43,40,normal_update,fresh,high,rain,0.66,restricted,False,medium,3,minor,0.667,0.4,41.67,38.73,45.0,3.25,-2.0,0,0,0,0,2.0,0.087,0.9,False,999.0,False,0.75,0.7,0.033,increasing,0.043,0
PM-SYN-046,2026-08-19T07:07:00+08:00,15m,38,40,harsh_brake,fresh,high,rain,0.66,restricted,False,medium,0,none,0.333,0.4,39.33,38.73,43.0,3.35,1.0,1,0,1,0,4.0,0.037,0.93,False,999.0,False,0.75,0.7,0.043,stable,0.093,0
PM-SYN-046,2026-08-19T07:09:00+08:00,15m,39,40,normal_update,fresh,high,rain,0.66,restricted,False,medium,0,none,0.333,0.4,40.0,38.33,43.0,3.07,-4.0,1,0,1,0,4.0,0.0,0.97,False,999.0,False,0.75,0.7,0.093,stable,0.09,0
PM-SYN-046,2026-08-19T07:11:00+08:00,15m,47,40,speeding,fresh,high,rain,0.66,restricted,False,medium,7,minor,0.333,0.4,41.33,39.2,47.0,3.71,9.0,1,0,1,0,6.0,0.27,1.0,False,999.0,False,0.75,0.7,0.09,increasing,0.102,0
PM-SYN-046,2026-08-19T07:13:00+08:00,15m,36,40,harsh_brake,fresh,high,rain,0.66,restricted,False,medium,0,none,0.333,0.4,40.67,39.2,47.0,3.93,-3.0,2,0,2,0,8.0,0.058,1.03,False,999.0,False,0.75,0.7,0.102,increasing,0.136,0
PM-SYN-046,2026-08-19T07:15:00+08:00,15m,33,40,normal_update,fresh,high,rain,0.66,restricted,False,medium,0,none,0.333,0.2,38.67,39.07,47.0,4.67,-14.0,2,0,2,0,8.0,0.024,1.07,False,999.0,False,0.75,0.7,0.136,stable,0.075,0
PM-SYN-046,2026-08-19T07:17:00+08:00,15m,37,40,normal_update,delayed,high,rain,0.66,restricted,False,medium,0,none,0.0,0.2,35.33,39.0,37.0,4.72,1.0,1,0,1,0,8.0,0.005,1.1,False,999.0,False,0.75,0.7,0.075,stable,0.062,0
PM-SYN-046,2026-08-19T07:19:00+08:00,15m,41,40,sharp_turn,fresh,high,rain,0.66,restricted,False,medium,1,minor,0.333,0.4,37.0,39.2,41.0,4.83,8.0,1,1,1,1,10.0,0.138,1.13,False,999.0,False,0.75,0.7,0.062,increasing,0.182,0
PM-SYN-046,2026-08-19T07:21:00+08:00,15m,50,40,speeding,fresh,high,rain,0.66,restricted,False,medium,10,minor,0.667,0.4,42.67,40.0,50.0,5.89,13.0,1,1,1,1,12.0,0.378,1.17,False,999.0,False,0.75,0.7,0.182,increasing,0.128,0
PM-SYN-046,2026-08-19T07:23:00+08:00,15m,41,40,normal_update,fresh,high,rain,0.66,restricted,False,medium,1,minor,1.0,0.6,44.0,40.07,50.0,5.64,0.0,0,1,0,1,12.0,0.0,1.2,False,999.0,False,0.75,0.7,0.128,stable,0.104,0
PM-SYN-046,2026-08-19T07:25:00+08:00,15m,39,40,normal_update,fresh,high,rain,0.66,restricted,False,medium,0,none,0.667,0.6,43.33,40.13,50.0,4.45,-11.0,0,1,0,1,12.0,0.0,1.23,False,999.0,False,0.75,0.7,0.104,stable,0.079,0
PM-SYN-046,2026-08-19T07:27:00+08:00,15m,44,40,normal_update,fresh,high,rain,0.66,restricted,False,medium,4,minor,0.667,0.8,41.33,40.47,44.0,3.85,3.0,0,1,0,1,12.0,0.161,1.27,False,999.0,False,0.75,0.7,0.079,increasing,0.106,0
PM-SYN-046,2026-08-19T07:29:00+08:00,15m,50,40,normal_update,fresh,high,rain,0.66,restricted,False,medium,10,minor,0.667,0.8,44.33,41.33,50.0,4.53,11.0,0,0,0,0,12.0,0.294,1.3,False,999.0,False,0.75,0.7,0.106,increasing,0.142,1
PM-SYN-046,2026-08-19T07:31:00+08:00,15m,40,40,normal_update,fresh,high,rain,0.66,restricted,False,medium,0,none,0.667,0.6,44.67,41.0,50.0,3.97,-4.0,0,0,0,0,10.0,0.0,1.33,False,0,True,0.75,0.7,0.142,decreasing,0.082,1
PM-SYN-046,2026-08-19T07:33:00+08:00,15m,44,40,normal_update,fresh,high,rain,0.66,restricted,False,medium,4,minor,0.667,0.6,44.67,41.47,50.0,3.88,-6.0,0,0,0,0,10.0,0.078,1.37,False,2,True,0.75,0.7,0.082,increasing,0.1,1
PM-SYN-046,2026-08-19T07:35:00+08:00,15m,41,40,normal_update,fresh,high,rain,0.66,restricted,False,medium,1,minor,0.667,0.8,41.67,41.33,44.0,3.49,1.0,0,0,0,0,10.0,0.0,1.4,False,4,True,0.75,0.7,0.1,decreasing,0.247,1
PM-SYN-046,2026-08-19T07:37:00+08:00,15m,39,40,normal_update,fresh,high,rain,0.66,restricted,False,medium,0,none,0.667,0.6,41.33,41.4,44.0,3.97,-5.0,0,0,0,0,8.0,0.0,1.43,False,0,False,0.75,0.7,0.247,decreasing,0.075,1
PM-SYN-046,2026-08-19T07:39:00+08:00,15m,35,40,sharp_turn,fresh,high,rain,0.66,restricted,False,medium,0,none,0.333,0.4,38.33,41.13,41.0,2.93,-6.0,0,1,0,1,10.0,0.005,1.47,False,2,False,0.75,0.7,0.075,stable,0.049,1
PM-SYN-046,2026-08-19T07:41:00+08:00,15m,35,40,normal_update,fresh,high,rain,0.66,restricted,False,medium,0,none,0.0,0.4,36.33,40.33,39.0,3.49,-4.0,0,1,0,1,8.0,0.031,1.5,False,4,False,0.75,0.7,0.049,stable,0.079,0
PM-SYN-046,2026-08-19T07:43:00+08:00,15m,44,40,normal_update,fresh,high,rain,0.66,restricted,False,medium,4,minor,0.333,0.4,38.0,40.87,44.0,3.49,9.0,0,1,0,1,6.0,0.161,1.53,False,6,False,0.75,0.7,0.079,increasing,0.086,0
PM-SYN-046,2026-08-19T07:45:00+08:00,15m,35,40,normal_update,fresh,high,rain,0.66,restricted,False,medium,0,none,0.333,0.2,38.0,41.0,44.0,3.56,0.0,0,1,0,1,6.0,0.0,1.57,False,8,False,0.75,0.7,0.086,stable,0.039,0
PM-SYN-046,2026-08-19T07:47:00+08:00,15m,40,40,normal_update,fresh,high,rain,0.66,restricted,False,medium,0,none,0.333,0.2,39.67,41.2,44.0,3.66,-4.0,0,1,0,1,6.0,0.041,1.6,False,10,False,0.75,0.7,0.039,increasing,0.09,0
PM-SYN-046,2026-08-19T07:49:00+08:00,15m,38,40,harsh_brake,fresh,high,rain,0.66,restricted,False,medium,0,none,0.0,0.2,37.67,41.0,40.0,3.38,3.0,1,0,1,0,6.0,0.0,1.63,False,12,False,0.75,0.7,0.09,stable,0.053,0
PM-SYN-046,2026-08-19T07:51:00+08:00,15m,36,40,normal_update,fresh,high,rain,0.66,restricted,False,medium,0,none,0.0,0.2,38.0,40.07,40.0,3.2,-4.0,1,0,1,0,4.0,0.027,1.67,False,14,False,0.75,0.7,0.053,stable,0.131,0
PM-SYN-046,2026-08-19T07:53:00+08:00,15m,39,40,normal_update,delayed,high,rain,0.66,restricted,False,medium,0,none,0.0,0.0,37.67,39.93,39.0,1.85,1.0,1,0,1,0,4.0,0.0,1.7,False,16,False,0.75,0.7,0.131,decreasing,0.07,0
PM-SYN-046,2026-08-19T07:55:00+08:00,15m,37,40,normal_update,fresh,high,rain,0.66,restricted,False,medium,0,none,0.0,0.0,37.33,39.8,39.0,1.41,1.0,1,0,1,0,4.0,0.01,1.73,False,18,False,0.75,0.7,0.07,stable,0.036,0
PM-SYN-046,2026-08-19T07:57:00+08:00,15m,34,40,normal_update,delayed,high,rain,0.66,restricted,False,medium,0,none,0.0,0.0,36.67,39.13,39.0,1.72,-5.0,1,0,1,0,4.0,0.044,1.77,False,20,False,0.75,0.7,0.036,increasing,0.055,0
PM-SYN-046,2026-08-19T07:59:00+08:00,15m,50,40,speeding,fresh,high,rain,0.66,restricted,False,medium,10,minor,0.333,0.2,40.33,39.13,50.0,5.64,13.0,0,0,0,0,6.0,0.345,1.8,False,22,False,0.75,0.7,0.055,increasing,0.073,0
PM-SYN-046,2026-08-19T08:01:00+08:00,15m,38,40,normal_update,fresh,high,rain,0.66,restricted,False,medium,0,none,0.333,0.2,40.67,39.0,50.0,5.46,4.0,0,0,0,0,6.0,0.0,1.83,False,24,False,0.75,0.7,0.073,decreasing,0.076,0
PM-SYN-046,2026-08-19T08:03:00+08:00,15m,37,40,sharp_turn,fresh,high,rain,0.66,restricted,False,medium,0,none,0.333,0.2,41.67,38.53,50.0,5.56,-13.0,0,1,0,1,8.0,0.004,1.87,False,26,False,0.75,0.7,0.076,stable,0.078,0
PM-SYN-046,2026-08-19T08:05:00+08:00,15m,36,40,normal_update,fresh,high,rain,0.66,restricted,False,medium,0,none,0.0,0.2,37.0,38.2,38.0,5.66,-2.0,0,1,0,1,8.0,0.002,1.9,False,28,False,0.75,0.7,0.078,stable,0.101,0
PM-SYN-046,2026-08-19T08:07:00+08:00,15m,47,40,normal_update,delayed,high,rain,0.66,restricted,False,medium,7,minor,0.333,0.4,40.0,38.73,47.0,5.75,10.0,0,1,0,1,8.0,0.259,1.93,False,30,False,0.75,0.7,0.101,increasing,0.175,0
PM-SYN-046,2026-08-19T08:09:00+08:00,15m,39,40,normal_update,fresh,high,rain,0.66,restricted,False,medium,0,none,0.333,0.2,40.67,39.0,47.0,3.93,3.0,0,1,0,1,6.0,0.0,1.97,False,32,False,0.75,0.7,0.175,decreasing,0.064,0
PM-SYN-046,2026-08-19T08:11:00+08:00,15m,38,40,normal_update,delayed,high,rain,0.66,restricted,False,medium,0,none,0.333,0.2,41.33,39.2,47.0,3.93,-9.0,0,1,0,1,6.0,0.016,2.0,False,34,False,0.75,0.7,0.064,stable,0.102,1
PM-SYN-046,2026-08-19T08:13:00+08:00,15m,46,40,normal_update,fresh,high,rain,0.66,restricted,False,medium,6,minor,0.333,0.4,41.0,39.33,46.0,4.45,7.0,0,0,0,0,6.0,0.138,2.03,False,0,False,0.75,0.7,0.102,increasing,0.097,1
PM-SYN-046,2026-08-19T08:15:00+08:00,15m,47,40,normal_update,fresh,high,rain,0.66,restricted,False,medium,7,minor,0.667,0.6,43.67,40.13,47.0,4.03,9.0,0,0,0,0,6.0,0.183,2.07,False,2,False,0.75,0.7,0.097,increasing,0.074,1
PM-SYN-046,2026-08-19T08:17:00+08:00,15m,36,40,normal_update,delayed,high,rain,0.66,restricted,False,medium,0,none,0.667,0.4,43.0,39.87,47.0,4.45,-10.0,0,0,0,0,6.0,0.0,2.1,False,4,False,0.75,0.7,0.074,decreasing,0.13,1
PM-SYN-046,2026-08-19T08:19:00+08:00,15m,42,40,normal_update,fresh,high,rain,0.66,restricted,False,medium,2,minor,0.667,0.6,41.67,40.13,47.0,4.31,-5.0,0,0,0,0,4.0,0.0,2.13,False,6,False,0.75,0.7,0.13,decreasing,0.143,1
PM-SYN-046,2026-08-19T08:21:00+08:00,15m,42,40,sharp_turn,fresh,high,rain,0.66,restricted,False,medium,2,minor,0.667,0.8,40.0,40.53,42.0,3.88,6.0,0,1,0,1,6.0,0.017,2.17,False,8,False,0.75,0.7,0.143,stable,0.193,0
PM-SYN-046,2026-08-19T08:23:00+08:00,15m,49,40,normal_update,fresh,high,rain,0.66,restricted,False,medium,9,minor,1.0,0.8,44.33,41.2,49.0,4.53,7.0,0,1,0,1,6.0,0.247,2.2,False,10,False,0.75,0.7,0.193,increasing,0.181,0
PM-SYN-046,2026-08-19T08:25:00+08:00,15m,34,40,normal_update,fresh,high,rain,0.66,restricted,False,medium,0,none,0.667,0.6,41.67,41.0,49.0,5.28,-8.0,0,1,0,1,6.0,0.0,2.23,False,12,False,0.75,0.7,0.181,decreasing,0.167,0
PM-SYN-046,2026-08-19T08:27:00+08:00,15m,34,40,normal_update,fresh,high,rain,0.66,restricted,False,medium,0,none,0.333,0.6,39.0,41.0,49.0,5.67,-15.0,0,1,0,1,6.0,0.0,2.27,False,14,False,0.75,0.7,0.167,decreasing,0.18,0
PM-SYN-046,2026-08-19T08:29:00+08:00,15m,36,40,sharp_turn,fresh,high,rain,0.66,restricted,False,medium,0,none,0.0,0.4,34.67,40.07,36.0,5.8,2.0,0,2,0,2,6.0,0.0,2.3,False,16,False,0.75,0.7,0.18,stable,0.155,0
PM-SYN-046,2026-08-19T08:31:00+08:00,15m,39,40,normal_update,delayed,high,rain,0.66,restricted,False,medium,0,none,0.0,0.2,36.33,40.13,39.0,5.61,5.0,0,1,0,1,6.0,0.0,2.33,False,18,False,0.75,0.7,0.155,decreasing,0.123,0
PM-SYN-046,2026-08-19T08:33:00+08:00,15m,39,40,normal_update,fresh,high,rain,0.66,restricted,False,medium,0,none,0.0,0.0,38.0,40.27,39.0,2.24,3.0,0,1,0,1,4.0,0.0,2.37,False,20,False,0.75,0.7,0.123,decreasing,0.057,0
PM-SYN-047,2026-08-19T07:21:00+08:00,15m,46,40,speeding,fresh,medium,clear,0.6,caution,True,low,6,minor,0.667,0.8,44.0,41.47,48.0,4.31,-2.0,0,0,0,0,4.0,0.0,0.5,False,999.0,False,0.25,0.35,0.298,decreasing,0.063,1
PM-SYN-047,2026-08-19T07:23:00+08:00,15m,39,40,normal_update,fresh,medium,clear,0.6,caution,True,low,0,none,0.333,0.6,41.0,41.73,46.0,4.6,1.0,0,0,0,0,4.0,0.0,0.53,False,0,True,0.25,0.35,0.063,decreasing,0.063,1
PM-SYN-047,2026-08-19T07:25:00+08:00,15m,40,40,normal_update,fresh,medium,clear,0.6,caution,True,low,0,none,0.333,0.4,41.67,41.53,46.0,4.02,-6.0,0,0,0,0,4.0,0.0,0.57,False,2,True,0.25,0.35,0.063,decreasing,0.053,1
PM-SYN-047,2026-08-19T07:27:00+08:00,15m,45,40,normal_update,fresh,medium,clear,0.6,caution,True,low,5,minor,0.333,0.4,41.33,42.4,45.0,3.26,6.0,0,0,0,0,2.0,0.147,0.6,False,4,True,0.25,0.35,0.053,increasing,0.079,1
PM-SYN-047,2026-08-19T07:29:00+08:00,15m,39,40,normal_update,fresh,medium,clear,0.6,caution,True,low,0,none,0.333,0.4,41.33,42.53,45.0,3.06,-1.0,0,0,0,0,2.0,0.0,0.63,False,6,True,0.25,0.35,0.079,decreasing,0.078,0
PM-SYN-047,2026-08-19T07:31:00+08:00,15m,40,40,normal_update,fresh,medium,clear,0.6,caution,True,low,0,none,0.333,0.2,41.33,42.53,45.0,2.24,-5.0,0,0,0,0,2.0,0.0,0.67,False,8,True,0.25,0.35,0.078,decreasing,0.025,0
PM-SYN-047,2026-08-19T07:33:00+08:00,15m,46,40,normal_update,stale,medium,clear,0.6,caution,True,low,6,minor,0.333,0.4,41.67,42.4,46.0,2.9,7.0,0,0,0,0,2.0,0.215,0.7,False,10,True,0.25,0.35,0.025,increasing,0.051,0
PM-SYN-047,2026-08-19T07:35:00+08:00,15m,38,40,normal_update,delayed,medium,clear,0.6,caution,True,low,0,none,0.333,0.4,41.33,42.4,46.0,3.26,-2.0,0,0,0,0,2.0,0.0,0.73,False,12,True,0.25,0.35,0.051,decreasing,0.07,0
PM-SYN-047,2026-08-19T07:37:00+08:00,15m,35,40,normal_update,fresh,medium,clear,0.6,caution,True,low,0,none,0.333,0.2,39.67,41.67,46.0,3.61,-11.0,0,0,0,0,2.0,0.0,0.77,False,14,False,0.25,0.35,0.07,decreasing,0.026,0
PM-SYN-047,2026-08-19T07:39:00+08:00,15m,50,40,normal_update,delayed,medium,clear,0.6,caution,True,low,10,minor,0.333,0.4,41.0,42.47,50.0,5.46,12.0,0,0,0,0,2.0,0.374,0.8,False,16,False,0.25,0.35,0.026,increasing,0.076,0
PM-SYN-047,2026-08-19T07:41:00+08:00,15m,39,40,normal_update,fresh,medium,clear,0.6,caution,True,low,0,none,0.333,0.4,41.33,42.8,50.0,5.54,4.0,0,0,0,0,2.0,0.0,0.83,False,18,False,0.25,0.35,0.076,decreasing,0.027,0
PM-SYN-047,2026-08-19T07:43:00+08:00,15m,38,40,normal_update,delayed,medium,clear,0.6,caution,True,low,0,none,0.333,0.2,42.33,42.0,50.0,5.18,-12.0,0,0,0,0,2.0,0.0,0.87,False,20,False,0.25,0.35,0.027,stable,0.018,0
PM-SYN-047,2026-08-19T07:45:00+08:00,15m,33,40,normal_update,fresh,medium,clear,0.6,caution,True,low,0,none,0.0,0.2,36.67,40.93,39.0,5.9,-6.0,0,0,0,0,2.0,0.0,0.9,False,22,False,0.25,0.35,0.018,stable,0.037,0
PM-SYN-047,2026-08-19T07:47:00+08:00,15m,37,40,normal_update,fresh,medium,clear,0.6,caution,True,low,0,none,0.0,0.2,36.0,40.2,38.0,5.68,-1.0,0,0,0,0,2.0,0.0,0.93,False,24,False,0.25,0.35,0.037,stable,0.047,0
PM-SYN-047,2026-08-19T07:49:00+08:00,15m,50,40,speeding,fresh,medium,clear,0.6,caution,True,low,10,minor,0.333,0.2,40.0,41.0,50.0,5.68,17.0,0,0,0,0,4.0,0.353,0.97,False,26,False,0.25,0.35,0.047,increasing,0.027,0
PM-SYN-047,2026-08-19T07:51:00+08:00,15m,38,40,sharp_turn,fresh,medium,clear,0.6,caution,True,low,0,none,0.333,0.2,41.67,40.47,50.0,5.71,1.0,0,1,0,1,4.0,0.053,1.0,False,28,False,0.25,0.35,0.027,increasing,0.028,0
PM-SYN-047,2026-08-19T07:53:00+08:00,15m,36,40,normal_update,fresh,medium,clear,0.6,caution,True,low,0,none,0.333,0.2,41.33,40.27,50.0,5.84,-14.0,0,1,0,1,4.0,0.052,1.03,False,30,False,0.25,0.35,0.028,increasing,0.028,0
PM-SYN-047,2026-08-19T07:55:00+08:00,15m,38,40,normal_update,delayed,medium,clear,0.6,caution,True,low,0,none,0.0,0.2,37.33,40.13,38.0,5.15,0.0,0,1,0,1,4.0,0.052,1.07,False,32,False,0.25,0.35,0.028,increasing,0.026,0
PM-SYN-047,2026-08-19T07:57:00+08:00,15m,49,40,normal_update,fresh,medium,clear,0.6,caution,True,low,9,minor,0.333,0.4,41.0,40.4,49.0,6.01,13.0,0,1,0,1,4.0,0.414,1.1,False,34,False,0.25,0.35,0.026,increasing,0.045,0
PM-SYN-047,2026-08-19T07:59:00+08:00,15m,41,40,normal_update,fresh,medium,clear,0.6,caution,True,low,1,minor,0.667,0.4,42.67,40.53,49.0,4.59,3.0,0,1,0,1,4.0,0.075,1.13,False,36,False,0.25,0.35,0.045,increasing,0.027,0
PM-SYN-047,2026-08-19T08:01:00+08:00,15m,41,40,normal_update,fresh,medium,clear,0.6,caution,True,low,1,minor,1.0,0.6,43.67,40.6,49.0,4.43,-8.0,0,0,0,0,4.0,0.013,1.17,False,38,False,0.25,0.35,0.027,stable,0.042,0
PM-SYN-047,2026-08-19T08:03:00+08:00,15m,39,40,sharp_turn,fresh,medium,clear,0.6,caution,True,low,0,none,0.667,0.6,40.33,40.13,41.0,3.88,-2.0,0,1,0,1,6.0,0.038,1.2,False,40,False,0.25,0.35,0.042,stable,0.031,0
PM-SYN-047,2026-08-19T08:05:00+08:00,15m,33,40,normal_update,stale,medium,clear,0.6,caution,True,low,0,none,0.333,0.6,37.67,39.8,41.0,5.12,-8.0,0,1,0,1,6.0,0.049,1.23,False,42,False,0.25,0.35,0.031,increasing,0.043,0
PM-SYN-047,2026-08-19T08:07:00+08:00,15m,50,40,normal_update,fresh,medium,clear,0.6,caution,True,low,10,minor,0.333,0.6,40.67,40.8,50.0,5.46,11.0,0,1,0,1,6.0,0.437,1.27,False,44,False,0.25,0.35,0.043,increasing,0.102,0
PM-SYN-047,2026-08-19T08:09:00+08:00,15m,36,40,normal_update,delayed,medium,clear,0.6,caution,True,low,0,none,0.333,0.4,39.67,39.87,50.0,5.78,3.0,0,1,0,1,6.0,0.0,1.3,False,46,False,0.25,0.35,0.102,stable,0.026,0
PM-SYN-047,2026-08-19T08:11:00+08:00,15m,38,40,normal_update,fresh,medium,clear,0.6,caution,True,low,0,none,0.333,0.2,41.33,39.8,50.0,5.78,-12.0,0,1,0,1,6.0,0.054,1.33,False,48,False,0.25,0.35,0.026,increasing,0.049,0
PM-SYN-047,2026-08-19T08:13:00+08:00,15m,35,40,normal_update,fresh,medium,clear,0.6,caution,True,low,0,none,0.0,0.2,36.33,39.6,38.0,6.02,-1.0,0,0,0,0,6.0,0.0,1.37,False,50,False,0.25,0.35,0.049,decreasing,0.032,1
PM-SYN-047,2026-08-19T08:15:00+08:00,15m,42,40,normal_update,fresh,medium,clear,0.6,caution,True,low,2,minor,0.333,0.4,38.33,40.2,42.0,5.46,4.0,0,0,0,0,6.0,0.048,1.4,False,0,False,0.25,0.35,0.032,increasing,0.055,1
PM-SYN-047,2026-08-19T08:17:00+08:00,15m,38,40,normal_update,fresh,medium,clear,0.6,caution,True,low,0,none,0.333,0.2,38.33,40.27,42.0,2.4,3.0,0,0,0,0,6.0,0.0,1.43,False,2,False,0.25,0.35,0.055,decreasing,0.019,0
PM-SYN-047,2026-08-19T08:19:00+08:00,15m,38,40,normal_update,fresh,medium,clear,0.6,caution,True,low,0,none,0.333,0.2,39.33,39.47,42.0,2.23,-4.0,0,0,0,0,4.0,0.0,1.47,False,4,False,0.25,0.35,0.019,stable,0.021,0
PM-SYN-047,2026-08-19T08:21:00+08:00,15m,40,40,normal_update,fresh,medium,clear,0.6,caution,True,low,0,none,0.0,0.2,38.67,39.6,40.0,2.33,2.0,0,0,0,0,2.0,0.0,1.5,False,6,False,0.25,0.35,0.021,stable,0.042,0
PM-SYN-047,2026-08-19T08:23:00+08:00,15m,35,40,normal_update,fresh,medium,clear,0.6,caution,True,low,0,none,0.0,0.2,37.67,39.53,40.0,2.33,-3.0,0,0,0,0,2.0,0.0,1.53,False,8,False,0.25,0.35,0.042,decreasing,0.017,0
PM-SYN-047,2026-08-19T08:25:00+08:00,15m,46,40,normal_update,fresh,medium,clear,0.6,caution,True,low,6,minor,0.333,0.2,40.33,40.07,46.0,3.67,6.0,0,0,0,0,2.0,0.223,1.57,False,10,False,0.25,0.35,0.017,increasing,0.02,0
PM-SYN-047,2026-08-19T08:27:00+08:00,15m,48,40,speeding,fresh,medium,clear,0.6,caution,True,low,8,minor,0.667,0.4,43.0,40.0,48.0,4.88,13.0,0,0,0,0,4.0,0.3,1.6,False,12,False,0.25,0.35,0.02,increasing,0.029,0
PM-SYN-047,2026-08-19T08:29:00+08:00,15m,39,40,normal_update,fresh,medium,clear,0.6,caution,True,low,0,none,0.667,0.4,44.33,39.87,48.0,4.76,-7.0,0,0,0,0,4.0,0.0,1.63,False,14,False,0.25,0.35,0.029,stable,0.026,0
PM-SYN-047,2026-08-19T08:31:00+08:00,15m,44,40,normal_update,fresh,medium,clear,0.6,caution,True,low,4,minor,0.667,0.6,43.67,40.07,48.0,4.76,-4.0,0,0,0,0,4.0,0.134,1.67,False,16,False,0.25,0.35,0.026,increasing,0.031,0
PM-SYN-047,2026-08-19T08:33:00+08:00,15m,50,40,normal_update,fresh,medium,clear,0.6,caution,True,low,10,minor,0.667,0.8,44.33,40.8,50.0,3.77,11.0,0,0,0,0,2.0,0.369,1.7,False,18,False,0.25,0.35,0.031,increasing,0.039,0
PM-SYN-047,2026-08-19T08:35:00+08:00,15m,36,40,normal_update,fresh,medium,clear,0.6,caution,True,low,0,none,0.667,0.6,43.33,41.0,50.0,5.28,-8.0,0,0,0,0,2.0,0.0,1.73,False,20,False,0.25,0.35,0.039,stable,0.066,0
PM-SYN-047,2026-08-19T08:37:00+08:00,15m,36,40,normal_update,fresh,medium,clear,0.6,caution,True,low,0,none,0.333,0.4,40.67,40.07,50.0,5.37,-14.0,0,0,0,0,2.0,0.0,1.77,False,22,False,0.25,0.35,0.066,decreasing,0.036,0
PM-SYN-047,2026-08-19T08:39:00+08:00,15m,34,40,normal_update,fresh,medium,clear,0.6,caution,True,low,0,none,0.0,0.4,35.33,39.93,36.0,6.07,-2.0,0,0,0,0,2.0,0.0,1.8,False,24,False,0.25,0.35,0.036,stable,0.027,0
PM-SYN-047,2026-08-19T08:41:00+08:00,15m,37,40,normal_update,fresh,medium,clear,0.6,caution,True,low,0,none,0.0,0.2,35.67,39.87,37.0,5.78,1.0,0,0,0,0,2.0,0.0,1.83,False,26,False,0.25,0.35,0.027,stable,0.032,0
PM-SYN-047,2026-08-19T08:43:00+08:00,15m,35,40,normal_update,fresh,medium,clear,0.6,caution,True,low,0,none,0.0,0.0,35.33,39.87,37.0,1.02,1.0,0,0,0,0,2.0,0.0,1.87,False,28,False,0.25,0.35,0.032,stable,0.026,0
PM-SYN-047,2026-08-19T08:45:00+08:00,15m,42,40,normal_update,fresh,medium,clear,0.6,caution,True,low,2,minor,0.333,0.2,38.0,39.87,42.0,2.79,5.0,0,0,0,0,2.0,0.054,1.9,False,30,False,0.25,0.35,0.026,increasing,0.046,0
PM-SYN-047,2026-08-19T08:47:00+08:00,15m,41,40,normal_update,fresh,medium,clear,0.6,caution,True,low,1,minor,0.667,0.4,39.33,40.07,42.0,3.19,6.0,0,0,0,0,2.0,0.0,1.93,False,32,False,0.25,0.35,0.046,stable,0.036,0
PM-SYN-047,2026-08-19T08:49:00+08:00,15m,42,40,normal_update,fresh,medium,clear,0.6,caution,True,low,2,minor,1.0,0.6,41.67,40.33,42.0,2.87,0.0,0,0,0,0,2.0,0.044,1.97,False,34,False,0.25,0.35,0.036,increasing,0.041,0
PM-SYN-047,2026-08-19T08:51:00+08:00,15m,34,40,normal_update,delayed,medium,clear,0.6,caution,True,low,0,none,0.667,0.6,39.0,39.93,42.0,3.54,-7.0,0,0,0,0,2.0,0.0,2.0,False,36,False,0.25,0.35,0.041,decreasing,0.059,0
PM-SYN-047,2026-08-19T08:53:00+08:00,15m,33,40,stale_gps,stale,medium,clear,0.6,caution,True,low,0,none,0.333,0.6,36.33,39.8,42.0,4.03,-9.0,0,0,0,0,4.0,0.0,2.03,False,38,False,0.25,0.35,0.059,decreasing,0.059,0
PM-SYN-047,2026-08-19T08:55:00+08:00,15m,42,40,normal_update,fresh,medium,clear,0.6,caution,True,low,2,minor,0.333,0.6,36.33,39.53,42.0,4.03,8.0,0,0,0,0,4.0,0.021,2.07,False,40,False,0.25,0.35,0.059,stable,0.036,0
PM-SYN-047,2026-08-19T08:57:00+08:00,15m,38,40,sharp_turn,delayed,medium,clear,0.6,caution,True,low,0,none,0.333,0.4,37.67,38.87,42.0,3.82,5.0,0,1,0,1,4.0,0.044,2.1,False,42,False,0.25,0.35,0.036,increasing,0.039,0
PM-SYN-047,2026-08-19T08:59:00+08:00,15m,41,40,normal_update,fresh,medium,clear,0.6,caution,True,low,1,minor,0.667,0.4,40.33,39.0,42.0,3.61,-1.0,0,1,0,1,4.0,0.081,2.13,False,44,False,0.25,0.35,0.039,increasing,0.043,0
PM-SYN-047,2026-08-19T09:01:00+08:00,15m,36,40,normal_update,delayed,medium,clear,0.6,caution,True,low,0,none,0.333,0.4,38.33,38.47,41.0,3.29,-2.0,0,1,0,1,4.0,0.037,2.17,False,46,False,0.25,0.35,0.043,stable,0.052,0
PM-SYN-047,2026-08-19T09:03:00+08:00,15m,44,40,normal_update,fresh,medium,clear,0.6,caution,True,low,4,minor,0.667,0.6,40.33,38.07,44.0,2.86,3.0,0,1,0,1,4.0,0.188,2.2,False,48,False,0.25,0.35,0.052,increasing,0.035,0
PM-SYN-047,2026-08-19T09:05:00+08:00,15m,37,40,normal_update,fresh,medium,clear,0.6,caution,True,low,0,none,0.333,0.4,39.0,38.13,44.0,2.93,1.0,0,1,0,1,4.0,0.045,2.23,False,50,False,0.25,0.35,0.035,increasing,0.054,0
PM-SYN-047,2026-08-19T09:07:00+08:00,15m,37,40,normal_update,fresh,medium,clear,0.6,caution,True,low,0,none,0.333,0.4,39.33,38.2,44.0,3.03,-7.0,0,0,0,0,4.0,0.0,2.27,False,52,False,0.25,0.35,0.054,decreasing,0.035,0
PM-SYN-047,2026-08-19T09:09:00+08:00,15m,36,40,normal_update,delayed,medium,clear,0.6,caution,True,low,0,none,0.0,0.2,36.67,38.33,37.0,3.03,-1.0,0,0,0,0,4.0,0.0,2.3,False,54,False,0.25,0.35,0.035,stable,0.015,0
PM-SYN-047,2026-08-19T09:11:00+08:00,15m,38,40,normal_update,fresh,medium,clear,0.6,caution,True,low,0,none,0.0,0.2,37.0,38.4,38.0,2.87,1.0,0,0,0,0,4.0,0.0,2.33,False,56,False,0.25,0.35,0.015,stable,0.031,0
PM-SYN-047,2026-08-19T09:13:00+08:00,15m,45,40,normal_update,fresh,medium,clear,0.6,caution,True,low,5,minor,0.333,0.2,39.67,39.07,45.0,3.26,9.0,0,0,0,0,4.0,0.169,2.37,False,58,False,0.25,0.35,0.031,increasing,0.025,0
PM-SYN-048,2026-08-19T08:32:00+08:00,15m,50,40,speeding,fresh,medium,clear,0.6,caution,True,low,10,minor,0.667,0.6,45.33,38.67,50.0,6.49,0.0,0,1,0,1,6.0,0.377,0.5,False,999.0,False,0.25,0.35,0.103,increasing,0.104,0
PM-SYN-048,2026-08-19T08:34:00+08:00,15m,40,40,normal_update,fresh,medium,clear,0.6,caution,True,low,0,none,0.333,0.6,42.0,38.53,50.0,5.53,4.0,0,1,0,1,6.0,0.0,0.53,False,999.0,False,0.25,0.35,0.104,stable,0.086,0
PM-SYN-048,2026-08-19T08:36:00+08:00,15m,50,40,speeding,fresh,medium,clear,0.6,caution,True,low,10,minor,0.667,0.6,46.67,39.4,50.0,6.01,0.0,0,1,0,1,8.0,0.394,0.57,False,999.0,False,0.25,0.35,0.086,increasing,0.089,0
PM-SYN-048,2026-08-19T08:38:00+08:00,15m,34,40,normal_update,fresh,medium,clear,0.6,caution,True,low,0,none,0.333,0.4,41.33,39.2,50.0,6.81,-6.0,0,1,0,1,8.0,0.0,0.6,False,999.0,False,0.25,0.35,0.089,stable,0.026,0
PM-SYN-048,2026-08-19T08:40:00+08:00,15m,36,40,normal_update,delayed,medium,clear,0.6,caution,True,low,0,none,0.333,0.4,40.0,39.13,50.0,6.81,-14.0,0,0,0,0,8.0,0.0,0.63,False,999.0,False,0.25,0.35,0.026,stable,0.035,0
PM-SYN-048,2026-08-19T08:42:00+08:00,15m,42,40,sharp_turn,fresh,medium,clear,0.6,caution,True,low,2,minor,0.333,0.4,37.33,39.47,42.0,5.57,8.0,0,1,0,1,10.0,0.125,0.67,False,999.0,False,0.25,0.35,0.035,increasing,0.069,0
PM-SYN-048,2026-08-19T08:44:00+08:00,15m,41,40,sharp_turn,fresh,medium,clear,0.6,caution,True,low,1,minor,0.667,0.6,39.67,39.87,42.0,5.57,5.0,0,2,0,2,12.0,0.131,0.7,False,999.0,False,0.25,0.35,0.069,increasing,0.084,0
PM-SYN-048,2026-08-19T08:46:00+08:00,15m,45,40,normal_update,delayed,medium,clear,0.6,caution,True,low,5,minor,1.0,0.6,42.67,40.4,45.0,4.03,3.0,0,2,0,2,12.0,0.276,0.73,False,999.0,False,0.25,0.35,0.084,increasing,0.137,0
PM-SYN-048,2026-08-19T08:48:00+08:00,15m,37,40,normal_update,stale,medium,clear,0.6,caution,True,low,0,none,0.667,0.6,41.0,40.53,45.0,3.31,-4.0,0,2,0,2,12.0,0.023,0.77,False,999.0,False,0.25,0.35,0.137,stable,0.058,0
PM-SYN-048,2026-08-19T08:50:00+08:00,15m,37,40,normal_update,fresh,medium,clear,0.6,caution,True,low,0,none,0.333,0.6,39.67,40.67,45.0,3.07,-8.0,0,2,0,2,12.0,0.102,0.8,False,999.0,False,0.25,0.35,0.058,increasing,0.077,0
PM-SYN-048,2026-08-19T08:52:00+08:00,15m,38,40,normal_update,fresh,medium,clear,0.6,caution,True,low,0,none,0.0,0.4,37.33,40.93,38.0,3.07,1.0,0,1,0,1,12.0,0.003,0.83,False,999.0,False,0.25,0.35,0.077,stable,0.023,0
PM-SYN-048,2026-08-19T08:54:00+08:00,15m,43,40,normal_update,fresh,medium,clear,0.6,caution,True,low,3,minor,0.333,0.4,39.33,41.47,43.0,3.35,6.0,0,0,0,0,12.0,0.097,0.87,False,999.0,False,0.25,0.35,0.023,increasing,0.033,0
PM-SYN-048,2026-08-19T08:56:00+08:00,15m,45,40,sharp_turn,fresh,medium,clear,0.6,caution,True,low,5,minor,0.667,0.4,42.0,41.6,45.0,3.35,7.0,0,1,0,1,14.0,0.247,0.9,False,999.0,False,0.25,0.35,0.033,increasing,0.035,0
PM-SYN-048,2026-08-19T08:58:00+08:00,15m,39,40,sharp_turn,delayed,medium,clear,0.6,caution,True,low,0,none,0.667,0.4,42.33,40.87,45.0,3.07,-4.0,0,2,0,2,14.0,0.125,0.93,False,999.0,False,0.25,0.35,0.035,increasing,0.032,0
PM-SYN-048,2026-08-19T09:00:00+08:00,15m,42,40,normal_update,fresh,medium,clear,0.6,caution,True,low,2,minor,0.667,0.6,42.0,41.27,45.0,2.58,-3.0,0,2,0,2,12.0,0.208,0.97,False,999.0,False,0.25,0.35,0.032,increasing,0.078,0
PM-SYN-048,2026-08-19T09:02:00+08:00,15m,42,40,sharp_turn,fresh,medium,clear,0.6,caution,True,low,2,minor,0.667,0.8,41.0,40.73,42.0,1.94,3.0,0,3,0,3,12.0,0.242,1.0,False,999.0,False,0.25,0.35,0.078,increasing,0.118,0
PM-SYN-048,2026-08-19T09:04:00+08:00,15m,41,40,normal_update,fresh,medium,clear,0.6,caution,True,low,1,minor,1.0,0.8,41.67,40.8,42.0,1.94,-1.0,0,3,0,3,12.0,0.162,1.03,False,999.0,False,0.25,0.35,0.118,increasing,0.112,0
PM-SYN-048,2026-08-19T09:06:00+08:00,15m,39,40,normal_update,fresh,medium,clear,0.6,caution,True,low,0,none,0.667,0.6,40.67,40.07,42.0,1.36,-3.0,0,2,0,2,10.0,0.048,1.07,False,999.0,False,0.25,0.35,0.112,increasing,0.045,0
PM-SYN-048,2026-08-19T09:08:00+08:00,15m,40,40,normal_update,fresh,medium,clear,0.6,caution,True,low,0,none,0.333,0.6,40.0,40.47,41.0,1.17,-1.0,0,1,0,1,10.0,0.035,1.1,False,999.0,False,0.25,0.35,0.045,stable,0.035,0
PM-SYN-048,2026-08-19T09:10:00+08:00,15m,41,40,normal_update,fresh,medium,clear,0.6,caution,True,low,1,minor,0.333,0.6,40.0,40.8,41.0,1.02,2.0,0,1,0,1,10.0,0.085,1.13,False,999.0,False,0.25,0.35,0.035,increasing,0.074,0
PM-SYN-048,2026-08-19T09:12:00+08:00,15m,40,40,normal_update,fresh,medium,clear,0.6,caution,True,low,0,none,0.333,0.4,40.33,40.67,41.0,0.75,0.0,0,0,0,0,8.0,0.0,1.17,False,999.0,False,0.25,0.35,0.074,decreasing,0.042,0
PM-SYN-048,2026-08-19T09:14:00+08:00,15m,37,40,normal_update,fresh,medium,clear,0.6,caution,True,low,0,none,0.333,0.2,39.33,40.4,41.0,1.36,-4.0,0,0,0,0,6.0,0.0,1.2,False,999.0,False,0.25,0.35,0.042,decreasing,0.02,0
PM-SYN-048,2026-08-19T09:16:00+08:00,15m,39,40,normal_update,fresh,medium,clear,0.6,caution,True,low,0,none,0.0,0.2,38.67,40.0,40.0,1.36,-1.0,0,0,0,0,6.0,0.0,1.23,False,999.0,False,0.25,0.35,0.02,stable,0.035,0
PM-SYN-048,2026-08-19T09:18:00+08:00,15m,42,40,normal_update,delayed,medium,clear,0.6,caution,True,low,2,minor,0.333,0.4,39.33,40.33,42.0,1.72,5.0,0,0,0,0,6.0,0.045,1.27,False,999.0,False,0.25,0.35,0.035,increasing,0.024,0
PM-SYN-048,2026-08-19T09:20:00+08:00,15m,44,40,normal_update,fresh,medium,clear,0.6,caution,True,low,4,minor,0.667,0.4,41.67,40.8,44.0,2.42,5.0,0,0,0,0,6.0,0.136,1.3,False,999.0,False,0.25,0.35,0.024,increasing,0.042,0
PM-SYN-048,2026-08-19T09:22:00+08:00,15m,37,40,normal_update,fresh,medium,clear,0.6,caution,True,low,0,none,0.667,0.4,41.0,40.73,44.0,2.79,-5.0,0,0,0,0,6.0,0.0,1.33,False,999.0,False,0.25,0.35,0.042,decreasing,0.021,0
PM-SYN-048,2026-08-19T09:24:00+08:00,15m,50,40,speeding,fresh,medium,clear,0.6,caution,True,low,10,minor,0.667,0.6,43.67,41.2,50.0,4.5,6.0,0,0,0,0,8.0,0.379,1.37,False,999.0,False,0.25,0.35,0.021,increasing,0.098,0
PM-SYN-048,2026-08-19T09:26:00+08:00,15m,42,40,normal_update,delayed,medium,clear,0.6,caution,True,low,2,minor,0.667,0.8,43.0,41.0,50.0,4.2,5.0,0,0,0,0,6.0,0.0,1.4,False,999.0,False,0.25,0.35,0.098,stable,0.042,0
PM-SYN-048,2026-08-19T09:28:00+08:00,15m,32,40,normal_update,fresh,medium,clear,0.6,caution,True,low,0,none,0.667,0.6,41.33,40.53,50.0,6.13,-18.0,0,0,0,0,4.0,0.0,1.43,False,999.0,False,0.25,0.35,0.042,decreasing,0.026,0
PM-SYN-048,2026-08-19T09:30:00+08:00,15m,35,40,normal_update,fresh,medium,clear,0.6,caution,True,low,0,none,0.333,0.4,36.33,40.07,42.0,6.31,-7.0,0,0,0,0,4.0,0.0,1.47,False,999.0,False,0.25,0.35,0.026,stable,0.038,0
PM-SYN-048,2026-08-19T09:32:00+08:00,15m,49,40,speeding,delayed,medium,clear,0.6,caution,True,low,9,minor,0.333,0.6,38.67,40.53,49.0,7.23,17.0,0,0,0,0,4.0,0.322,1.5,False,999.0,False,0.25,0.35,0.038,increasing,0.058,0
PM-SYN-048,2026-08-19T09:34:00+08:00,15m,40,40,normal_update,stale,medium,clear,0.6,caution,True,low,0,none,0.333,0.4,41.33,40.47,49.0,5.89,5.0,0,0,0,0,4.0,0.0,1.53,False,999.0,False,0.25,0.35,0.058,decreasing,0.034,0
PM-SYN-048,2026-08-19T09:36:00+08:00,15m,47,40,normal_update,fresh,medium,clear,0.6,caution,True,low,7,minor,0.667,0.4,45.33,41.0,49.0,6.59,-2.0,0,0,0,0,4.0,0.246,1.57,False,999.0,False,0.25,0.35,0.034,increasing,0.077,0
PM-SYN-048,2026-08-19T09:38:00+08:00,15m,33,40,normal_update,fresh,medium,clear,0.6,caution,True,low,0,none,0.333,0.4,40.0,40.53,47.0,6.34,-7.0,0,0,0,0,4.0,0.0,1.6,False,999.0,False,0.25,0.35,0.077,decreasing,0.032,0
PM-SYN-048,2026-08-19T09:40:00+08:00,15m,43,40,normal_update,fresh,medium,clear,0.6,caution,True,low,3,minor,0.667,0.6,41.0,40.67,47.0,5.64,-4.0,0,0,0,0,4.0,0.088,1.63,False,999.0,False,0.25,0.35,0.032,increasing,0.028,0
PM-SYN-048,2026-08-19T09:42:00+08:00,15m,50,40,normal_update,delayed,medium,clear,0.6,caution,True,low,10,minor,0.667,0.6,42.0,41.33,50.0,5.89,17.0,0,0,0,0,4.0,0.372,1.67,False,999.0,False,0.25,0.35,0.028,increasing,0.074,0
PM-SYN-048,2026-08-19T09:44:00+08:00,15m,37,40,normal_update,fresh,medium,clear,0.6,caution,True,low,0,none,0.667,0.6,43.33,41.33,50.0,6.26,-6.0,0,0,0,0,4.0,0.0,1.7,False,999.0,False,0.25,0.35,0.074,decreasing,0.026,0
PM-SYN-048,2026-08-19T09:46:00+08:00,15m,37,40,normal_update,fresh,medium,clear,0.6,caution,True,low,0,none,0.333,0.4,41.33,41.2,50.0,5.93,-13.0,0,0,0,0,4.0,0.0,1.73,False,999.0,False,0.25,0.35,0.026,stable,0.021,0
PM-SYN-048,2026-08-19T09:48:00+08:00,15m,40,40,normal_update,fresh,medium,clear,0.6,caution,True,low,0,none,0.0,0.4,38.0,41.07,40.0,4.84,3.0,0,0,0,0,4.0,0.0,1.77,False,999.0,False,0.25,0.35,0.021,stable,0.06,0
PM-SYN-048,2026-08-19T09:50:00+08:00,15m,46,40,normal_update,fresh,medium,clear,0.6,caution,True,low,6,minor,0.333,0.4,41.0,41.2,46.0,5.18,9.0,0,0,0,0,4.0,0.18,1.8,False,999.0,False,0.25,0.35,0.06,increasing,0.044,0
PM-SYN-048,2026-08-19T09:52:00+08:00,15m,40,40,normal_update,fresh,medium,clear,0.6,caution,True,low,0,none,0.333,0.2,42.0,41.4,46.0,3.29,0.0,0,0,0,0,4.0,0.0,1.83,False,999.0,False,0.25,0.35,0.044,decreasing,0.014,0
PM-SYN-048,2026-08-19T09:54:00+08:00,15m,33,40,normal_update,fresh,medium,clear,0.6,caution,True,low,0,none,0.333,0.2,39.67,40.27,46.0,4.26,-13.0,0,0,0,0,2.0,0.0,1.87,False,999.0,False,0.25,0.35,0.014,stable,0.046,0
PM-SYN-048,2026-08-19T09:56:00+08:00,15m,37,40,normal_update,fresh,medium,clear,0.6,caution,True,low,0,none,0.0,0.2,36.67,39.93,40.0,4.26,-3.0,0,0,0,0,2.0,0.0,1.9,False,999.0,False,0.25,0.35,0.046,decreasing,0.018,0
PM-SYN-048,2026-08-19T09:58:00+08:00,15m,36,40,normal_update,fresh,medium,clear,0.6,caution,True,low,0,none,0.0,0.2,35.33,40.2,37.0,4.41,3.0,0,0,0,0,2.0,0.0,1.93,False,999.0,False,0.25,0.35,0.018,stable,0.024,0
PM-SYN-048,2026-08-19T10:00:00+08:00,15m,33,40,sharp_turn,fresh,medium,clear,0.6,caution,True,low,0,none,0.0,0.0,35.33,40.07,37.0,2.64,-4.0,0,1,0,1,4.0,0.056,1.97,False,999.0,False,0.25,0.35,0.024,increasing,0.042,0
PM-SYN-048,2026-08-19T10:02:00+08:00,15m,44,40,normal_update,delayed,medium,clear,0.6,caution,True,low,4,minor,0.333,0.2,37.67,39.73,44.0,4.03,8.0,0,1,0,1,2.0,0.198,2.0,False,999.0,False,0.25,0.35,0.042,increasing,0.028,0
PM-SYN-048,2026-08-19T10:04:00+08:00,15m,49,40,normal_update,fresh,medium,clear,0.6,caution,True,low,9,minor,0.667,0.4,42.0,40.33,49.0,5.84,16.0,0,1,0,1,2.0,0.412,2.03,False,999.0,False,0.25,0.35,0.028,increasing,0.1,0
PM-SYN-048,2026-08-19T10:06:00+08:00,15m,41,40,normal_update,fresh,medium,clear,0.6,caution,True,low,1,minor,1.0,0.6,44.67,39.93,49.0,5.68,-3.0,0,1,0,1,2.0,0.02,2.07,False,999.0,False,0.25,0.35,0.1,stable,0.041,0
PM-SYN-048,2026-08-19T10:08:00+08:00,15m,42,40,normal_update,fresh,medium,clear,0.6,caution,True,low,2,minor,1.0,0.8,44.0,40.53,49.0,5.19,-7.0,0,1,0,1,2.0,0.119,2.1,False,999.0,False,0.25,0.35,0.041,increasing,0.107,0
PM-SYN-048,2026-08-19T10:10:00+08:00,15m,35,40,normal_update,fresh,medium,clear,0.6,caution,True,low,0,none,0.667,0.8,39.33,40.0,42.0,4.53,-6.0,0,0,0,0,2.0,0.0,2.13,False,999.0,False,0.25,0.35,0.107,decreasing,0.033,0
PM-SYN-048,2026-08-19T10:12:00+08:00,15m,36,40,normal_update,fresh,medium,clear,0.6,caution,True,low,0,none,0.333,0.6,37.67,39.07,42.0,5.0,-6.0,0,0,0,0,2.0,0.0,2.17,False,999.0,False,0.25,0.35,0.033,stable,0.031,0
PM-SYN-048,2026-08-19T10:14:00+08:00,15m,39,40,normal_update,delayed,medium,clear,0.6,caution,True,low,0,none,0.0,0.4,36.67,39.2,39.0,2.73,4.0,0,0,0,0,2.0,0.0,2.2,False,999.0,False,0.25,0.35,0.031,stable,0.031,0
PM-SYN-048,2026-08-19T10:16:00+08:00,15m,41,40,normal_update,fresh,medium,clear,0.6,caution,True,low,1,minor,0.333,0.4,38.67,39.47,41.0,2.73,5.0,0,0,0,0,2.0,0.009,2.23,False,999.0,False,0.25,0.35,0.031,stable,0.032,0
PM-SYN-048,2026-08-19T10:18:00+08:00,15m,36,40,normal_update,delayed,medium,clear,0.6,caution,True,low,0,none,0.333,0.2,38.67,39.2,41.0,2.24,-3.0,0,0,0,0,2.0,0.0,2.27,False,999.0,False,0.25,0.35,0.032,stable,0.021,0
PM-SYN-048,2026-08-19T10:20:00+08:00,15m,41,40,normal_update,fresh,medium,clear,0.6,caution,True,low,1,minor,0.667,0.4,39.33,38.87,41.0,2.24,0.0,0,0,0,0,2.0,0.019,2.3,False,999.0,False,0.25,0.35,0.021,stable,0.019,0
PM-SYN-048,2026-08-19T10:22:00+08:00,15m,32,40,normal_update,fresh,medium,clear,0.6,caution,True,low,0,none,0.333,0.4,36.33,38.33,41.0,3.43,-4.0,0,0,0,0,2.0,0.0,2.33,False,999.0,False,0.25,0.35,0.019,stable,0.035,0
PM-SYN-048,2026-08-19T10:24:00+08:00,15m,38,40,normal_update,fresh,medium,clear,0.6,caution,True,low,0,none,0.333,0.4,37.0,38.67,41.0,3.38,-3.0,0,0,0,0,2.0,0.0,2.37,False,999.0,False,0.25,0.35,0.035,stable,0.042,0
PM-SYN-049,2026-08-19T08:10:00+08:00,15m,32,25,speeding,fresh,medium,clear,0.78,wharf,False,high,7,minor,0.333,0.4,24.67,23.6,32.0,5.04,10.0,0,0,0,0,6.0,0.021,0.5,False,999.0,False,0.25,1.0,0.259,stable,0.109,0
PM-SYN-049,2026-08-19T08:12:00+08:00,15m,19,25,normal_update,fresh,medium,clear,0.78,wharf,False,high,0,none,0.333,0.2,23.67,23.4,32.0,4.65,-1.0,0,0,0,0,6.0,0.0,0.53,False,999.0,False,0.25,1.0,0.109,decreasing,0.11,0
PM-SYN-049,2026-08-19T08:14:00+08:00,15m,19,25,normal_update,fresh,medium,clear,0.78,wharf,False,high,0,none,0.333,0.2,23.33,23.53,32.0,4.92,-13.0,0,0,0,0,6.0,0.0,0.57,False,999.0,False,0.25,1.0,0.11,decreasing,0.041,0
PM-SYN-049,2026-08-19T08:16:00+08:00,15m,22,25,normal_update,fresh,medium,clear,0.78,wharf,False,high,0,none,0.0,0.2,20.0,23.73,22.0,4.92,3.0,0,0,0,0,6.0,0.0,0.6,False,999.0,False,0.25,1.0,0.041,decreasing,0.072,0
PM-SYN-049,2026-08-19T08:18:00+08:00,15m,28,25,normal_update,fresh,medium,clear,0.78,wharf,False,high,3,minor,0.333,0.4,23.0,23.73,28.0,5.18,9.0,0,0,0,0,6.0,0.048,0.63,False,999.0,False,0.25,1.0,0.072,increasing,0.117,0
PM-SYN-049,2026-08-19T08:20:00+08:00,15m,33,25,normal_update,fresh,medium,clear,0.78,wharf,False,high,8,minor,0.667,0.4,27.67,24.6,33.0,5.49,11.0,0,0,0,0,4.0,0.203,0.67,False,999.0,False,0.25,1.0,0.117,increasing,0.093,0
PM-SYN-049,2026-08-19T08:22:00+08:00,15m,20,25,normal_update,delayed,medium,clear,0.78,wharf,False,high,0,none,0.667,0.4,27.0,24.33,33.0,5.31,-8.0,0,0,0,0,4.0,0.0,0.7,False,999.0,False,0.25,1.0,0.093,decreasing,0.049,0
PM-SYN-049,2026-08-19T08:24:00+08:00,15m,25,25,normal_update,fresh,medium,clear,0.78,wharf,False,high,0,none,0.333,0.4,26.0,24.8,33.0,4.59,-8.0,0,0,0,0,4.0,0.0,0.73,False,999.0,False,0.25,1.0,0.049,decreasing,0.062,0
PM-SYN-049,2026-08-19T08:26:00+08:00,15m,31,25,normal_update,delayed,medium,clear,0.78,wharf,False,high,6,minor,0.333,0.6,25.33,25.13,31.0,4.59,11.0,0,0,0,0,4.0,0.178,0.77,False,999.0,False,0.25,1.0,0.062,increasing,0.114,1
PM-SYN-049,2026-08-19T08:28:00+08:00,15m,22,25,normal_update,fresh,medium,clear,0.78,wharf,False,high,0,none,0.333,0.4,26.0,24.73,31.0,5.04,-3.0,0,0,0,0,4.0,0.0,0.8,False,0,False,0.25,1.0,0.114,decreasing,0.071,1
PM-SYN-049,2026-08-19T08:30:00+08:00,15m,35,25,speeding,fresh,medium,clear,0.78,wharf,False,high,10,minor,0.667,0.4,29.33,25.4,35.0,5.61,4.0,0,0,0,0,6.0,0.329,0.83,False,2,False,0.25,1.0,0.071,increasing,0.136,1
PM-SYN-049,2026-08-19T08:32:00+08:00,15m,25,25,normal_update,fresh,medium,clear,0.78,wharf,False,high,0,none,0.333,0.4,27.33,25.0,35.0,4.72,3.0,0,0,0,0,4.0,0.0,0.87,False,4,False,0.25,1.0,0.136,decreasing,0.113,1
PM-SYN-049,2026-08-19T08:34:00+08:00,15m,21,25,normal_update,fresh,medium,clear,0.78,wharf,False,high,0,none,0.333,0.4,27.0,24.93,35.0,5.38,-14.0,0,0,0,0,4.0,0.0,0.9,False,6,False,0.25,1.0,0.113,decreasing,0.064,1
PM-SYN-049,2026-08-19T08:36:00+08:00,15m,31,25,normal_update,fresh,medium,clear,0.78,wharf,False,high,6,minor,0.333,0.4,25.67,25.53,31.0,5.38,6.0,0,0,0,0,4.0,0.176,0.93,False,0,True,0.25,1.0,0.064,increasing,0.121,1
PM-SYN-049,2026-08-19T08:38:00+08:00,15m,24,25,normal_update,fresh,medium,clear,0.78,wharf,False,high,0,none,0.333,0.4,25.33,25.8,31.0,5.08,3.0,0,0,0,0,4.0,0.0,0.97,False,2,True,0.25,1.0,0.121,decreasing,0.125,1
PM-SYN-049,2026-08-19T08:40:00+08:00,15m,29,25,normal_update,fresh,medium,clear,0.78,wharf,False,high,4,minor,0.667,0.4,28.0,25.6,31.0,3.58,-2.0,0,0,0,0,2.0,0.035,1.0,False,4,True,0.25,1.0,0.125,stable,0.156,1
PM-SYN-049,2026-08-19T08:42:00+08:00,15m,21,25,normal_update,fresh,medium,clear,0.78,wharf,False,high,0,none,0.333,0.4,24.67,25.73,29.0,4.12,-3.0,0,0,0,0,2.0,0.0,1.03,False,6,True,0.25,1.0,0.156,decreasing,0.188,0
PM-SYN-049,2026-08-19T08:44:00+08:00,15m,19,25,normal_update,fresh,medium,clear,0.78,wharf,False,high,0,none,0.333,0.4,23.0,25.73,29.0,4.58,-10.0,0,0,0,0,2.0,0.0,1.07,False,8,True,0.25,1.0,0.188,decreasing,0.099,0
PM-SYN-049,2026-08-19T08:46:00+08:00,15m,31,25,normal_update,fresh,medium,clear,0.78,wharf,False,high,6,minor,0.333,0.4,23.67,26.33,31.0,4.58,10.0,0,0,0,0,2.0,0.141,1.1,False,10,True,0.25,1.0,0.099,increasing,0.132,0
PM-SYN-049,2026-08-19T08:48:00+08:00,15m,24,25,normal_update,fresh,medium,clear,0.78,wharf,False,high,0,none,0.333,0.4,24.67,26.07,31.0,4.58,5.0,0,0,0,0,2.0,0.0,1.13,False,12,True,0.25,1.0,0.132,decreasing,0.107,0
PM-SYN-049,2026-08-19T08:50:00+08:00,15m,25,25,normal_update,fresh,medium,clear,0.78,wharf,False,high,0,none,0.333,0.2,26.67,25.53,31.0,4.1,-6.0,0,0,0,0,2.0,0.0,1.17,False,14,False,0.25,1.0,0.107,decreasing,0.043,0
PM-SYN-049,2026-08-19T08:52:00+08:00,15m,19,25,normal_update,fresh,medium,clear,0.78,wharf,False,high,0,none,0.0,0.2,22.67,25.47,25.0,4.45,-5.0,0,0,0,0,2.0,0.0,1.2,False,16,False,0.25,1.0,0.043,decreasing,0.121,0
PM-SYN-049,2026-08-19T08:54:00+08:00,15m,32,25,normal_update,fresh,medium,clear,0.78,wharf,False,high,7,minor,0.333,0.4,25.33,25.93,32.0,4.79,7.0,0,0,0,0,2.0,0.159,1.23,False,18,False,0.25,1.0,0.121,increasing,0.092,0
PM-SYN-049,2026-08-19T08:56:00+08:00,15m,34,25,speeding,fresh,medium,clear,0.78,wharf,False,high,9,minor,0.667,0.4,28.33,26.13,34.0,5.49,15.0,0,0,0,0,4.0,0.268,1.27,False,20,False,0.25,1.0,0.092,increasing,0.075,0
PM-SYN-049,2026-08-19T08:58:00+08:00,15m,27,25,normal_update,fresh,medium,clear,0.78,wharf,False,high,2,minor,1.0,0.6,31.0,26.47,34.0,5.31,-5.0,0,0,0,0,4.0,0.005,1.3,False,22,False,0.25,1.0,0.075,stable,0.14,0
PM-SYN-049,2026-08-19T09:00:00+08:00,15m,25,25,normal_update,fresh,medium,clear,0.78,wharf,False,high,0,none,0.667,0.6,28.67,25.8,34.0,5.31,-9.0,0,0,0,0,2.0,0.0,1.33,False,24,False,0.25,1.0,0.14,decreasing,0.08,0
PM-SYN-049,2026-08-19T09:02:00+08:00,15m,20,25,normal_update,delayed,medium,clear,0.78,wharf,False,high,0,none,0.333,0.6,24.0,25.47,27.0,5.0,-7.0,0,0,0,0,2.0,0.0,1.37,False,26,False,0.25,1.0,0.08,decreasing,0.112,0
PM-SYN-049,2026-08-19T09:04:00+08:00,15m,21,25,normal_update,fresh,medium,clear,0.78,wharf,False,high,0,none,0.0,0.4,22.0,25.47,25.0,5.0,-4.0,0,0,0,0,2.0,0.0,1.4,False,28,False,0.25,1.0,0.112,decreasing,0.119,0
PM-SYN-049,2026-08-19T09:06:00+08:00,15m,25,25,normal_update,fresh,medium,clear,0.78,wharf,False,high,0,none,0.0,0.2,22.0,25.07,25.0,2.65,5.0,0,0,0,0,2.0,0.0,1.43,False,30,False,0.25,1.0,0.119,decreasing,0.059,1
PM-SYN-049,2026-08-19T09:08:00+08:00,15m,25,25,normal_update,fresh,medium,clear,0.78,wharf,False,high,0,none,0.0,0.0,23.67,25.13,25.0,2.23,4.0,0,0,0,0,2.0,0.0,1.47,False,0,True,0.25,1.0,0.059,decreasing,0.083,1
PM-SYN-049,2026-08-19T09:10:00+08:00,15m,22,25,normal_update,fresh,medium,clear,0.78,wharf,False,high,0,none,0.0,0.0,24.0,24.67,25.0,2.06,-3.0,0,0,0,0,2.0,0.0,1.5,False,2,True,0.25,1.0,0.083,decreasing,0.095,1
PM-SYN-049,2026-08-19T09:12:00+08:00,15m,21,25,normal_update,fresh,medium,clear,0.78,wharf,False,high,0,none,0.0,0.0,22.67,24.67,25.0,1.83,-4.0,0,0,0,0,2.0,0.0,1.53,False,4,True,0.25,1.0,0.095,decreasing,0.043,1
PM-SYN-049,2026-08-19T09:14:00+08:00,15m,34,25,speeding,fresh,medium,clear,0.78,wharf,False,high,9,minor,0.333,0.2,25.67,25.67,34.0,4.59,12.0,0,0,0,0,4.0,0.317,1.57,False,6,True,0.25,1.0,0.043,increasing,0.113,0
PM-SYN-049,2026-08-19T09:16:00+08:00,15m,30,25,stale_gps,stale,medium,clear,0.78,wharf,False,high,5,minor,0.667,0.4,28.33,25.6,34.0,4.92,9.0,0,0,0,0,6.0,0.087,1.6,False,8,True,0.25,1.0,0.113,increasing,0.078,0
PM-SYN-049,2026-08-19T09:18:00+08:00,15m,28,25,normal_update,fresh,medium,clear,0.78,wharf,False,high,3,minor,1.0,0.6,30.67,25.87,34.0,4.9,-6.0,0,0,0,0,6.0,0.042,1.63,False,10,True,0.25,1.0,0.078,increasing,0.225,0
PM-SYN-049,2026-08-19T09:20:00+08:00,15m,19,25,normal_update,fresh,medium,clear,0.78,wharf,False,high,0,none,0.667,0.6,25.67,25.47,30.0,5.61,-11.0,0,0,0,0,6.0,0.0,1.67,False,12,True,0.25,1.0,0.225,decreasing,0.214,1
PM-SYN-049,2026-08-19T09:22:00+08:00,15m,31,25,speeding,fresh,medium,clear,0.78,wharf,False,high,6,minor,0.667,0.8,26.0,26.27,31.0,5.08,3.0,0,0,0,0,8.0,0.026,1.7,False,0,True,0.25,1.0,0.214,stable,0.277,1
PM-SYN-049,2026-08-19T09:24:00+08:00,15m,21,25,normal_update,fresh,medium,clear,0.78,wharf,False,high,0,none,0.333,0.6,23.67,25.53,31.0,4.87,2.0,0,0,0,0,8.0,0.0,1.73,False,2,True,0.25,1.0,0.277,decreasing,0.09,1
PM-SYN-049,2026-08-19T09:26:00+08:00,15m,30,25,speeding,fresh,medium,clear,0.78,wharf,False,high,5,minor,0.667,0.6,27.33,25.27,31.0,4.87,-1.0,0,0,0,0,8.0,0.11,1.77,False,4,True,0.25,1.0,0.09,increasing,0.107,1
PM-SYN-049,2026-08-19T09:28:00+08:00,15m,17,25,normal_update,fresh,medium,clear,0.78,wharf,False,high,0,none,0.333,0.4,22.67,24.6,30.0,5.78,-4.0,0,0,0,0,8.0,0.0,1.8,False,6,True,0.25,1.0,0.107,decreasing,0.18,1
PM-SYN-049,2026-08-19T09:30:00+08:00,15m,28,25,normal_update,fresh,medium,clear,0.78,wharf,False,high,3,minor,0.667,0.6,25.0,24.8,30.0,5.46,-2.0,0,0,0,0,8.0,0.0,1.83,False,8,True,0.25,1.0,0.18,decreasing,0.255,1
PM-SYN-049,2026-08-19T09:32:00+08:00,15m,24,25,normal_update,fresh,medium,clear,0.78,wharf,False,high,0,none,0.333,0.4,23.0,25.07,28.0,4.69,7.0,0,0,0,0,8.0,0.0,1.87,False,10,True,0.25,1.0,0.255,decreasing,0.107,0
PM-SYN-049,2026-08-19T09:34:00+08:00,15m,27,25,normal_update,fresh,medium,clear,0.78,wharf,False,high,2,minor,0.667,0.6,26.33,25.47,28.0,4.53,-1.0,0,0,0,0,8.0,0.0,1.9,False,12,True,0.25,1.0,0.107,stable,0.193,1
PM-SYN-049,2026-08-19T09:36:00+08:00,15m,22,25,normal_update,fresh,medium,clear,0.78,wharf,False,high,0,none,0.333,0.4,24.33,25.27,27.0,3.93,-2.0,0,0,0,0,8.0,0.0,1.93,False,0,False,0.25,1.0,0.193,decreasing,0.106,1
PM-SYN-049,2026-08-19T09:38:00+08:00,15m,24,25,normal_update,delayed,medium,clear,0.78,wharf,False,high,0,none,0.333,0.4,24.33,25.2,27.0,2.19,-3.0,0,0,0,0,8.0,0.0,1.97,False,2,False,0.25,1.0,0.106,decreasing,0.116,1
PM-SYN-049,2026-08-19T09:40:00+08:00,15m,23,25,normal_update,fresh,medium,clear,0.78,wharf,False,high,0,none,0.0,0.2,23.0,25.27,24.0,1.67,1.0,0,0,0,0,8.0,0.0,2.0,False,4,False,0.25,1.0,0.116,decreasing,0.046,1
PM-SYN-049,2026-08-19T09:42:00+08:00,15m,22,25,normal_update,fresh,medium,clear,0.78,wharf,False,high,0,none,0.0,0.2,23.0,25.33,24.0,1.85,-2.0,0,0,0,0,8.0,0.0,2.03,False,6,False,0.25,1.0,0.046,decreasing,0.095,1
PM-SYN-049,2026-08-19T09:44:00+08:00,15m,23,25,normal_update,fresh,medium,clear,0.78,wharf,False,high,0,none,0.0,0.0,22.67,24.6,23.0,0.75,0.0,0,0,0,0,6.0,0.0,2.07,False,8,False,0.25,1.0,0.095,decreasing,0.03,1
PM-SYN-049,2026-08-19T09:46:00+08:00,15m,23,25,normal_update,fresh,medium,clear,0.78,wharf,False,high,0,none,0.0,0.0,22.67,24.13,23.0,0.63,1.0,0,0,0,0,4.0,0.0,2.1,False,10,False,0.25,1.0,0.03,stable,0.048,1
PM-SYN-049,2026-08-19T09:48:00+08:00,15m,25,25,normal_update,fresh,medium,clear,0.78,wharf,False,high,0,none,0.0,0.0,23.67,23.93,25.0,0.98,2.0,0,0,0,0,4.0,0.0,2.13,False,12,False,0.25,1.0,0.048,decreasing,0.082,1
PM-SYN-049,2026-08-19T09:50:00+08:00,15m,21,25,normal_update,fresh,medium,clear,0.78,wharf,False,high,0,none,0.0,0.0,23.0,24.07,25.0,1.33,-2.0,0,0,0,0,4.0,0.0,2.17,False,0,False,0.25,1.0,0.082,decreasing,0.045,1
PM-SYN-049,2026-08-19T09:52:00+08:00,15m,31,25,speeding,delayed,medium,clear,0.78,wharf,False,high,6,minor,0.333,0.2,25.67,24.07,31.0,3.44,6.0,0,0,0,0,4.0,0.195,2.2,False,2,False,0.25,1.0,0.045,increasing,0.131,1
PM-SYN-049,2026-08-19T09:54:00+08:00,15m,25,25,normal_update,fresh,medium,clear,0.78,wharf,False,high,0,none,0.333,0.2,25.67,24.33,31.0,3.35,4.0,0,0,0,0,4.0,0.0,2.23,False,4,False,0.25,1.0,0.131,decreasing,0.073,1
PM-SYN-049,2026-08-19T09:56:00+08:00,15m,21,25,normal_update,fresh,medium,clear,0.78,wharf,False,high,0,none,0.333,0.2,25.67,23.73,31.0,3.67,-10.0,0,0,0,0,2.0,0.0,2.27,False,6,False,0.25,1.0,0.073,decreasing,0.061,0
PM-SYN-049,2026-08-19T09:58:00+08:00,15m,33,25,normal_update,fresh,medium,clear,0.78,wharf,False,high,8,minor,0.333,0.4,26.33,24.8,33.0,5.0,8.0,0,0,0,0,2.0,0.259,2.3,False,8,False,0.25,1.0,0.061,increasing,0.058,0
PM-SYN-049,2026-08-19T10:00:00+08:00,15m,20,25,normal_update,fresh,medium,clear,0.78,wharf,False,high,0,none,0.333,0.4,24.67,24.27,33.0,5.22,-1.0,0,0,0,0,2.0,0.0,2.33,False,10,False,0.25,1.0,0.058,decreasing,0.121,0
PM-SYN-049,2026-08-19T10:02:00+08:00,15m,21,25,normal_update,fresh,medium,clear,0.78,wharf,False,high,0,none,0.333,0.2,24.67,24.07,33.0,4.82,-12.0,0,0,0,0,2.0,0.0,2.37,False,12,False,0.25,1.0,0.121,decreasing,0.104,0
PM-SYN-050,2026-08-19T06:57:00+08:00,15m,23,25,normal_update,fresh,high,rain,0.66,restricted,False,medium,0,none,0.0,0.0,21.67,24.27,23.0,1.2,2.0,0,0,0,0,2.0,0.0,0.5,True,999.0,False,0.75,0.7,0.313,decreasing,0.061,0
PM-SYN-050,2026-08-19T06:59:00+08:00,15m,27,25,sharp_turn,fresh,high,rain,0.66,restricted,False,medium,2,minor,0.333,0.2,23.67,23.93,27.0,2.19,6.0,0,1,0,1,4.0,0.099,0.53,True,999.0,False,0.75,0.7,0.061,increasing,0.129,0
PM-SYN-050,2026-08-19T07:01:00+08:00,15m,21,25,normal_update,delayed,high,rain,0.66,restricted,False,medium,0,none,0.333,0.2,23.67,23.87,27.0,2.33,-2.0,0,1,0,1,2.0,0.0,0.57,False,999.0,False,0.75,0.7,0.129,decreasing,0.058,0
PM-SYN-050,2026-08-19T07:03:00+08:00,15m,23,25,normal_update,fresh,high,rain,0.66,restricted,False,medium,0,none,0.333,0.2,23.67,23.73,27.0,2.19,-4.0,0,1,0,1,2.0,0.022,0.6,False,999.0,False,0.75,0.7,0.058,stable,0.044,0
PM-SYN-050,2026-08-19T07:05:00+08:00,15m,22,25,normal_update,fresh,high,rain,0.66,restricted,False,medium,0,none,0.0,0.2,22.0,23.67,23.0,2.04,1.0,0,1,0,1,2.0,0.036,0.63,False,999.0,False,0.75,0.7,0.044,stable,0.072,0
PM-SYN-050,2026-08-19T07:07:00+08:00,15m,27,25,normal_update,stale,high,rain,0.66,restricted,False,medium,2,minor,0.333,0.4,24.0,23.2,27.0,2.53,4.0,0,1,0,1,2.0,0.088,0.67,False,999.0,False,0.75,0.7,0.072,increasing,0.072,0
PM-SYN-050,2026-08-19T07:09:00+08:00,15m,30,25,speeding,fresh,high,rain,0.66,restricted,False,medium,5,minor,0.667,0.4,26.33,23.8,30.0,3.38,8.0,0,0,0,0,4.0,0.128,0.7,False,999.0,False,0.75,0.7,0.072,increasing,0.086,1
PM-SYN-050,2026-08-19T07:11:00+08:00,15m,40,25,normal_update,fresh,high,rain,0.66,restricted,False,medium,15,moderate,1.0,0.6,32.33,24.8,40.0,6.47,13.0,0,0,0,0,4.0,0.514,0.73,False,0,False,0.75,0.7,0.086,increasing,0.112,1
PM-SYN-050,2026-08-19T07:13:00+08:00,15m,20,25,normal_update,fresh,high,rain,0.66,restricted,False,medium,0,none,0.667,0.6,30.0,24.53,40.0,7.05,-10.0,0,0,0,0,4.0,0.0,0.77,False,2,False,0.75,0.7,0.112,decreasing,0.072,1
PM-SYN-050,2026-08-19T07:15:00+08:00,15m,23,25,normal_update,fresh,high,rain,0.66,restricted,False,medium,0,none,0.333,0.6,27.67,24.47,40.0,6.9,-17.0,0,0,0,0,4.0,0.0,0.8,False,4,False,0.75,0.7,0.072,decreasing,0.139,1
PM-SYN-050,2026-08-19T07:17:00+08:00,15m,27,25,harsh_brake,fresh,high,rain,0.66,restricted,False,medium,2,minor,0.333,0.6,23.33,24.53,27.0,6.9,7.0,1,0,1,0,6.0,0.021,0.83,False,0,True,0.75,0.7,0.139,stable,0.177,1
PM-SYN-050,2026-08-19T07:19:00+08:00,15m,29,25,normal_update,fresh,high,rain,0.66,restricted,False,medium,4,minor,0.667,0.6,26.33,25.13,29.0,6.85,6.0,1,0,1,0,6.0,0.063,0.87,False,0,True,0.75,0.7,0.177,increasing,0.171,1
PM-SYN-050,2026-08-19T07:21:00+08:00,15m,23,25,normal_update,fresh,high,rain,0.66,restricted,False,medium,0,none,0.667,0.4,26.33,25.13,29.0,3.2,-4.0,1,0,1,0,6.0,0.0,0.9,False,2,True,0.75,0.7,0.171,decreasing,0.189,1
PM-SYN-050,2026-08-19T07:23:00+08:00,15m,30,25,normal_update,fresh,high,rain,0.66,restricted,False,medium,5,minor,0.667,0.6,27.33,25.73,30.0,2.94,1.0,1,0,1,0,6.0,0.091,0.93,False,4,True,0.75,0.7,0.189,increasing,0.237,1
PM-SYN-050,2026-08-19T07:25:00+08:00,15m,31,25,normal_update,stale,high,rain,0.66,restricted,False,medium,6,minor,0.667,0.8,28.0,26.4,31.0,2.83,8.0,1,0,1,0,6.0,0.083,0.97,False,6,True,0.75,0.7,0.237,increasing,0.127,1
PM-SYN-050,2026-08-19T07:27:00+08:00,15m,25,25,normal_update,stale,high,rain,0.66,restricted,False,medium,0,none,0.667,0.6,28.67,26.53,31.0,3.07,-5.0,0,0,0,0,6.0,0.0,1.0,False,8,True,0.75,0.7,0.127,decreasing,0.204,1
PM-SYN-050,2026-08-19T07:29:00+08:00,15m,23,25,normal_update,fresh,high,rain,0.66,restricted,False,medium,0,none,0.333,0.4,26.33,26.27,31.0,3.44,-8.0,0,0,0,0,4.0,0.0,1.03,False,0,True,0.75,0.7,0.204,decreasing,0.118,1
PM-SYN-050,2026-08-19T07:31:00+08:00,15m,27,25,harsh_brake,fresh,high,rain,0.66,restricted,False,medium,2,minor,0.333,0.6,25.0,26.67,27.0,2.99,2.0,1,0,1,0,6.0,0.042,1.07,False,2,True,0.75,0.7,0.118,increasing,0.122,1
PM-SYN-050,2026-08-19T07:33:00+08:00,15m,26,25,normal_update,fresh,high,rain,0.66,restricted,False,medium,1,minor,0.667,0.6,25.33,26.87,27.0,2.65,3.0,1,0,1,0,6.0,0.0,1.1,False,4,True,0.75,0.7,0.122,stable,0.114,1
PM-SYN-050,2026-08-19T07:35:00+08:00,15m,24,25,normal_update,fresh,high,rain,0.66,restricted,False,medium,0,none,0.667,0.4,25.67,27.0,27.0,1.41,-3.0,1,0,1,0,6.0,0.0,1.13,False,0,True,0.75,0.7,0.114,stable,0.14,1
PM-SYN-050,2026-08-19T07:37:00+08:00,15m,18,25,sharp_turn,fresh,high,rain,0.66,restricted,False,medium,0,none,0.333,0.4,22.67,26.4,26.0,3.14,-8.0,1,1,1,1,8.0,0.02,1.17,False,2,True,0.75,0.7,0.14,stable,0.104,1
PM-SYN-050,2026-08-19T07:39:00+08:00,15m,22,25,normal_update,delayed,high,rain,0.66,restricted,False,medium,0,none,0.0,0.4,21.33,25.87,24.0,3.2,-2.0,1,1,1,1,6.0,0.056,1.2,False,4,True,0.75,0.7,0.104,increasing,0.16,1
PM-SYN-050,2026-08-19T07:41:00+08:00,15m,22,25,normal_update,fresh,high,rain,0.66,restricted,False,medium,0,none,0.0,0.2,20.67,24.67,22.0,2.65,4.0,0,1,0,1,6.0,0.0,1.23,False,6,True,0.75,0.7,0.16,decreasing,0.155,1
PM-SYN-050,2026-08-19T07:43:00+08:00,15m,20,25,normal_update,fresh,high,rain,0.66,restricted,False,medium,0,none,0.0,0.0,21.33,24.67,22.0,2.04,-2.0,0,1,0,1,6.0,0.0,1.27,False,8,True,0.75,0.7,0.155,decreasing,0.104,1
PM-SYN-050,2026-08-19T07:45:00+08:00,15m,20,25,normal_update,delayed,high,rain,0.66,restricted,False,medium,0,none,0.0,0.0,20.67,24.47,22.0,1.5,-2.0,0,1,0,1,6.0,0.0,1.3,False,0,False,0.75,0.7,0.104,stable,0.043,1
PM-SYN-050,2026-08-19T07:47:00+08:00,15m,23,25,normal_update,fresh,high,rain,0.66,restricted,False,medium,0,none,0.0,0.0,21.0,24.2,23.0,1.2,3.0,0,0,0,0,4.0,0.0,1.33,False,2,False,0.75,0.7,0.043,decreasing,0.06,0
PM-SYN-050,2026-08-19T07:49:00+08:00,15m,21,25,normal_update,delayed,high,rain,0.66,restricted,False,medium,0,none,0.0,0.0,21.33,23.67,23.0,1.17,1.0,0,0,0,0,4.0,0.0,1.37,False,4,False,0.75,0.7,0.06,decreasing,0.038,0
PM-SYN-050,2026-08-19T07:51:00+08:00,15m,22,25,normal_update,delayed,high,rain,0.66,restricted,False,medium,0,none,0.0,0.0,22.0,23.6,23.0,1.17,-1.0,0,0,0,0,4.0,0.0,1.4,False,6,False,0.75,0.7,0.038,stable,0.059,0
PM-SYN-050,2026-08-19T07:53:00+08:00,15m,22,25,harsh_brake,fresh,high,rain,0.66,restricted,False,medium,0,none,0.0,0.0,21.67,23.07,22.0,1.02,1.0,1,0,1,0,6.0,0.021,1.43,False,8,False,0.75,0.7,0.059,stable,0.05,0
PM-SYN-050,2026-08-19T07:55:00+08:00,15m,18,25,normal_update,fresh,high,rain,0.66,restricted,False,medium,0,none,0.0,0.0,20.67,22.2,22.0,1.72,-4.0,1,0,1,0,6.0,0.03,1.47,False,10,False,0.75,0.7,0.05,stable,0.08,0
PM-SYN-050,2026-08-19T07:57:00+08:00,15m,20,25,normal_update,fresh,high,rain,0.66,restricted,False,medium,0,none,0.0,0.0,20.0,21.87,22.0,1.5,-2.0,1,0,1,0,6.0,0.0,1.5,False,12,False,0.75,0.7,0.08,stable,0.05,1
PM-SYN-050,2026-08-19T07:59:00+08:00,15m,21,25,normal_update,fresh,high,rain,0.66,restricted,False,medium,0,none,0.0,0.0,19.67,21.73,21.0,1.5,3.0,1,0,1,0,6.0,0.03,1.53,False,0,False,0.75,0.7,0.05,stable,0.056,1
PM-SYN-050,2026-08-19T08:01:00+08:00,15m,24,25,normal_update,fresh,high,rain,0.66,restricted,False,medium,0,none,0.0,0.0,21.67,21.53,24.0,2.0,4.0,1,0,1,0,4.0,0.024,1.57,False,2,False,0.75,0.7,0.056,stable,0.062,1
PM-SYN-050,2026-08-19T08:03:00+08:00,15m,33,25,normal_update,delayed,high,rain,0.66,restricted,False,medium,8,minor,0.333,0.2,26.0,22.0,33.0,5.27,12.0,0,0,0,0,4.0,0.258,1.6,False,4,False,0.75,0.7,0.062,increasing,0.089,0
PM-SYN-050,2026-08-19T08:05:00+08:00,15m,25,25,harsh_brake,fresh,high,rain,0.66,restricted,False,medium,0,none,0.333,0.2,27.33,22.07,33.0,4.59,1.0,1,0,1,0,6.0,0.0,1.63,False,6,False,0.75,0.7,0.089,stable,0.085,0
PM-SYN-050,2026-08-19T08:07:00+08:00,15m,17,25,harsh_brake,fresh,high,rain,0.66,restricted,False,medium,0,none,0.333,0.2,25.0,22.0,33.0,5.29,-16.0,2,0,2,0,6.0,0.075,1.67,False,8,False,0.75,0.7,0.085,increasing,0.139,0
PM-SYN-050,2026-08-19T08:09:00+08:00,15m,20,25,normal_update,delayed,high,rain,0.66,restricted,False,medium,0,none,0.0,0.2,20.67,21.87,25.0,5.42,-5.0,2,0,2,0,6.0,0.021,1.7,False,10,False,0.75,0.7,0.139,stable,0.105,0
PM-SYN-050,2026-08-19T08:11:00+08:00,15m,23,25,normal_update,fresh,high,rain,0.66,restricted,False,medium,0,none,0.0,0.2,20.0,21.93,23.0,5.43,6.0,2,0,2,0,6.0,0.055,1.73,False,12,False,0.75,0.7,0.105,increasing,0.094,0
PM-SYN-050,2026-08-19T08:13:00+08:00,15m,20,25,normal_update,fresh,high,rain,0.66,restricted,False,medium,0,none,0.0,0.0,21.0,21.93,23.0,2.76,0.0,2,0,2,0,6.0,0.066,1.77,False,14,False,0.75,0.7,0.094,increasing,0.047,1
PM-SYN-050,2026-08-19T08:15:00+08:00,15m,25,25,normal_update,fresh,high,rain,0.66,restricted,False,medium,0,none,0.0,0.0,22.67,22.27,25.0,2.76,2.0,1,0,1,0,6.0,0.033,1.8,False,0,False,0.75,0.7,0.047,stable,0.032,1
PM-SYN-050,2026-08-19T08:17:00+08:00,15m,20,25,normal_update,fresh,high,rain,0.66,restricted,False,medium,0,none,0.0,0.0,21.67,22.07,25.0,2.06,0.0,0,0,0,0,6.0,0.0,1.83,False,2,False,0.75,0.7,0.032,stable,0.052,1
PM-SYN-050,2026-08-19T08:19:00+08:00,15m,29,25,normal_update,fresh,high,rain,0.66,restricted,False,medium,4,minor,0.333,0.2,24.67,22.6,29.0,3.38,4.0,0,0,0,0,6.0,0.108,1.87,False,4,False,0.75,0.7,0.052,increasing,0.045,1
PM-SYN-050,2026-08-19T08:21:00+08:00,15m,22,25,normal_update,fresh,high,rain,0.66,restricted,False,medium,0,none,0.333,0.2,23.67,22.6,29.0,3.43,2.0,0,0,0,0,6.0,0.0,1.9,False,6,False,0.75,0.7,0.045,decreasing,0.076,1
PM-SYN-050,2026-08-19T08:23:00+08:00,15m,25,25,normal_update,fresh,high,rain,0.66,restricted,False,medium,0,none,0.333,0.2,25.33,22.8,29.0,3.06,-4.0,0,0,0,0,4.0,0.0,1.93,False,8,False,0.75,0.7,0.076,decreasing,0.066,1
PM-SYN-050,2026-08-19T08:25:00+08:00,15m,24,25,normal_update,fresh,high,rain,0.66,restricted,False,medium,0,none,0.0,0.2,23.67,23.2,25.0,3.03,2.0,0,0,0,0,4.0,0.0,1.97,False,0,True,0.75,0.7,0.066,decreasing,0.123,1
PM-SYN-050,2026-08-19T08:27:00+08:00,15m,23,25,normal_update,fresh,high,rain,0.66,restricted,False,medium,0,none,0.0,0.2,24.0,23.4,25.0,2.42,-2.0,0,0,0,0,4.0,0.0,2.0,False,0,True,0.75,0.7,0.123,decreasing,0.109,1
PM-SYN-050,2026-08-19T08:29:00+08:00,15m,28,25,normal_update,delayed,high,rain,0.66,restricted,False,medium,3,minor,0.333,0.2,25.0,23.87,28.0,2.06,4.0,0,0,0,0,4.0,0.011,2.03,False,2,True,0.75,0.7,0.109,stable,0.079,1
PM-SYN-050,2026-08-19T08:31:00+08:00,15m,25,25,normal_update,fresh,high,rain,0.66,restricted,False,medium,0,none,0.333,0.2,25.33,23.93,28.0,1.67,2.0,0,0,0,0,4.0,0.0,2.07,False,4,True,0.75,0.7,0.079,decreasing,0.046,0
PM-SYN-050,2026-08-19T08:33:00+08:00,15m,26,25,normal_update,delayed,high,rain,0.66,restricted,False,medium,1,minor,0.667,0.4,26.33,23.47,28.0,1.72,-2.0,0,0,0,0,4.0,0.0,2.1,False,6,True,0.75,0.7,0.046,stable,0.127,0
PM-SYN-050,2026-08-19T08:35:00+08:00,15m,35,25,speeding,fresh,high,rain,0.66,restricted,False,medium,10,minor,0.667,0.6,28.67,24.13,35.0,4.13,10.0,0,0,0,0,4.0,0.273,2.13,False,8,True,0.75,0.7,0.127,increasing,0.12,0
PM-SYN-050,2026-08-19T08:37:00+08:00,15m,29,25,normal_update,fresh,high,rain,0.66,restricted,False,medium,4,minor,1.0,0.8,30.0,24.93,35.0,3.5,3.0,0,0,0,0,2.0,0.04,2.17,False,10,True,0.75,0.7,0.12,increasing,0.1,0
PM-SYN-050,2026-08-19T08:39:00+08:00,15m,23,25,normal_update,fresh,high,rain,0.66,restricted,False,medium,0,none,0.667,0.6,29.0,25.13,35.0,4.18,-12.0,0,0,0,0,2.0,0.0,2.2,False,12,True,0.75,0.7,0.1,decreasing,0.151,0
PM-SYN-050,2026-08-19T08:41:00+08:00,15m,19,25,normal_update,fresh,high,rain,0.66,restricted,False,medium,0,none,0.333,0.6,23.67,24.87,29.0,5.43,-10.0,0,0,0,0,2.0,0.0,2.23,False,14,False,0.75,0.7,0.151,decreasing,0.097,0
PM-SYN-050,2026-08-19T08:43:00+08:00,15m,20,25,sharp_turn,fresh,high,rain,0.66,restricted,False,medium,0,none,0.0,0.4,20.67,24.87,23.0,6.01,-3.0,0,1,0,1,4.0,0.0,2.27,False,16,False,0.75,0.7,0.097,stable,0.132,0
PM-SYN-050,2026-08-19T08:45:00+08:00,15m,21,25,normal_update,fresh,high,rain,0.66,restricted,False,medium,0,none,0.0,0.2,20.0,24.6,21.0,3.56,2.0,0,1,0,1,4.0,0.0,2.3,False,18,False,0.75,0.7,0.132,decreasing,0.118,1
PM-SYN-050,2026-08-19T08:47:00+08:00,15m,23,25,normal_update,delayed,high,rain,0.66,restricted,False,medium,0,none,0.0,0.0,21.33,24.8,23.0,1.6,3.0,0,1,0,1,4.0,0.0,2.33,False,0,True,0.75,0.7,0.118,stable,0.087,1
PM-SYN-050,2026-08-19T08:49:00+08:00,15m,23,25,normal_update,fresh,high,rain,0.66,restricted,False,medium,0,none,0.0,0.0,22.33,24.4,23.0,1.6,2.0,0,1,0,1,4.0,0.0,2.37,False,2,True,0.75,0.7,0.087,stable,0.042,1
PM-SYN-051,2026-08-19T06:56:00+08:00,15m,35,40,normal_update,fresh,medium,clear,0.6,caution,True,low,0,none,0.0,0.4,36.67,39.93,40.0,3.25,-5.0,0,0,0,0,8.0,0.0,0.5,True,999.0,False,0.25,0.35,0.195,decreasing,0.07,0
PM-SYN-051,2026-08-19T06:58:00+08:00,15m,44,40,normal_update,fresh,medium,clear,0.6,caution,True,low,4,minor,0.333,0.4,38.0,39.93,44.0,3.83,9.0,0,0,0,0,8.0,0.09,0.53,True,999.0,False,0.25,0.35,0.07,increasing,0.031,0
PM-SYN-051,2026-08-19T07:00:00+08:00,15m,34,40,normal_update,delayed,medium,clear,0.6,caution,True,low,0,none,0.333,0.2,37.67,39.47,44.0,3.83,-1.0,0,0,0,0,8.0,0.0,0.57,False,999.0,False,0.25,0.35,0.031,stable,0.034,0
PM-SYN-051,2026-08-19T07:02:00+08:00,15m,41,40,normal_update,fresh,medium,clear,0.6,caution,True,low,1,minor,0.667,0.4,39.67,39.47,44.0,3.97,-3.0,0,0,0,0,8.0,0.006,0.6,False,999.0,False,0.25,0.35,0.034,stable,0.031,0
PM-SYN-051,2026-08-19T07:04:00+08:00,15m,43,40,normal_update,delayed,medium,clear,0.6,caution,True,low,3,minor,0.667,0.6,39.33,40.0,43.0,4.13,9.0,0,0,0,0,8.0,0.089,0.63,False,999.0,False,0.25,0.35,0.031,increasing,0.026,0
PM-SYN-051,2026-08-19T07:06:00+08:00,15m,42,40,normal_update,fresh,medium,clear,0.6,caution,True,low,2,minor,1.0,0.8,42.0,40.47,43.0,3.54,1.0,0,0,0,0,8.0,0.054,0.67,False,999.0,False,0.25,0.35,0.026,increasing,0.057,0
PM-SYN-051,2026-08-19T07:08:00+08:00,15m,35,40,normal_update,fresh,medium,clear,0.6,caution,True,low,0,none,0.667,0.6,40.0,40.13,43.0,3.74,-8.0,0,0,0,0,8.0,0.0,0.7,False,999.0,False,0.25,0.35,0.057,decreasing,0.048,0
PM-SYN-051,2026-08-19T07:10:00+08:00,15m,33,40,normal_update,fresh,medium,clear,0.6,caution,True,low,0,none,0.333,0.6,36.67,39.2,42.0,4.02,-9.0,0,0,0,0,8.0,0.0,0.73,False,999.0,False,0.25,0.35,0.048,decreasing,0.063,0
PM-SYN-051,2026-08-19T07:12:00+08:00,15m,50,40,speeding,fresh,medium,clear,0.6,caution,True,low,10,minor,0.333,0.6,39.33,40.2,50.0,6.09,15.0,0,0,0,0,10.0,0.337,0.77,False,999.0,False,0.25,0.35,0.063,increasing,0.034,0
PM-SYN-051,2026-08-19T07:14:00+08:00,15m,35,40,sharp_turn,fresh,medium,clear,0.6,caution,True,low,0,none,0.333,0.4,39.33,39.53,50.0,6.29,2.0,0,1,0,1,10.0,0.046,0.8,False,999.0,False,0.25,0.35,0.034,increasing,0.079,0
PM-SYN-051,2026-08-19T07:16:00+08:00,15m,49,40,normal_update,fresh,medium,clear,0.6,caution,True,low,9,minor,0.667,0.4,44.67,40.0,50.0,7.47,-1.0,0,1,0,1,8.0,0.361,0.83,False,999.0,False,0.25,0.35,0.079,increasing,0.061,0
PM-SYN-051,2026-08-19T07:18:00+08:00,15m,35,40,normal_update,delayed,medium,clear,0.6,caution,True,low,0,none,0.333,0.4,39.67,39.6,49.0,7.47,0.0,0,1,0,1,6.0,0.019,0.87,False,999.0,False,0.25,0.35,0.061,stable,0.028,0
PM-SYN-051,2026-08-19T07:20:00+08:00,15m,36,40,normal_update,delayed,medium,clear,0.6,caution,True,low,0,none,0.333,0.4,40.0,39.13,49.0,6.96,-13.0,0,1,0,1,6.0,0.052,0.9,False,999.0,False,0.25,0.35,0.028,increasing,0.076,0
PM-SYN-051,2026-08-19T07:22:00+08:00,15m,40,40,normal_update,fresh,medium,clear,0.6,caution,True,low,0,none,0.0,0.2,37.0,39.13,40.0,5.33,5.0,0,1,0,1,6.0,0.004,0.93,False,999.0,False,0.25,0.35,0.076,stable,0.03,0
PM-SYN-051,2026-08-19T07:24:00+08:00,15m,50,40,normal_update,fresh,medium,clear,0.6,caution,True,low,10,minor,0.333,0.4,42.0,40.13,50.0,6.36,14.0,0,0,0,0,4.0,0.37,0.97,False,999.0,False,0.25,0.35,0.03,increasing,0.08,0
PM-SYN-051,2026-08-19T07:26:00+08:00,15m,43,40,normal_update,fresh,medium,clear,0.6,caution,True,low,3,minor,0.667,0.4,44.33,40.67,50.0,5.42,3.0,0,0,0,0,4.0,0.04,1.0,False,999.0,False,0.25,0.35,0.08,stable,0.02,0
PM-SYN-051,2026-08-19T07:28:00+08:00,15m,39,40,normal_update,fresh,medium,clear,0.6,caution,True,low,0,none,0.667,0.4,44.0,40.33,50.0,4.76,-11.0,0,0,0,0,4.0,0.0,1.03,False,999.0,False,0.25,0.35,0.02,stable,0.025,0
PM-SYN-051,2026-08-19T07:30:00+08:00,15m,41,40,normal_update,fresh,medium,clear,0.6,caution,True,low,1,minor,0.667,0.6,41.0,40.8,43.0,3.93,-2.0,0,0,0,0,4.0,0.015,1.07,False,999.0,False,0.25,0.35,0.025,stable,0.031,0
PM-SYN-051,2026-08-19T07:32:00+08:00,15m,36,40,normal_update,delayed,medium,clear,0.6,caution,True,low,0,none,0.333,0.6,38.67,40.47,41.0,4.71,-3.0,0,0,0,0,4.0,0.0,1.1,False,999.0,False,0.25,0.35,0.031,stable,0.075,0
PM-SYN-051,2026-08-19T07:34:00+08:00,15m,38,40,normal_update,fresh,medium,clear,0.6,caution,True,low,0,none,0.333,0.4,38.33,40.13,41.0,2.42,-3.0,0,0,0,0,4.0,0.0,1.13,False,999.0,False,0.25,0.35,0.075,decreasing,0.025,0
PM-SYN-051,2026-08-19T07:36:00+08:00,15m,37,40,normal_update,fresh,medium,clear,0.6,caution,True,low,0,none,0.0,0.2,37.0,39.8,38.0,1.72,1.0,0,0,0,0,4.0,0.0,1.17,False,999.0,False,0.25,0.35,0.025,stable,0.033,0
PM-SYN-051,2026-08-19T07:38:00+08:00,15m,49,40,normal_update,delayed,medium,clear,0.6,caution,True,low,9,minor,0.333,0.4,41.33,40.73,49.0,4.71,11.0,0,0,0,0,4.0,0.327,1.2,False,999.0,False,0.25,0.35,0.033,increasing,0.033,0
PM-SYN-051,2026-08-19T07:40:00+08:00,15m,41,40,normal_update,fresh,medium,clear,0.6,caution,True,low,1,minor,0.667,0.4,42.33,41.27,49.0,4.71,4.0,0,0,0,0,4.0,0.007,1.23,False,999.0,False,0.25,0.35,0.033,stable,0.03,0
PM-SYN-051,2026-08-19T07:42:00+08:00,15m,41,40,normal_update,fresh,medium,clear,0.6,caution,True,low,1,minor,1.0,0.6,43.67,40.67,49.0,4.21,-8.0,0,0,0,0,2.0,0.01,1.27,False,999.0,False,0.25,0.35,0.03,stable,0.04,1
PM-SYN-051,2026-08-19T07:44:00+08:00,15m,37,40,normal_update,delayed,medium,clear,0.6,caution,True,low,0,none,0.667,0.6,39.67,40.8,41.0,4.38,-4.0,0,0,0,0,0.0,0.0,1.3,False,0,True,0.25,0.35,0.04,decreasing,0.089,1
PM-SYN-051,2026-08-19T07:46:00+08:00,15m,39,40,normal_update,fresh,medium,clear,0.6,caution,True,low,0,none,0.333,0.6,39.0,40.13,41.0,4.08,-2.0,0,0,0,0,0.0,0.0,1.33,False,2,True,0.25,0.35,0.089,decreasing,0.094,0
PM-SYN-051,2026-08-19T07:48:00+08:00,15m,34,40,normal_update,fresh,medium,clear,0.6,caution,True,low,0,none,0.0,0.4,36.67,40.07,39.0,2.65,-3.0,0,0,0,0,0.0,0.0,1.37,False,4,True,0.25,0.35,0.094,decreasing,0.047,0
PM-SYN-051,2026-08-19T07:50:00+08:00,15m,37,40,normal_update,fresh,medium,clear,0.6,caution,True,low,0,none,0.0,0.2,36.67,40.13,39.0,2.33,-2.0,0,0,0,0,0.0,0.0,1.4,False,6,True,0.25,0.35,0.047,decreasing,0.024,0
PM-SYN-051,2026-08-19T07:52:00+08:00,15m,37,40,normal_update,fresh,medium,clear,0.6,caution,True,low,0,none,0.0,0.0,36.0,39.93,37.0,1.6,3.0,0,0,0,0,0.0,0.0,1.43,False,8,True,0.25,0.35,0.024,stable,0.023,0
PM-SYN-051,2026-08-19T07:54:00+08:00,15m,43,40,normal_update,fresh,medium,clear,0.6,caution,True,low,3,minor,0.333,0.2,39.0,39.47,43.0,2.97,6.0,0,0,0,0,0.0,0.097,1.47,False,10,True,0.25,0.35,0.023,increasing,0.068,0
PM-SYN-051,2026-08-19T07:56:00+08:00,15m,34,40,stale_gps,stale,medium,clear,0.6,caution,True,low,0,none,0.333,0.2,38.0,38.87,43.0,3.29,-3.0,0,0,0,0,2.0,0.0,1.5,False,12,True,0.25,0.35,0.068,decreasing,0.034,0
PM-SYN-051,2026-08-19T07:58:00+08:00,15m,32,40,normal_update,fresh,medium,clear,0.6,caution,True,low,0,none,0.333,0.2,36.33,38.4,43.0,3.72,-11.0,0,0,0,0,2.0,0.0,1.53,False,14,False,0.25,0.35,0.034,stable,0.014,0
PM-SYN-051,2026-08-19T08:00:00+08:00,15m,35,40,normal_update,fresh,medium,clear,0.6,caution,True,low,0,none,0.0,0.2,33.67,38.0,35.0,3.76,1.0,0,0,0,0,2.0,0.0,1.57,False,16,False,0.25,0.35,0.014,stable,0.045,0
PM-SYN-051,2026-08-19T08:02:00+08:00,15m,40,40,normal_update,fresh,medium,clear,0.6,caution,True,low,0,none,0.0,0.2,35.67,38.27,40.0,4.07,8.0,0,0,0,0,2.0,0.0,1.6,False,18,False,0.25,0.35,0.045,decreasing,0.015,0
PM-SYN-051,2026-08-19T08:04:00+08:00,15m,32,40,normal_update,fresh,medium,clear,0.6,caution,True,low,0,none,0.0,0.0,35.67,37.87,40.0,2.94,-3.0,0,0,0,0,2.0,0.0,1.63,False,20,False,0.25,0.35,0.015,stable,0.034,0
PM-SYN-051,2026-08-19T08:06:00+08:00,15m,48,40,speeding,delayed,medium,clear,0.6,caution,True,low,8,minor,0.333,0.2,40.0,38.6,48.0,6.05,8.0,0,0,0,0,4.0,0.286,1.67,False,22,False,0.25,0.35,0.034,increasing,0.032,0
PM-SYN-051,2026-08-19T08:08:00+08:00,15m,37,40,normal_update,fresh,medium,clear,0.6,caution,True,low,0,none,0.333,0.2,39.0,37.8,48.0,5.46,5.0,0,0,0,0,4.0,0.0,1.7,False,24,False,0.25,0.35,0.032,stable,0.022,0
PM-SYN-051,2026-08-19T08:10:00+08:00,15m,36,40,normal_update,fresh,medium,clear,0.6,caution,True,low,0,none,0.333,0.2,40.33,37.47,48.0,5.35,-12.0,0,0,0,0,4.0,0.0,1.73,False,26,False,0.25,0.35,0.022,stable,0.03,0
PM-SYN-051,2026-08-19T08:12:00+08:00,15m,36,40,normal_update,fresh,medium,clear,0.6,caution,True,low,0,none,0.0,0.2,36.33,37.13,37.0,5.38,-1.0,0,0,0,0,4.0,0.0,1.77,False,28,False,0.25,0.35,0.03,stable,0.023,0
PM-SYN-051,2026-08-19T08:14:00+08:00,15m,39,40,normal_update,fresh,medium,clear,0.6,caution,True,low,0,none,0.0,0.2,37.0,37.27,39.0,4.53,3.0,0,0,0,0,4.0,0.0,1.8,False,30,False,0.25,0.35,0.023,stable,0.017,0
PM-SYN-051,2026-08-19T08:16:00+08:00,15m,38,40,normal_update,fresh,medium,clear,0.6,caution,True,low,0,none,0.0,0.0,37.67,37.2,39.0,1.17,2.0,0,0,0,0,4.0,0.0,1.83,False,32,False,0.25,0.35,0.017,stable,0.032,0
PM-SYN-051,2026-08-19T08:18:00+08:00,15m,40,40,normal_update,fresh,medium,clear,0.6,caution,True,low,0,none,0.0,0.0,39.0,37.6,40.0,1.6,1.0,0,0,0,0,4.0,0.0,1.87,False,34,False,0.25,0.35,0.032,stable,0.014,0
PM-SYN-051,2026-08-19T08:20:00+08:00,15m,40,40,normal_update,delayed,medium,clear,0.6,caution,True,low,0,none,0.0,0.0,39.33,37.8,40.0,1.5,2.0,0,0,0,0,4.0,0.0,1.9,False,36,False,0.25,0.35,0.014,stable,0.022,0
PM-SYN-051,2026-08-19T08:22:00+08:00,15m,38,40,normal_update,fresh,medium,clear,0.6,caution,True,low,0,none,0.0,0.0,39.33,37.87,40.0,0.89,-2.0,0,0,0,0,4.0,0.0,1.93,False,38,False,0.25,0.35,0.022,stable,0.021,0
PM-SYN-051,2026-08-19T08:24:00+08:00,15m,36,40,normal_update,fresh,medium,clear,0.6,caution,True,low,0,none,0.0,0.0,38.0,37.4,40.0,1.5,-4.0,0,0,0,0,4.0,0.0,1.97,False,40,False,0.25,0.35,0.021,stable,0.014,0
PM-SYN-051,2026-08-19T08:26:00+08:00,15m,43,40,normal_update,fresh,medium,clear,0.6,caution,True,low,3,minor,0.333,0.2,39.0,38.0,43.0,2.33,5.0,0,0,0,0,2.0,0.106,2.0,False,42,False,0.25,0.35,0.014,increasing,0.042,0
PM-SYN-051,2026-08-19T08:28:00+08:00,15m,42,40,normal_update,fresh,medium,clear,0.6,caution,True,low,2,minor,0.667,0.4,40.33,38.67,43.0,2.56,6.0,0,0,0,0,2.0,0.038,2.03,False,44,False,0.25,0.35,0.042,stable,0.018,0
PM-SYN-051,2026-08-19T08:30:00+08:00,15m,35,40,normal_update,fresh,medium,clear,0.6,caution,True,low,0,none,0.667,0.4,40.0,38.67,43.0,3.19,-8.0,0,0,0,0,2.0,0.0,2.07,False,46,False,0.25,0.35,0.018,stable,0.045,0
PM-SYN-051,2026-08-19T08:32:00+08:00,15m,36,40,normal_update,fresh,medium,clear,0.6,caution,True,low,0,none,0.333,0.4,37.67,38.4,42.0,3.38,-6.0,0,0,0,0,2.0,0.0,2.1,False,48,False,0.25,0.35,0.045,decreasing,0.035,0
PM-SYN-051,2026-08-19T08:34:00+08:00,15m,40,40,normal_update,fresh,medium,clear,0.6,caution,True,low,0,none,0.0,0.4,37.0,38.93,40.0,3.19,5.0,0,0,0,0,2.0,0.0,2.13,False,50,False,0.25,0.35,0.035,stable,0.042,0
PM-SYN-051,2026-08-19T08:36:00+08:00,15m,42,40,normal_update,fresh,medium,clear,0.6,caution,True,low,2,minor,0.333,0.4,39.33,38.53,42.0,2.97,6.0,0,0,0,0,0.0,0.038,2.17,False,52,False,0.25,0.35,0.042,stable,0.035,0
PM-SYN-051,2026-08-19T08:38:00+08:00,15m,38,40,normal_update,delayed,medium,clear,0.6,caution,True,low,0,none,0.333,0.2,40.0,38.6,42.0,2.56,-2.0,0,0,0,0,0.0,0.0,2.2,False,54,False,0.25,0.35,0.035,stable,0.041,0
PM-SYN-051,2026-08-19T08:40:00+08:00,15m,37,40,sharp_turn,fresh,medium,clear,0.6,caution,True,low,0,none,0.333,0.2,39.0,38.67,42.0,2.15,-5.0,0,1,0,1,2.0,0.039,2.23,False,56,False,0.25,0.35,0.041,stable,0.033,0
PM-SYN-051,2026-08-19T08:42:00+08:00,15m,48,40,normal_update,stale,medium,clear,0.6,caution,True,low,8,minor,0.333,0.4,41.0,39.47,48.0,3.9,10.0,0,1,0,1,2.0,0.367,2.27,False,58,False,0.25,0.35,0.033,increasing,0.045,0
PM-SYN-051,2026-08-19T08:44:00+08:00,15m,40,40,normal_update,fresh,medium,clear,0.6,caution,True,low,0,none,0.333,0.4,41.67,39.53,48.0,3.9,3.0,0,1,0,1,2.0,0.035,2.3,False,60,False,0.25,0.35,0.045,stable,0.068,0
PM-SYN-051,2026-08-19T08:46:00+08:00,15m,44,40,normal_update,fresh,medium,clear,0.6,caution,True,low,4,minor,0.667,0.4,44.0,39.93,48.0,4.08,-4.0,0,1,0,1,2.0,0.172,2.33,False,62,False,0.25,0.35,0.068,increasing,0.065,0
PM-SYN-051,2026-08-19T08:48:00+08:00,15m,40,40,normal_update,fresh,medium,clear,0.6,caution,True,low,0,none,0.333,0.4,41.33,39.93,44.0,3.82,0.0,0,1,0,1,2.0,0.015,2.37,False,64,False,0.25,0.35,0.065,stable,0.076,1
PM-SYN-052,2026-08-19T07:11:00+08:00,15m,27,25,normal_update,fresh,medium,clear,0.78,wharf,False,high,2,minor,0.667,0.6,26.33,23.07,28.0,3.72,3.0,0,0,0,0,4.0,0.0,0.5,False,999.0,False,0.25,1.0,0.235,decreasing,0.123,0
PM-SYN-052,2026-08-19T07:13:00+08:00,15m,27,25,normal_update,fresh,medium,clear,0.78,wharf,False,high,2,minor,1.0,0.8,27.33,23.53,28.0,2.58,-1.0,0,0,0,0,4.0,0.0,0.53,False,999.0,False,0.25,1.0,0.123,decreasing,0.074,0
PM-SYN-052,2026-08-19T07:15:00+08:00,15m,18,25,normal_update,stale,medium,clear,0.78,wharf,False,high,0,none,0.667,0.6,24.0,23.33,27.0,3.66,-9.0,0,0,0,0,4.0,0.0,0.57,False,999.0,False,0.25,1.0,0.074,decreasing,0.09,0
PM-SYN-052,2026-08-19T07:17:00+08:00,15m,27,25,sharp_turn,fresh,medium,clear,0.78,wharf,False,high,2,minor,0.667,0.8,24.0,23.73,27.0,3.72,0.0,0,1,0,1,6.0,0.07,0.6,False,999.0,False,0.25,1.0,0.09,increasing,0.184,0
PM-SYN-052,2026-08-19T07:19:00+08:00,15m,20,25,normal_update,fresh,medium,clear,0.78,wharf,False,high,0,none,0.333,0.6,21.67,23.53,27.0,3.97,2.0,0,1,0,1,6.0,0.0,0.63,False,999.0,False,0.25,1.0,0.184,decreasing,0.193,1
PM-SYN-052,2026-08-19T07:21:00+08:00,15m,28,25,normal_update,fresh,medium,clear,0.78,wharf,False,high,3,minor,0.667,0.6,25.0,24.13,28.0,4.15,1.0,0,1,0,1,6.0,0.007,0.67,False,0,True,0.25,1.0,0.193,stable,0.259,1
PM-SYN-052,2026-08-19T07:23:00+08:00,15m,17,25,sharp_turn,fresh,medium,clear,0.78,wharf,False,high,0,none,0.333,0.4,21.67,23.93,28.0,4.6,-3.0,0,2,0,2,8.0,0.0,0.7,False,2,True,0.25,1.0,0.259,decreasing,0.173,1
PM-SYN-052,2026-08-19T07:25:00+08:00,15m,29,25,normal_update,fresh,medium,clear,0.78,wharf,False,high,4,minor,0.667,0.6,24.67,24.47,29.0,4.79,1.0,0,2,0,2,8.0,0.147,0.73,False,4,True,0.25,1.0,0.173,increasing,0.258,1
PM-SYN-052,2026-08-19T07:27:00+08:00,15m,23,25,normal_update,fresh,medium,clear,0.78,wharf,False,high,0,none,0.333,0.4,23.0,24.87,29.0,4.59,6.0,0,1,0,1,8.0,0.0,0.77,False,6,True,0.25,1.0,0.258,decreasing,0.176,1
PM-SYN-052,2026-08-19T07:29:00+08:00,15m,24,25,normal_update,fresh,medium,clear,0.78,wharf,False,high,0,none,0.333,0.4,25.33,24.33,29.0,4.26,-5.0,0,1,0,1,6.0,0.0,0.8,False,8,True,0.25,1.0,0.176,decreasing,0.151,1
PM-SYN-052,2026-08-19T07:31:00+08:00,15m,24,25,stale_gps,stale,medium,clear,0.78,wharf,False,high,0,none,0.0,0.2,23.67,24.6,24.0,3.83,1.0,0,1,0,1,8.0,0.0,0.83,False,0,False,0.25,1.0,0.151,decreasing,0.147,1
PM-SYN-052,2026-08-19T07:33:00+08:00,15m,23,25,normal_update,fresh,medium,clear,0.78,wharf,False,high,0,none,0.0,0.2,23.67,24.73,24.0,2.24,-1.0,0,0,0,0,8.0,0.0,0.87,False,0,False,0.25,1.0,0.147,decreasing,0.049,1
PM-SYN-052,2026-08-19T07:35:00+08:00,15m,24,25,normal_update,fresh,medium,clear,0.78,wharf,False,high,0,none,0.0,0.0,23.67,24.2,24.0,0.49,0.0,0,0,0,0,6.0,0.0,0.9,False,2,False,0.25,1.0,0.049,decreasing,0.059,1
PM-SYN-052,2026-08-19T07:37:00+08:00,15m,18,25,normal_update,fresh,medium,clear,0.78,wharf,False,high,0,none,0.0,0.0,21.67,23.8,24.0,2.33,-5.0,0,0,0,0,6.0,0.0,0.93,False,4,False,0.25,1.0,0.059,decreasing,0.027,1
PM-SYN-052,2026-08-19T07:39:00+08:00,15m,23,25,normal_update,fresh,medium,clear,0.78,wharf,False,high,0,none,0.0,0.0,21.67,23.47,24.0,2.24,-1.0,0,0,0,0,6.0,0.0,0.97,False,6,False,0.25,1.0,0.027,stable,0.044,1
PM-SYN-052,2026-08-19T07:41:00+08:00,15m,20,25,stale_gps,stale,medium,clear,0.78,wharf,False,high,0,none,0.0,0.0,20.33,23.0,23.0,2.24,2.0,0,0,0,0,8.0,0.0,1.0,False,8,False,0.25,1.0,0.044,decreasing,0.048,1
PM-SYN-052,2026-08-19T07:43:00+08:00,15m,21,25,normal_update,fresh,medium,clear,0.78,wharf,False,high,0,none,0.0,0.0,21.33,22.6,23.0,2.14,-2.0,0,0,0,0,8.0,0.0,1.03,False,10,False,0.25,1.0,0.048,decreasing,0.032,0
PM-SYN-052,2026-08-19T07:45:00+08:00,15m,27,25,sharp_turn,fresh,medium,clear,0.78,wharf,False,high,2,minor,0.333,0.2,22.67,23.2,27.0,3.06,7.0,0,1,0,1,10.0,0.128,1.07,False,12,False,0.25,1.0,0.032,increasing,0.054,0
PM-SYN-052,2026-08-19T07:47:00+08:00,15m,25,25,normal_update,fresh,medium,clear,0.78,wharf,False,high,0,none,0.333,0.2,24.33,23.07,27.0,2.56,4.0,0,1,0,1,8.0,0.026,1.1,False,14,False,0.25,1.0,0.054,stable,0.102,0
PM-SYN-052,2026-08-19T07:49:00+08:00,15m,18,25,normal_update,fresh,medium,clear,0.78,wharf,False,high,0,none,0.333,0.2,23.33,22.93,27.0,3.31,-9.0,0,1,0,1,8.0,0.0,1.13,False,16,False,0.25,1.0,0.102,stable,0.05,0
PM-SYN-052,2026-08-19T07:51:00+08:00,15m,24,25,normal_update,fresh,medium,clear,0.78,wharf,False,high,0,none,0.0,0.2,22.33,22.67,25.0,3.16,-1.0,0,1,0,1,8.0,0.03,1.17,False,18,False,0.25,1.0,0.05,stable,0.055,0
PM-SYN-052,2026-08-19T07:53:00+08:00,15m,23,25,normal_update,fresh,medium,clear,0.78,wharf,False,high,0,none,0.0,0.2,21.67,23.07,24.0,3.01,5.0,0,1,0,1,6.0,0.025,1.2,False,20,False,0.25,1.0,0.055,stable,0.07,0
PM-SYN-052,2026-08-19T07:55:00+08:00,15m,32,25,normal_update,stale,medium,clear,0.78,wharf,False,high,7,minor,0.333,0.2,26.33,23.27,32.0,4.5,8.0,0,0,0,0,6.0,0.21,1.23,False,22,False,0.25,1.0,0.07,increasing,0.131,0
PM-SYN-052,2026-08-19T07:57:00+08:00,15m,20,25,stale_gps,stale,medium,clear,0.78,wharf,False,high,0,none,0.333,0.2,25.0,23.07,32.0,4.8,-3.0,0,0,0,0,8.0,0.0,1.27,False,24,False,0.25,1.0,0.131,decreasing,0.108,0
PM-SYN-052,2026-08-19T07:59:00+08:00,15m,33,25,normal_update,fresh,medium,clear,0.78,wharf,False,high,8,minor,0.667,0.4,28.33,23.67,33.0,5.16,1.0,0,0,0,0,8.0,0.212,1.3,False,26,False,0.25,1.0,0.108,increasing,0.057,0
PM-SYN-052,2026-08-19T08:01:00+08:00,15m,21,25,normal_update,fresh,medium,clear,0.78,wharf,False,high,0,none,0.333,0.4,24.67,23.47,33.0,5.56,1.0,0,0,0,0,6.0,0.0,1.33,False,28,False,0.25,1.0,0.057,decreasing,0.155,1
PM-SYN-052,2026-08-19T08:03:00+08:00,15m,23,25,normal_update,delayed,medium,clear,0.78,wharf,False,high,0,none,0.333,0.4,25.67,23.47,33.0,5.56,-10.0,0,0,0,0,6.0,0.0,1.37,False,0,True,0.25,1.0,0.155,decreasing,0.1,1
PM-SYN-052,2026-08-19T08:05:00+08:00,15m,26,25,normal_update,stale,medium,clear,0.78,wharf,False,high,1,minor,0.333,0.4,23.33,23.6,26.0,4.67,5.0,0,0,0,0,6.0,0.0,1.4,False,2,True,0.25,1.0,0.1,decreasing,0.09,1
PM-SYN-052,2026-08-19T08:07:00+08:00,15m,25,25,normal_update,delayed,medium,clear,0.78,wharf,False,high,0,none,0.333,0.4,24.67,24.07,26.0,4.08,2.0,0,0,0,0,6.0,0.0,1.43,False,4,True,0.25,1.0,0.09,decreasing,0.135,1
PM-SYN-052,2026-08-19T08:09:00+08:00,15m,31,25,normal_update,fresh,medium,clear,0.78,wharf,False,high,6,minor,0.667,0.4,27.33,24.6,31.0,3.37,5.0,0,0,0,0,6.0,0.105,1.47,False,6,True,0.25,1.0,0.135,increasing,0.078,1
PM-SYN-052,2026-08-19T08:11:00+08:00,15m,23,25,normal_update,fresh,medium,clear,0.78,wharf,False,high,0,none,0.333,0.4,26.33,24.8,31.0,2.94,-2.0,0,0,0,0,4.0,0.0,1.5,False,8,True,0.25,1.0,0.078,decreasing,0.163,1
PM-SYN-052,2026-08-19T08:13:00+08:00,15m,37,25,speeding,fresh,medium,clear,0.78,wharf,False,high,12,moderate,0.667,0.6,30.33,25.87,37.0,5.04,6.0,0,0,0,0,6.0,0.317,1.53,False,10,True,0.25,1.0,0.163,increasing,0.275,1
PM-SYN-052,2026-08-19T08:15:00+08:00,15m,28,25,normal_update,delayed,medium,clear,0.78,wharf,False,high,3,minor,0.667,0.6,29.33,25.93,37.0,4.92,5.0,0,0,0,0,4.0,0.0,1.57,False,12,True,0.25,1.0,0.275,decreasing,0.13,1
PM-SYN-052,2026-08-19T08:17:00+08:00,15m,19,25,normal_update,fresh,medium,clear,0.78,wharf,False,high,0,none,0.667,0.6,28.0,25.53,37.0,6.25,-18.0,0,0,0,0,4.0,0.0,1.6,False,14,False,0.25,1.0,0.13,decreasing,0.191,0
PM-SYN-052,2026-08-19T08:19:00+08:00,15m,20,25,normal_update,fresh,medium,clear,0.78,wharf,False,high,0,none,0.333,0.4,22.33,25.67,28.0,6.59,-8.0,0,0,0,0,4.0,0.0,1.63,False,16,False,0.25,1.0,0.191,decreasing,0.137,0
PM-SYN-052,2026-08-19T08:21:00+08:00,15m,23,25,stale_gps,stale,medium,clear,0.78,wharf,False,high,0,none,0.0,0.4,20.67,25.6,23.0,6.59,4.0,0,0,0,0,6.0,0.0,1.67,False,18,False,0.25,1.0,0.137,decreasing,0.077,0
PM-SYN-052,2026-08-19T08:23:00+08:00,15m,30,25,stale_gps,stale,medium,clear,0.78,wharf,False,high,5,minor,0.333,0.4,24.33,26.07,30.0,4.34,10.0,0,0,0,0,8.0,0.123,1.7,False,20,False,0.25,1.0,0.077,increasing,0.101,0
PM-SYN-052,2026-08-19T08:25:00+08:00,15m,20,25,normal_update,fresh,medium,clear,0.78,wharf,False,high,0,none,0.333,0.2,24.33,25.27,30.0,4.03,-3.0,0,0,0,0,8.0,0.0,1.73,False,22,False,0.25,1.0,0.101,decreasing,0.06,0
PM-SYN-052,2026-08-19T08:27:00+08:00,15m,23,25,normal_update,fresh,medium,clear,0.78,wharf,False,high,0,none,0.333,0.2,24.33,25.47,30.0,3.66,-7.0,0,0,0,0,6.0,0.0,1.77,False,24,False,0.25,1.0,0.06,decreasing,0.075,0
PM-SYN-052,2026-08-19T08:29:00+08:00,15m,31,25,normal_update,fresh,medium,clear,0.78,wharf,False,high,6,minor,0.333,0.4,24.67,25.33,31.0,4.32,11.0,0,0,0,0,6.0,0.165,1.8,False,26,False,0.25,1.0,0.075,increasing,0.117,0
PM-SYN-052,2026-08-19T08:31:00+08:00,15m,19,25,normal_update,fresh,medium,clear,0.78,wharf,False,high,0,none,0.333,0.4,24.33,25.2,31.0,5.0,-4.0,0,0,0,0,6.0,0.0,1.83,False,28,False,0.25,1.0,0.117,decreasing,0.132,0
PM-SYN-052,2026-08-19T08:33:00+08:00,15m,24,25,normal_update,fresh,medium,clear,0.78,wharf,False,high,0,none,0.333,0.2,24.67,25.27,31.0,4.22,-7.0,0,0,0,0,6.0,0.0,1.87,False,30,False,0.25,1.0,0.132,decreasing,0.045,0
PM-SYN-052,2026-08-19T08:35:00+08:00,15m,34,25,normal_update,fresh,medium,clear,0.78,wharf,False,high,9,minor,0.333,0.4,25.67,25.8,34.0,5.49,15.0,0,0,0,0,6.0,0.315,1.9,False,32,False,0.25,1.0,0.045,increasing,0.114,0
PM-SYN-052,2026-08-19T08:37:00+08:00,15m,35,25,normal_update,fresh,medium,clear,0.78,wharf,False,high,10,minor,0.667,0.6,31.0,26.47,35.0,6.15,11.0,0,0,0,0,6.0,0.286,1.93,False,34,False,0.25,1.0,0.114,increasing,0.136,0
PM-SYN-052,2026-08-19T08:39:00+08:00,15m,21,25,normal_update,delayed,medium,clear,0.78,wharf,False,high,0,none,0.667,0.4,30.0,25.8,35.0,6.65,-13.0,0,0,0,0,6.0,0.0,1.97,False,36,False,0.25,1.0,0.136,decreasing,0.076,0
PM-SYN-052,2026-08-19T08:41:00+08:00,15m,21,25,normal_update,fresh,medium,clear,0.78,wharf,False,high,0,none,0.333,0.4,25.67,25.67,35.0,6.23,-14.0,0,0,0,0,6.0,0.0,2.0,False,38,False,0.25,1.0,0.076,decreasing,0.094,0
PM-SYN-052,2026-08-19T08:43:00+08:00,15m,27,25,stale_gps,stale,medium,clear,0.78,wharf,False,high,2,minor,0.333,0.6,23.0,25.0,27.0,6.05,6.0,0,0,0,0,6.0,0.0,2.03,False,40,False,0.25,1.0,0.094,stable,0.177,0
PM-SYN-052,2026-08-19T08:45:00+08:00,15m,25,25,normal_update,fresh,medium,clear,0.78,wharf,False,high,0,none,0.333,0.4,24.33,24.8,27.0,5.15,4.0,0,0,0,0,6.0,0.0,2.07,False,42,False,0.25,1.0,0.177,decreasing,0.154,1
PM-SYN-052,2026-08-19T08:47:00+08:00,15m,23,25,stale_gps,stale,medium,clear,0.78,wharf,False,high,0,none,0.333,0.2,25.0,25.07,27.0,2.33,-4.0,0,0,0,0,8.0,0.0,2.1,False,0,False,0.25,1.0,0.154,decreasing,0.085,1
PM-SYN-052,2026-08-19T08:49:00+08:00,15m,32,25,speeding,delayed,medium,clear,0.78,wharf,False,high,7,minor,0.333,0.4,26.67,25.87,32.0,3.77,7.0,0,0,0,0,10.0,0.195,2.13,False,2,False,0.25,1.0,0.085,increasing,0.123,1
PM-SYN-052,2026-08-19T08:51:00+08:00,15m,23,25,normal_update,fresh,medium,clear,0.78,wharf,False,high,0,none,0.333,0.4,26.0,25.87,32.0,3.35,0.0,0,0,0,0,8.0,0.0,2.17,False,4,False,0.25,1.0,0.123,decreasing,0.105,1
PM-SYN-052,2026-08-19T08:53:00+08:00,15m,22,25,normal_update,fresh,medium,clear,0.78,wharf,False,high,0,none,0.333,0.2,25.67,25.33,32.0,3.63,-10.0,0,0,0,0,6.0,0.0,2.2,False,6,False,0.25,1.0,0.105,decreasing,0.065,1
PM-SYN-052,2026-08-19T08:55:00+08:00,15m,23,25,normal_update,fresh,medium,clear,0.78,wharf,False,high,0,none,0.0,0.2,22.67,25.53,23.0,3.72,0.0,0,0,0,0,6.0,0.0,2.23,False,0,False,0.25,1.0,0.065,decreasing,0.04,1
PM-SYN-052,2026-08-19T08:57:00+08:00,15m,21,25,normal_update,stale,medium,clear,0.78,wharf,False,high,0,none,0.0,0.2,22.0,25.4,23.0,3.97,-1.0,0,0,0,0,6.0,0.0,2.27,False,2,False,0.25,1.0,0.04,stable,0.073,1
PM-SYN-052,2026-08-19T08:59:00+08:00,15m,20,25,sharp_turn,fresh,medium,clear,0.78,wharf,False,high,0,none,0.0,0.0,21.33,24.67,23.0,1.17,-3.0,0,1,0,1,8.0,0.007,2.3,False,4,False,0.25,1.0,0.073,stable,0.062,1
PM-SYN-052,2026-08-19T09:01:00+08:00,15m,21,25,normal_update,delayed,medium,clear,0.78,wharf,False,high,0,none,0.0,0.0,20.67,24.8,21.0,1.02,0.0,0,1,0,1,8.0,0.018,2.33,False,6,False,0.25,1.0,0.062,stable,0.05,1
PM-SYN-052,2026-08-19T09:03:00+08:00,15m,25,25,normal_update,fresh,medium,clear,0.78,wharf,False,high,0,none,0.0,0.0,22.0,24.87,25.0,1.79,5.0,0,1,0,1,8.0,0.03,2.37,False,8,False,0.25,1.0,0.05,stable,0.038,0
PM-SYN-053,2026-08-19T09:24:00+08:00,15m,19,25,normal_update,fresh,high,rain,0.72,caution,False,medium,0,none,0.333,0.4,22.67,23.93,26.0,2.79,-4.0,0,1,0,1,6.0,0.0,0.5,False,999.0,False,0.75,0.35,0.348,decreasing,0.052,0
PM-SYN-053,2026-08-19T09:26:00+08:00,15m,25,25,normal_update,fresh,high,rain,0.72,caution,False,medium,0,none,0.333,0.2,23.33,24.27,26.0,2.42,-1.0,0,0,0,0,6.0,0.0,0.53,False,999.0,False,0.75,0.35,0.052,decreasing,0.077,0
PM-SYN-053,2026-08-19T09:28:00+08:00,15m,24,25,normal_update,fresh,high,rain,0.72,caution,False,medium,0,none,0.0,0.2,22.67,24.13,25.0,2.42,5.0,0,0,0,0,6.0,0.0,0.57,False,999.0,False,0.75,0.35,0.077,decreasing,0.037,0
PM-SYN-053,2026-08-19T09:30:00+08:00,15m,38,25,harsh_brake,fresh,high,rain,0.72,caution,False,medium,13,moderate,0.333,0.4,29.0,24.73,38.0,6.28,13.0,1,0,1,0,8.0,0.563,0.6,False,999.0,False,0.75,0.35,0.037,increasing,0.185,1
PM-SYN-053,2026-08-19T09:32:00+08:00,15m,24,25,normal_update,delayed,high,rain,0.72,caution,False,medium,0,none,0.333,0.2,28.67,24.73,38.0,6.36,0.0,1,0,1,0,8.0,0.0,0.63,False,0,True,0.75,0.35,0.185,decreasing,0.1,1
PM-SYN-053,2026-08-19T09:34:00+08:00,15m,36,25,speeding,delayed,high,rain,0.72,caution,False,medium,11,moderate,0.667,0.4,32.67,25.8,38.0,6.25,-2.0,1,0,1,0,10.0,0.42,0.67,False,2,True,0.75,0.35,0.1,increasing,0.136,1
PM-SYN-053,2026-08-19T09:36:00+08:00,15m,19,25,normal_update,fresh,high,rain,0.72,caution,False,medium,0,none,0.333,0.4,26.33,25.73,36.0,7.44,-5.0,1,0,1,0,10.0,0.0,0.7,False,0,False,0.75,0.35,0.136,decreasing,0.11,1
PM-SYN-053,2026-08-19T09:38:00+08:00,15m,31,25,speeding,delayed,high,rain,0.72,caution,False,medium,6,minor,0.667,0.6,28.67,26.2,36.0,7.17,-5.0,1,0,1,0,12.0,0.21,0.73,False,2,False,0.75,0.35,0.11,increasing,0.127,1
PM-SYN-053,2026-08-19T09:40:00+08:00,15m,22,25,normal_update,fresh,high,rain,0.72,caution,False,medium,0,none,0.333,0.4,24.0,25.33,31.0,6.22,3.0,0,0,0,0,10.0,0.0,0.77,False,4,False,0.75,0.35,0.127,decreasing,0.098,1
PM-SYN-053,2026-08-19T09:42:00+08:00,15m,34,25,speeding,fresh,high,rain,0.72,caution,False,medium,9,minor,0.667,0.6,29.0,26.2,34.0,6.71,3.0,0,0,0,0,12.0,0.262,0.8,False,6,False,0.75,0.35,0.098,increasing,0.148,1
PM-SYN-053,2026-08-19T09:44:00+08:00,15m,33,25,normal_update,fresh,high,rain,0.72,caution,False,medium,8,minor,0.667,0.6,29.67,27.0,34.0,6.11,11.0,0,0,0,0,10.0,0.172,0.83,False,0,True,0.75,0.35,0.148,increasing,0.185,1
PM-SYN-053,2026-08-19T09:46:00+08:00,15m,35,25,normal_update,delayed,high,rain,0.72,caution,False,medium,10,minor,1.0,0.8,34.0,27.53,35.0,4.69,1.0,0,0,0,0,8.0,0.215,0.87,False,0,True,0.75,0.35,0.185,increasing,0.115,1
PM-SYN-053,2026-08-19T09:48:00+08:00,15m,27,25,normal_update,delayed,high,rain,0.72,caution,False,medium,2,minor,1.0,0.8,31.67,27.73,35.0,4.96,-6.0,0,0,0,0,8.0,0.0,0.9,False,2,True,0.75,0.35,0.115,stable,0.189,1
PM-SYN-053,2026-08-19T09:50:00+08:00,15m,20,25,normal_update,fresh,high,rain,0.72,caution,False,medium,0,none,0.667,0.8,27.33,27.53,35.0,5.64,-15.0,0,0,0,0,8.0,0.0,0.93,False,4,True,0.75,0.35,0.189,decreasing,0.236,1
PM-SYN-053,2026-08-19T09:52:00+08:00,15m,21,25,normal_update,fresh,high,rain,0.72,caution,False,medium,0,none,0.333,0.6,22.67,27.2,27.0,6.08,-6.0,0,0,0,0,8.0,0.0,0.97,False,6,True,0.75,0.35,0.236,decreasing,0.077,1
PM-SYN-053,2026-08-19T09:54:00+08:00,15m,31,25,normal_update,fresh,high,rain,0.72,caution,False,medium,6,minor,0.333,0.6,24.0,28.0,31.0,5.74,11.0,0,0,0,0,8.0,0.163,1.0,False,8,True,0.75,0.35,0.077,increasing,0.182,0
PM-SYN-053,2026-08-19T09:56:00+08:00,15m,21,25,normal_update,fresh,high,rain,0.72,caution,False,medium,0,none,0.333,0.4,24.33,27.73,31.0,4.29,0.0,0,0,0,0,8.0,0.0,1.03,False,10,True,0.75,0.35,0.182,decreasing,0.08,0
PM-SYN-053,2026-08-19T09:58:00+08:00,15m,19,25,normal_update,fresh,high,rain,0.72,caution,False,medium,0,none,0.333,0.2,23.67,27.4,31.0,4.36,-12.0,0,0,0,0,8.0,0.0,1.07,False,12,True,0.75,0.35,0.08,decreasing,0.07,0
PM-SYN-053,2026-08-19T10:00:00+08:00,15m,21,25,sharp_turn,fresh,high,rain,0.72,caution,False,medium,0,none,0.0,0.2,20.33,26.27,21.0,4.27,0.0,0,1,0,1,8.0,0.01,1.1,False,14,False,0.75,0.35,0.07,stable,0.045,0
PM-SYN-053,2026-08-19T10:02:00+08:00,15m,21,25,normal_update,fresh,high,rain,0.72,caution,False,medium,0,none,0.0,0.2,20.33,26.07,21.0,4.27,2.0,0,1,0,1,8.0,0.035,1.13,False,16,False,0.75,0.35,0.045,stable,0.094,0
PM-SYN-053,2026-08-19T10:04:00+08:00,15m,28,25,normal_update,fresh,high,rain,0.72,caution,False,medium,3,minor,0.333,0.2,23.33,25.53,28.0,3.1,7.0,0,1,0,1,6.0,0.106,1.17,False,18,False,0.75,0.35,0.094,increasing,0.076,0
PM-SYN-053,2026-08-19T10:06:00+08:00,15m,27,25,normal_update,fresh,high,rain,0.72,caution,False,medium,2,minor,0.667,0.4,25.33,26.07,28.0,3.6,6.0,0,1,0,1,6.0,0.084,1.2,False,20,False,0.75,0.35,0.076,increasing,0.071,0
PM-SYN-053,2026-08-19T10:08:00+08:00,15m,23,25,normal_update,fresh,high,rain,0.72,caution,False,medium,0,none,0.667,0.4,26.0,25.53,28.0,2.97,-5.0,0,1,0,1,4.0,0.009,1.23,False,22,False,0.75,0.35,0.071,stable,0.075,0
PM-SYN-053,2026-08-19T10:10:00+08:00,15m,22,25,normal_update,fresh,high,rain,0.72,caution,False,medium,0,none,0.333,0.4,24.0,25.53,27.0,2.79,-5.0,0,0,0,0,4.0,0.0,1.27,False,24,False,0.75,0.35,0.075,decreasing,0.055,0
PM-SYN-053,2026-08-19T10:12:00+08:00,15m,34,25,normal_update,delayed,high,rain,0.72,caution,False,medium,9,minor,0.333,0.6,26.33,25.53,34.0,4.26,11.0,0,0,0,0,2.0,0.305,1.3,False,26,False,0.75,0.35,0.055,increasing,0.171,0
PM-SYN-053,2026-08-19T10:14:00+08:00,15m,19,25,normal_update,fresh,high,rain,0.72,caution,False,medium,0,none,0.333,0.4,25.0,24.6,34.0,5.18,-3.0,0,0,0,0,2.0,0.0,1.33,False,28,False,0.75,0.35,0.171,decreasing,0.094,0
PM-SYN-053,2026-08-19T10:16:00+08:00,15m,20,25,normal_update,delayed,high,rain,0.72,caution,False,medium,0,none,0.333,0.2,24.33,23.6,34.0,5.39,-14.0,0,0,0,0,2.0,0.0,1.37,False,30,False,0.75,0.35,0.094,decreasing,0.061,0
PM-SYN-053,2026-08-19T10:18:00+08:00,15m,26,25,normal_update,fresh,high,rain,0.72,caution,False,medium,1,minor,0.333,0.4,21.67,23.53,26.0,5.46,7.0,0,0,0,0,2.0,0.0,1.4,False,32,False,0.75,0.35,0.061,stable,0.089,0
PM-SYN-053,2026-08-19T10:20:00+08:00,15m,24,25,normal_update,fresh,high,rain,0.72,caution,False,medium,0,none,0.333,0.4,23.33,23.8,26.0,5.35,4.0,0,0,0,0,2.0,0.0,1.43,False,34,False,0.75,0.35,0.089,decreasing,0.068,0
PM-SYN-053,2026-08-19T10:22:00+08:00,15m,19,25,sharp_turn,fresh,high,rain,0.72,caution,False,medium,0,none,0.333,0.2,23.0,23.67,26.0,2.87,-7.0,0,1,0,1,4.0,0.012,1.47,False,36,False,0.75,0.35,0.068,stable,0.097,0
PM-SYN-053,2026-08-19T10:24:00+08:00,15m,25,25,sharp_turn,fresh,high,rain,0.72,caution,False,medium,0,none,0.0,0.2,22.67,23.27,25.0,2.79,1.0,0,2,0,2,6.0,0.063,1.5,False,38,False,0.75,0.35,0.097,increasing,0.129,0
PM-SYN-053,2026-08-19T10:26:00+08:00,15m,31,25,speeding,fresh,high,rain,0.72,caution,False,medium,6,minor,0.333,0.4,25.0,23.93,31.0,3.85,12.0,0,2,0,2,8.0,0.271,1.53,False,40,False,0.75,0.35,0.129,increasing,0.171,0
PM-SYN-053,2026-08-19T10:28:00+08:00,15m,20,25,stale_gps,stale,high,rain,0.72,caution,False,medium,0,none,0.333,0.2,25.33,24.0,31.0,4.26,-5.0,0,2,0,2,10.0,0.0,1.57,False,42,False,0.75,0.35,0.171,stable,0.049,0
PM-SYN-053,2026-08-19T10:30:00+08:00,15m,30,25,speeding,fresh,high,rain,0.72,caution,False,medium,5,minor,0.667,0.4,27.0,24.6,31.0,4.94,-1.0,0,2,0,2,10.0,0.311,1.6,False,44,False,0.75,0.35,0.049,increasing,0.154,0
PM-SYN-053,2026-08-19T10:32:00+08:00,15m,21,25,normal_update,fresh,high,rain,0.72,caution,False,medium,0,none,0.333,0.4,23.67,24.6,30.0,4.5,1.0,0,1,0,1,10.0,0.0,1.63,False,46,False,0.75,0.35,0.154,decreasing,0.084,0
PM-SYN-053,2026-08-19T10:34:00+08:00,15m,22,25,sharp_turn,fresh,high,rain,0.72,caution,False,medium,0,none,0.333,0.4,24.33,24.2,30.0,4.71,-8.0,0,1,0,1,12.0,0.0,1.67,False,48,False,0.75,0.35,0.084,stable,0.12,0
PM-SYN-053,2026-08-19T10:36:00+08:00,15m,22,25,normal_update,delayed,high,rain,0.72,caution,False,medium,0,none,0.0,0.2,21.67,23.87,22.0,3.58,1.0,0,1,0,1,12.0,0.0,1.7,False,50,False,0.75,0.35,0.12,stable,0.086,0
PM-SYN-053,2026-08-19T10:38:00+08:00,15m,32,25,speeding,fresh,high,rain,0.72,caution,False,medium,7,minor,0.333,0.4,25.33,24.47,32.0,4.63,10.0,0,1,0,1,14.0,0.274,1.73,False,52,False,0.75,0.35,0.086,increasing,0.091,0
PM-SYN-053,2026-08-19T10:40:00+08:00,15m,18,25,normal_update,fresh,high,rain,0.72,caution,False,medium,0,none,0.333,0.2,24.0,24.2,32.0,4.73,-4.0,0,1,0,1,14.0,0.0,1.77,False,54,False,0.75,0.35,0.091,stable,0.095,0
PM-SYN-053,2026-08-19T10:42:00+08:00,15m,32,25,normal_update,fresh,high,rain,0.72,caution,False,medium,7,minor,0.667,0.4,27.33,24.07,32.0,5.74,0.0,0,1,0,1,14.0,0.265,1.8,False,56,False,0.75,0.35,0.095,increasing,0.063,0
PM-SYN-053,2026-08-19T10:44:00+08:00,15m,19,25,stale_gps,stale,high,rain,0.72,caution,False,medium,0,none,0.333,0.4,23.0,24.07,32.0,6.18,1.0,0,0,0,0,16.0,0.0,1.83,False,58,False,0.75,0.35,0.063,decreasing,0.102,0
PM-SYN-053,2026-08-19T10:46:00+08:00,15m,27,25,normal_update,fresh,high,rain,0.72,caution,False,medium,2,minor,0.667,0.6,26.0,24.53,32.0,6.09,-5.0,0,0,0,0,16.0,0.0,1.87,False,60,False,0.75,0.35,0.102,stable,0.132,0
PM-SYN-053,2026-08-19T10:48:00+08:00,15m,24,25,normal_update,delayed,high,rain,0.72,caution,False,medium,0,none,0.333,0.4,23.33,24.4,27.0,5.18,5.0,0,0,0,0,16.0,0.0,1.9,False,62,False,0.75,0.35,0.132,decreasing,0.12,0
PM-SYN-053,2026-08-19T10:50:00+08:00,15m,30,25,speeding,fresh,high,rain,0.72,caution,False,medium,5,minor,0.667,0.6,27.0,24.8,30.0,4.59,3.0,0,0,0,0,18.0,0.08,1.93,False,64,False,0.75,0.35,0.12,increasing,0.052,0
PM-SYN-053,2026-08-19T10:52:00+08:00,15m,21,25,normal_update,fresh,high,rain,0.72,caution,False,medium,0,none,0.333,0.4,25.0,24.93,30.0,3.97,-3.0,0,0,0,0,16.0,0.0,1.97,False,66,False,0.75,0.35,0.052,decreasing,0.112,0
PM-SYN-053,2026-08-19T10:54:00+08:00,15m,23,25,normal_update,fresh,high,rain,0.72,caution,False,medium,0,none,0.333,0.4,24.67,24.8,30.0,3.16,-7.0,0,0,0,0,14.0,0.0,2.0,False,68,False,0.75,0.35,0.112,decreasing,0.043,0
PM-SYN-053,2026-08-19T10:56:00+08:00,15m,20,25,normal_update,fresh,high,rain,0.72,caution,False,medium,0,none,0.0,0.2,21.33,24.07,23.0,3.5,-1.0,0,0,0,0,12.0,0.0,2.03,False,70,False,0.75,0.35,0.043,decreasing,0.078,1
PM-SYN-053,2026-08-19T10:58:00+08:00,15m,23,25,normal_update,fresh,high,rain,0.72,caution,False,medium,0,none,0.0,0.2,22.0,24.27,23.0,3.5,0.0,0,0,0,0,10.0,0.0,2.07,False,0,False,0.75,0.35,0.078,decreasing,0.035,1
PM-SYN-053,2026-08-19T11:00:00+08:00,15m,31,25,normal_update,delayed,high,rain,0.72,caution,False,medium,6,minor,0.333,0.2,24.67,24.33,31.0,3.88,11.0,0,0,0,0,8.0,0.205,2.1,False,2,False,0.75,0.35,0.035,increasing,0.103,0
PM-SYN-053,2026-08-19T11:02:00+08:00,15m,17,25,normal_update,fresh,high,rain,0.72,caution,False,medium,0,none,0.333,0.2,23.67,24.07,31.0,4.66,-6.0,0,0,0,0,8.0,0.0,2.13,False,4,False,0.75,0.35,0.103,decreasing,0.035,0
PM-SYN-053,2026-08-19T11:04:00+08:00,15m,22,25,normal_update,fresh,high,rain,0.72,caution,False,medium,0,none,0.333,0.2,23.33,24.07,31.0,4.67,-9.0,0,0,0,0,6.0,0.0,2.17,False,6,False,0.75,0.35,0.035,stable,0.067,0
PM-SYN-053,2026-08-19T11:06:00+08:00,15m,18,25,normal_update,fresh,high,rain,0.72,caution,False,medium,0,none,0.0,0.2,19.0,23.8,22.0,4.96,1.0,0,0,0,0,6.0,0.0,2.2,False,8,False,0.75,0.35,0.067,decreasing,0.077,0
PM-SYN-053,2026-08-19T11:08:00+08:00,15m,20,25,normal_update,delayed,high,rain,0.72,caution,False,medium,0,none,0.0,0.2,20.0,23.0,22.0,5.0,-2.0,0,0,0,0,4.0,0.0,2.23,False,10,False,0.75,0.35,0.077,decreasing,0.084,0
PM-SYN-053,2026-08-19T11:10:00+08:00,15m,23,25,normal_update,fresh,high,rain,0.72,caution,False,medium,0,none,0.0,0.0,20.33,23.33,23.0,2.28,5.0,0,0,0,0,4.0,0.0,2.27,False,12,False,0.75,0.35,0.084,decreasing,0.022,0
PM-SYN-053,2026-08-19T11:12:00+08:00,15m,21,25,harsh_brake,delayed,high,rain,0.72,caution,False,medium,0,none,0.0,0.0,21.33,22.6,23.0,1.72,1.0,1,0,1,0,6.0,0.058,2.3,False,14,False,0.75,0.35,0.022,increasing,0.042,1
PM-SYN-053,2026-08-19T11:14:00+08:00,15m,26,25,normal_update,fresh,high,rain,0.72,caution,False,medium,1,minor,0.333,0.2,23.33,23.07,26.0,2.73,3.0,1,0,1,0,4.0,0.078,2.33,False,0,True,0.75,0.35,0.042,increasing,0.081,1
PM-SYN-053,2026-08-19T11:16:00+08:00,15m,22,25,sharp_turn,delayed,high,rain,0.72,caution,False,medium,0,none,0.333,0.2,23.0,22.73,26.0,2.06,1.0,1,1,1,1,6.0,0.079,2.37,False,2,True,0.75,0.35,0.081,increasing,0.134,1
PM-SYN-054,2026-08-19T06:39:00+08:00,15m,23,15,speeding,delayed,high,rain,0.72,caution,False,medium,8,minor,0.667,0.4,18.33,14.93,23.0,5.15,2.0,0,1,0,1,6.0,0.109,0.5,True,999.0,False,0.75,0.35,0.291,increasing,0.104,1
PM-SYN-054,2026-08-19T06:41:00+08:00,15m,16,15,normal_update,fresh,high,rain,0.72,caution,False,medium,1,minor,0.667,0.6,16.67,14.67,23.0,4.96,5.0,0,0,0,0,6.0,0.0,0.53,True,0,True,0.75,0.35,0.104,decreasing,0.113,1
PM-SYN-054,2026-08-19T06:43:00+08:00,15m,11,15,normal_update,fresh,high,rain,0.72,caution,False,medium,0,none,0.667,0.6,16.67,14.0,23.0,4.96,-12.0,0,0,0,0,6.0,0.0,0.57,True,0,True,0.75,0.35,0.113,decreasing,0.19,1
PM-SYN-054,2026-08-19T06:45:00+08:00,15m,10,15,normal_update,fresh,high,rain,0.72,caution,False,medium,0,none,0.333,0.4,12.33,14.13,16.0,4.87,-6.0,0,0,0,0,6.0,0.0,0.6,True,2,True,0.75,0.35,0.19,decreasing,0.14,1
PM-SYN-054,2026-08-19T06:47:00+08:00,15m,12,15,normal_update,delayed,high,rain,0.72,caution,False,medium,0,none,0.0,0.4,11.0,14.33,12.0,4.76,1.0,0,0,0,0,6.0,0.0,0.63,True,4,True,0.75,0.35,0.14,decreasing,0.189,1
PM-SYN-054,2026-08-19T06:49:00+08:00,15m,8,15,normal_update,fresh,high,rain,0.72,caution,False,medium,0,none,0.0,0.2,10.0,13.6,12.0,2.65,-2.0,0,0,0,0,6.0,0.0,0.67,True,6,True,0.75,0.35,0.189,decreasing,0.116,1
PM-SYN-054,2026-08-19T06:51:00+08:00,15m,13,15,harsh_brake,delayed,high,rain,0.72,caution,False,medium,0,none,0.0,0.0,11.0,13.13,13.0,1.72,1.0,1,0,1,0,8.0,0.0,0.7,True,8,True,0.75,0.35,0.116,stable,0.062,1
PM-SYN-054,2026-08-19T06:53:00+08:00,15m,8,15,normal_update,fresh,high,rain,0.72,caution,False,medium,0,none,0.0,0.0,9.67,13.0,13.0,2.04,0.0,1,0,1,0,8.0,0.018,0.73,True,10,True,0.75,0.35,0.062,stable,0.119,1
PM-SYN-054,2026-08-19T06:55:00+08:00,15m,11,15,normal_update,delayed,high,rain,0.72,caution,False,medium,0,none,0.0,0.0,10.67,13.2,13.0,2.06,-2.0,1,0,1,0,8.0,0.0,0.77,True,12,True,0.75,0.35,0.119,stable,0.076,0
PM-SYN-054,2026-08-19T06:57:00+08:00,15m,13,15,normal_update,fresh,high,rain,0.72,caution,False,medium,0,none,0.0,0.0,10.67,13.07,13.0,2.24,5.0,1,0,1,0,8.0,0.004,0.8,True,14,False,0.75,0.35,0.076,stable,0.054,0
PM-SYN-054,2026-08-19T06:59:00+08:00,15m,14,15,normal_update,fresh,high,rain,0.72,caution,False,medium,0,none,0.0,0.0,12.67,13.0,14.0,2.14,3.0,1,0,1,0,8.0,0.026,0.83,True,16,False,0.75,0.35,0.054,stable,0.085,0
PM-SYN-054,2026-08-19T07:01:00+08:00,15m,18,15,normal_update,fresh,high,rain,0.72,caution,False,medium,3,minor,0.333,0.2,15.0,13.33,18.0,3.31,5.0,0,0,0,0,6.0,0.035,0.87,False,18,False,0.75,0.35,0.085,stable,0.065,0
PM-SYN-054,2026-08-19T07:03:00+08:00,15m,26,15,speeding,fresh,high,rain,0.72,caution,False,medium,11,moderate,0.667,0.4,19.33,14.33,26.0,5.31,12.0,0,0,0,0,8.0,0.375,0.9,False,20,False,0.75,0.35,0.065,increasing,0.052,1
PM-SYN-054,2026-08-19T07:05:00+08:00,15m,23,15,normal_update,fresh,high,rain,0.72,caution,False,medium,8,minor,1.0,0.6,22.33,14.47,26.0,5.04,5.0,0,0,0,0,6.0,0.268,0.93,False,0,True,0.75,0.35,0.052,increasing,0.136,1
PM-SYN-054,2026-08-19T07:07:00+08:00,15m,14,15,normal_update,fresh,high,rain,0.72,caution,False,medium,0,none,0.667,0.6,21.0,14.67,26.0,4.82,-12.0,0,0,0,0,6.0,0.0,0.97,False,2,True,0.75,0.35,0.136,decreasing,0.123,1
PM-SYN-054,2026-08-19T07:09:00+08:00,15m,20,15,normal_update,fresh,high,rain,0.72,caution,False,medium,5,minor,0.667,0.8,19.0,14.47,23.0,4.12,-3.0,0,0,0,0,4.0,0.077,1.0,False,4,True,0.75,0.35,0.123,increasing,0.142,0
PM-SYN-054,2026-08-19T07:11:00+08:00,15m,12,15,sharp_turn,fresh,high,rain,0.72,caution,False,medium,0,none,0.333,0.6,15.33,14.2,20.0,5.29,-2.0,0,1,0,1,6.0,0.0,1.03,False,6,True,0.75,0.35,0.142,decreasing,0.234,0
PM-SYN-054,2026-08-19T07:13:00+08:00,15m,23,15,speeding,delayed,high,rain,0.72,caution,False,medium,8,minor,0.667,0.6,18.33,15.0,23.0,4.59,3.0,0,1,0,1,8.0,0.166,1.07,False,8,True,0.75,0.35,0.234,increasing,0.156,0
PM-SYN-054,2026-08-19T07:15:00+08:00,15m,15,15,normal_update,fresh,high,rain,0.72,caution,False,medium,0,none,0.333,0.4,16.67,15.33,23.0,4.07,3.0,0,1,0,1,8.0,0.0,1.1,False,10,True,0.75,0.35,0.156,decreasing,0.121,0
PM-SYN-054,2026-08-19T07:17:00+08:00,15m,28,15,normal_update,fresh,high,rain,0.72,caution,False,medium,13,moderate,0.667,0.6,22.0,16.4,28.0,5.68,5.0,0,1,0,1,8.0,0.479,1.13,False,12,True,0.75,0.35,0.121,increasing,0.164,0
PM-SYN-054,2026-08-19T07:19:00+08:00,15m,10,15,normal_update,fresh,high,rain,0.72,caution,False,medium,0,none,0.333,0.4,17.67,16.53,28.0,6.83,-5.0,0,1,0,1,8.0,0.0,1.17,False,14,False,0.75,0.35,0.164,decreasing,0.059,0
PM-SYN-054,2026-08-19T07:21:00+08:00,15m,12,15,normal_update,fresh,high,rain,0.72,caution,False,medium,0,none,0.333,0.4,16.67,16.47,28.0,6.83,-16.0,0,0,0,0,6.0,0.0,1.2,False,16,False,0.75,0.35,0.059,decreasing,0.1,0
PM-SYN-054,2026-08-19T07:23:00+08:00,15m,12,15,normal_update,fresh,high,rain,0.72,caution,False,medium,0,none,0.0,0.2,11.33,16.73,12.0,6.5,2.0,0,0,0,0,6.0,0.0,1.23,False,18,False,0.75,0.35,0.1,decreasing,0.059,0
PM-SYN-054,2026-08-19T07:25:00+08:00,15m,25,15,speeding,fresh,high,rain,0.72,caution,False,medium,10,minor,0.333,0.4,16.33,17.67,25.0,7.53,13.0,0,0,0,0,8.0,0.341,1.27,False,20,False,0.75,0.35,0.059,increasing,0.093,0
PM-SYN-054,2026-08-19T07:27:00+08:00,15m,14,15,stale_gps,stale,high,rain,0.72,caution,False,medium,0,none,0.333,0.2,17.0,17.73,25.0,5.35,2.0,0,0,0,0,10.0,0.0,1.3,False,22,False,0.75,0.35,0.093,decreasing,0.041,0
PM-SYN-054,2026-08-19T07:29:00+08:00,15m,12,15,normal_update,fresh,high,rain,0.72,caution,False,medium,0,none,0.333,0.2,17.0,17.6,25.0,5.06,-13.0,0,0,0,0,10.0,0.0,1.33,False,24,False,0.75,0.35,0.041,decreasing,0.102,0
PM-SYN-054,2026-08-19T07:31:00+08:00,15m,18,15,normal_update,fresh,high,rain,0.72,caution,False,medium,3,minor,0.333,0.4,14.67,17.6,18.0,4.92,4.0,0,0,0,0,10.0,0.018,1.37,False,26,False,0.75,0.35,0.102,stable,0.04,1
PM-SYN-054,2026-08-19T07:33:00+08:00,15m,16,15,normal_update,stale,high,rain,0.72,caution,False,medium,1,minor,0.667,0.6,15.33,16.93,18.0,4.47,4.0,0,0,0,0,8.0,0.0,1.4,False,0,True,0.75,0.35,0.04,stable,0.087,1
PM-SYN-054,2026-08-19T07:35:00+08:00,15m,11,15,normal_update,fresh,high,rain,0.72,caution,False,medium,0,none,0.667,0.4,15.0,16.13,18.0,2.56,-7.0,0,0,0,0,8.0,0.0,1.43,False,2,True,0.75,0.35,0.087,decreasing,0.144,1
PM-SYN-054,2026-08-19T07:37:00+08:00,15m,24,15,normal_update,fresh,high,rain,0.72,caution,False,medium,9,minor,0.667,0.6,17.0,16.8,24.0,4.66,8.0,0,0,0,0,8.0,0.216,1.47,False,4,True,0.75,0.35,0.144,increasing,0.106,1
PM-SYN-054,2026-08-19T07:39:00+08:00,15m,13,15,normal_update,stale,high,rain,0.72,caution,False,medium,0,none,0.333,0.6,16.0,16.33,24.0,4.5,2.0,0,0,0,0,8.0,0.0,1.5,False,6,True,0.75,0.35,0.106,decreasing,0.2,1
PM-SYN-054,2026-08-19T07:41:00+08:00,15m,16,15,normal_update,fresh,high,rain,0.72,caution,False,medium,1,minor,0.667,0.6,17.67,16.6,24.0,4.43,-8.0,0,0,0,0,6.0,0.0,1.53,False,8,True,0.75,0.35,0.2,decreasing,0.098,0
PM-SYN-054,2026-08-19T07:43:00+08:00,15m,11,15,normal_update,fresh,high,rain,0.72,caution,False,medium,0,none,0.333,0.4,13.33,15.8,16.0,4.86,-2.0,0,0,0,0,4.0,0.0,1.57,False,10,True,0.75,0.35,0.098,decreasing,0.18,0
PM-SYN-054,2026-08-19T07:45:00+08:00,15m,16,15,normal_update,delayed,high,rain,0.72,caution,False,medium,1,minor,0.667,0.6,14.33,15.87,16.0,4.43,0.0,0,0,0,0,4.0,0.0,1.6,False,12,True,0.75,0.35,0.18,decreasing,0.158,0
PM-SYN-054,2026-08-19T07:47:00+08:00,15m,19,15,normal_update,fresh,high,rain,0.72,caution,False,medium,4,minor,0.667,0.6,15.33,15.27,19.0,2.76,8.0,0,0,0,0,4.0,0.002,1.63,False,14,False,0.75,0.35,0.158,stable,0.075,0
PM-SYN-054,2026-08-19T07:49:00+08:00,15m,15,15,normal_update,fresh,high,rain,0.72,caution,False,medium,0,none,0.667,0.6,16.67,15.6,19.0,2.58,-1.0,0,0,0,0,4.0,0.0,1.67,False,16,False,0.75,0.35,0.075,decreasing,0.136,0
PM-SYN-054,2026-08-19T07:51:00+08:00,15m,19,15,normal_update,fresh,high,rain,0.72,caution,False,medium,4,minor,0.667,0.6,17.67,16.07,19.0,2.97,0.0,0,0,0,0,4.0,0.024,1.7,False,18,False,0.75,0.35,0.136,stable,0.106,0
PM-SYN-054,2026-08-19T07:53:00+08:00,15m,21,15,normal_update,fresh,high,rain,0.72,caution,False,medium,6,minor,0.667,0.8,18.33,16.67,21.0,2.19,6.0,0,0,0,0,4.0,0.134,1.73,False,20,False,0.75,0.35,0.106,increasing,0.118,1
PM-SYN-054,2026-08-19T07:55:00+08:00,15m,24,15,harsh_brake,fresh,high,rain,0.72,caution,False,medium,9,minor,1.0,0.8,21.33,16.6,24.0,2.94,5.0,1,0,1,0,4.0,0.322,1.77,False,0,True,0.75,0.35,0.118,increasing,0.243,1
PM-SYN-054,2026-08-19T07:57:00+08:00,15m,20,15,normal_update,fresh,high,rain,0.72,caution,False,medium,5,minor,1.0,0.8,21.67,17.0,24.0,2.93,-1.0,1,0,1,0,2.0,0.037,1.8,False,2,True,0.75,0.35,0.243,stable,0.179,1
PM-SYN-054,2026-08-19T07:59:00+08:00,15m,20,15,harsh_brake,fresh,high,rain,0.72,caution,False,medium,5,minor,1.0,1.0,21.33,17.53,24.0,1.72,-4.0,2,0,2,0,4.0,0.181,1.83,False,4,True,0.75,0.35,0.179,increasing,0.252,1
PM-SYN-054,2026-08-19T08:01:00+08:00,15m,9,15,normal_update,fresh,high,rain,0.72,caution,False,medium,0,none,0.667,0.8,16.33,16.93,20.0,5.11,-11.0,2,0,2,0,4.0,0.0,1.87,False,6,True,0.75,0.35,0.252,decreasing,0.159,1
PM-SYN-054,2026-08-19T08:03:00+08:00,15m,23,15,normal_update,fresh,high,rain,0.72,caution,False,medium,8,minor,0.667,0.8,17.33,17.4,23.0,5.34,3.0,2,0,2,0,4.0,0.321,1.9,False,0,False,0.75,0.35,0.159,increasing,0.26,1
PM-SYN-054,2026-08-19T08:05:00+08:00,15m,12,15,normal_update,fresh,high,rain,0.72,caution,False,medium,0,none,0.333,0.6,14.67,17.47,23.0,5.34,3.0,1,0,1,0,4.0,0.0,1.93,False,2,False,0.75,0.35,0.26,decreasing,0.137,1
PM-SYN-054,2026-08-19T08:07:00+08:00,15m,9,15,stale_gps,stale,high,rain,0.72,caution,False,medium,0,none,0.333,0.4,14.67,16.47,23.0,5.82,-14.0,1,0,1,0,6.0,0.0,1.97,False,4,False,0.75,0.35,0.137,decreasing,0.067,1
PM-SYN-054,2026-08-19T08:09:00+08:00,15m,11,15,normal_update,fresh,high,rain,0.72,caution,False,medium,0,none,0.0,0.2,10.67,16.33,12.0,5.23,-1.0,0,0,0,0,6.0,0.0,2.0,False,6,False,0.75,0.35,0.067,decreasing,0.063,1
PM-SYN-054,2026-08-19T08:11:00+08:00,15m,12,15,normal_update,fresh,high,rain,0.72,caution,False,medium,0,none,0.0,0.2,10.67,16.07,12.0,4.92,3.0,0,0,0,0,6.0,0.0,2.03,False,8,False,0.75,0.35,0.063,decreasing,0.048,1
PM-SYN-054,2026-08-19T08:13:00+08:00,15m,17,15,normal_update,fresh,high,rain,0.72,caution,False,medium,2,minor,0.333,0.2,13.33,16.47,17.0,2.64,6.0,0,0,0,0,6.0,0.032,2.07,False,10,False,0.75,0.35,0.048,stable,0.032,1
PM-SYN-054,2026-08-19T08:15:00+08:00,15m,19,15,normal_update,fresh,high,rain,0.72,caution,False,medium,4,minor,0.667,0.4,16.0,16.67,19.0,3.77,7.0,0,0,0,0,6.0,0.128,2.1,False,12,False,0.75,0.35,0.032,increasing,0.075,0
PM-SYN-054,2026-08-19T08:17:00+08:00,15m,12,15,sharp_turn,fresh,high,rain,0.72,caution,False,medium,0,none,0.667,0.4,16.0,16.2,19.0,3.19,-5.0,0,1,0,1,8.0,0.005,2.13,False,14,False,0.75,0.35,0.075,stable,0.113,0
PM-SYN-054,2026-08-19T08:19:00+08:00,15m,11,15,normal_update,fresh,high,rain,0.72,caution,False,medium,0,none,0.333,0.4,14.0,15.93,19.0,3.19,-8.0,0,1,0,1,8.0,0.0,2.17,False,16,False,0.75,0.35,0.113,stable,0.121,0
PM-SYN-054,2026-08-19T08:21:00+08:00,15m,10,15,normal_update,stale,high,rain,0.72,caution,False,medium,0,none,0.0,0.4,11.0,15.33,12.0,3.54,-2.0,0,1,0,1,8.0,0.0,2.2,False,18,False,0.75,0.35,0.121,decreasing,0.057,0
PM-SYN-054,2026-08-19T08:23:00+08:00,15m,11,15,normal_update,delayed,high,rain,0.72,caution,False,medium,0,none,0.0,0.2,10.67,14.67,11.0,3.26,0.0,0,1,0,1,8.0,0.023,2.23,False,20,False,0.75,0.35,0.057,stable,0.059,0
PM-SYN-054,2026-08-19T08:25:00+08:00,15m,14,15,normal_update,fresh,high,rain,0.72,caution,False,medium,0,none,0.0,0.0,11.67,14.0,14.0,1.36,4.0,0,1,0,1,6.0,0.021,2.27,False,22,False,0.75,0.35,0.059,stable,0.054,0
PM-SYN-054,2026-08-19T08:27:00+08:00,15m,14,15,normal_update,fresh,high,rain,0.72,caution,False,medium,0,none,0.0,0.0,13.0,13.6,14.0,1.67,3.0,0,0,0,0,6.0,0.0,2.3,False,24,False,0.75,0.35,0.054,decreasing,0.036,0
PM-SYN-054,2026-08-19T08:29:00+08:00,15m,10,15,normal_update,fresh,high,rain,0.72,caution,False,medium,0,none,0.0,0.0,12.67,12.93,14.0,1.83,-4.0,0,0,0,0,4.0,0.0,2.33,False,26,False,0.75,0.35,0.036,stable,0.039,0
PM-SYN-054,2026-08-19T08:31:00+08:00,15m,17,15,normal_update,fresh,high,rain,0.72,caution,False,medium,2,minor,0.333,0.2,13.67,13.47,17.0,2.48,3.0,0,0,0,0,4.0,0.041,2.37,False,28,False,0.75,0.35,0.039,increasing,0.038,0
PM-SYN-055,2026-08-19T07:30:00+08:00,15m,20,25,normal_update,fresh,medium,clear,0.78,wharf,False,high,0,none,0.0,0.2,20.33,24.0,21.0,3.83,-1.0,0,1,0,1,8.0,0.0,0.5,False,999.0,False,0.25,1.0,0.182,decreasing,0.084,0
PM-SYN-055,2026-08-19T07:32:00+08:00,15m,23,25,normal_update,fresh,medium,clear,0.78,wharf,False,high,0,none,0.0,0.0,21.0,23.53,23.0,1.1,3.0,0,1,0,1,8.0,0.0,0.53,False,999.0,False,0.25,1.0,0.084,stable,0.055,0
PM-SYN-055,2026-08-19T07:34:00+08:00,15m,22,25,normal_update,fresh,medium,clear,0.78,wharf,False,high,0,none,0.0,0.0,21.67,23.0,23.0,1.17,2.0,0,0,0,0,8.0,0.0,0.57,False,999.0,False,0.25,1.0,0.055,decreasing,0.038,0
PM-SYN-055,2026-08-19T07:36:00+08:00,15m,25,25,normal_update,fresh,medium,clear,0.78,wharf,False,high,0,none,0.0,0.0,23.33,23.4,25.0,1.9,2.0,0,0,0,0,8.0,0.0,0.6,False,999.0,False,0.25,1.0,0.038,stable,0.027,0
PM-SYN-055,2026-08-19T07:38:00+08:00,15m,27,25,normal_update,fresh,medium,clear,0.78,wharf,False,high,2,minor,0.333,0.2,24.67,23.67,27.0,2.42,5.0,0,0,0,0,6.0,0.053,0.63,False,999.0,False,0.25,1.0,0.027,increasing,0.088,1
PM-SYN-055,2026-08-19T07:40:00+08:00,15m,17,25,stale_gps,stale,medium,clear,0.78,wharf,False,high,0,none,0.333,0.2,23.0,22.73,27.0,3.37,-8.0,0,0,0,0,6.0,0.0,0.67,False,0,False,0.25,1.0,0.088,decreasing,0.084,1
PM-SYN-055,2026-08-19T07:42:00+08:00,15m,21,25,normal_update,fresh,medium,clear,0.78,wharf,False,high,0,none,0.333,0.2,21.67,22.53,27.0,3.44,-6.0,0,0,0,0,6.0,0.0,0.7,False,2,False,0.25,1.0,0.084,decreasing,0.055,0
PM-SYN-055,2026-08-19T07:44:00+08:00,15m,22,25,normal_update,fresh,medium,clear,0.78,wharf,False,high,0,none,0.0,0.2,20.0,22.8,22.0,3.44,5.0,0,0,0,0,6.0,0.0,0.73,False,4,False,0.25,1.0,0.055,decreasing,0.045,0
PM-SYN-055,2026-08-19T07:46:00+08:00,15m,22,25,normal_update,fresh,medium,clear,0.78,wharf,False,high,0,none,0.0,0.2,21.67,22.33,22.0,3.19,1.0,0,0,0,0,6.0,0.0,0.77,False,6,False,0.25,1.0,0.045,decreasing,0.081,0
PM-SYN-055,2026-08-19T07:48:00+08:00,15m,21,25,normal_update,fresh,medium,clear,0.78,wharf,False,high,0,none,0.0,0.0,21.67,22.2,22.0,1.85,-1.0,0,0,0,0,6.0,0.0,0.8,False,8,False,0.25,1.0,0.081,decreasing,0.066,0
PM-SYN-055,2026-08-19T07:50:00+08:00,15m,28,25,sharp_turn,fresh,medium,clear,0.78,wharf,False,high,3,minor,0.333,0.2,23.67,22.67,28.0,2.64,6.0,0,1,0,1,8.0,0.134,0.83,False,10,False,0.25,1.0,0.066,increasing,0.049,0
PM-SYN-055,2026-08-19T07:52:00+08:00,15m,25,25,normal_update,fresh,medium,clear,0.78,wharf,False,high,0,none,0.333,0.2,24.67,22.33,28.0,2.58,4.0,0,1,0,1,6.0,0.031,0.87,False,12,False,0.25,1.0,0.049,stable,0.105,0
PM-SYN-055,2026-08-19T07:54:00+08:00,15m,21,25,normal_update,fresh,medium,clear,0.78,wharf,False,high,0,none,0.333,0.2,24.67,22.33,28.0,2.73,-7.0,0,1,0,1,4.0,0.0,0.9,False,14,False,0.25,1.0,0.105,stable,0.066,0
PM-SYN-055,2026-08-19T07:56:00+08:00,15m,24,25,normal_update,fresh,medium,clear,0.78,wharf,False,high,0,none,0.0,0.2,23.33,22.53,25.0,2.64,-1.0,0,1,0,1,4.0,0.014,0.93,False,16,False,0.25,1.0,0.066,stable,0.124,0
PM-SYN-055,2026-08-19T07:58:00+08:00,15m,25,25,normal_update,fresh,medium,clear,0.78,wharf,False,high,0,none,0.0,0.2,23.33,22.87,25.0,2.24,4.0,0,1,0,1,4.0,0.0,0.97,False,18,False,0.25,1.0,0.124,decreasing,0.073,0
PM-SYN-055,2026-08-19T08:00:00+08:00,15m,32,25,speeding,stale,medium,clear,0.78,wharf,False,high,7,minor,0.333,0.2,27.0,23.67,32.0,3.61,8.0,0,0,0,0,6.0,0.207,1.0,False,20,False,0.25,1.0,0.073,increasing,0.069,0
PM-SYN-055,2026-08-19T08:02:00+08:00,15m,23,25,normal_update,delayed,medium,clear,0.78,wharf,False,high,0,none,0.333,0.2,26.67,23.67,32.0,3.74,-2.0,0,0,0,0,6.0,0.0,1.03,False,22,False,0.25,1.0,0.069,decreasing,0.118,0
PM-SYN-055,2026-08-19T08:04:00+08:00,15m,21,25,normal_update,delayed,medium,clear,0.78,wharf,False,high,0,none,0.333,0.2,25.33,23.6,32.0,3.74,-11.0,0,0,0,0,6.0,0.0,1.07,False,24,False,0.25,1.0,0.118,decreasing,0.073,1
PM-SYN-055,2026-08-19T08:06:00+08:00,15m,23,25,normal_update,fresh,medium,clear,0.78,wharf,False,high,0,none,0.0,0.2,22.33,23.47,23.0,3.82,0.0,0,0,0,0,6.0,0.0,1.1,False,0,False,0.25,1.0,0.073,decreasing,0.098,1
PM-SYN-055,2026-08-19T08:08:00+08:00,15m,17,25,normal_update,fresh,medium,clear,0.78,wharf,False,high,0,none,0.0,0.2,20.33,22.8,23.0,4.92,-4.0,0,0,0,0,6.0,0.0,1.13,False,2,False,0.25,1.0,0.098,decreasing,0.048,1
PM-SYN-055,2026-08-19T08:10:00+08:00,15m,25,25,normal_update,stale,medium,clear,0.78,wharf,False,high,0,none,0.0,0.0,21.67,23.33,25.0,2.71,2.0,0,0,0,0,4.0,0.0,1.17,False,4,False,0.25,1.0,0.048,decreasing,0.034,1
PM-SYN-055,2026-08-19T08:12:00+08:00,15m,22,25,normal_update,delayed,medium,clear,0.78,wharf,False,high,0,none,0.0,0.0,21.33,23.4,25.0,2.65,5.0,0,0,0,0,4.0,0.0,1.2,False,0,False,0.25,1.0,0.034,stable,0.037,1
PM-SYN-055,2026-08-19T08:14:00+08:00,15m,17,25,normal_update,delayed,medium,clear,0.78,wharf,False,high,0,none,0.0,0.0,21.33,23.07,25.0,3.25,-8.0,0,0,0,0,4.0,0.0,1.23,False,0,True,0.25,1.0,0.037,stable,0.107,1
PM-SYN-055,2026-08-19T08:16:00+08:00,15m,20,25,normal_update,fresh,medium,clear,0.78,wharf,False,high,0,none,0.0,0.0,19.67,22.93,22.0,3.06,-2.0,0,0,0,0,4.0,0.0,1.27,False,0,False,0.25,1.0,0.107,decreasing,0.059,1
PM-SYN-055,2026-08-19T08:18:00+08:00,15m,23,25,normal_update,fresh,medium,clear,0.78,wharf,False,high,0,none,0.0,0.0,20.0,23.07,23.0,2.73,6.0,0,0,0,0,4.0,0.0,1.3,False,2,False,0.25,1.0,0.059,decreasing,0.034,1
PM-SYN-055,2026-08-19T08:20:00+08:00,15m,26,25,normal_update,stale,medium,clear,0.78,wharf,False,high,1,minor,0.333,0.2,23.0,22.93,26.0,3.01,6.0,0,0,0,0,2.0,0.006,1.33,False,4,False,0.25,1.0,0.034,stable,0.04,1
PM-SYN-055,2026-08-19T08:22:00+08:00,15m,19,25,sharp_turn,delayed,medium,clear,0.78,wharf,False,high,0,none,0.333,0.2,22.67,22.53,26.0,3.16,-4.0,0,1,0,1,4.0,0.04,1.37,False,6,False,0.25,1.0,0.04,stable,0.06,0
PM-SYN-055,2026-08-19T08:24:00+08:00,15m,31,25,normal_update,fresh,medium,clear,0.78,wharf,False,high,6,minor,0.667,0.4,25.33,23.2,31.0,4.35,5.0,0,1,0,1,4.0,0.26,1.4,False,8,False,0.25,1.0,0.06,increasing,0.166,0
PM-SYN-055,2026-08-19T08:26:00+08:00,15m,22,25,normal_update,delayed,medium,clear,0.78,wharf,False,high,0,none,0.333,0.4,24.0,23.07,31.0,4.07,3.0,0,1,0,1,4.0,0.0,1.43,False,10,False,0.25,1.0,0.166,decreasing,0.069,0
PM-SYN-055,2026-08-19T08:28:00+08:00,15m,21,25,normal_update,fresh,medium,clear,0.78,wharf,False,high,0,none,0.333,0.4,24.67,22.8,31.0,4.26,-10.0,0,1,0,1,4.0,0.011,1.47,False,12,False,0.25,1.0,0.069,stable,0.092,1
PM-SYN-055,2026-08-19T08:30:00+08:00,15m,26,25,normal_update,fresh,medium,clear,0.78,wharf,False,high,1,minor,0.333,0.4,23.0,22.4,26.0,4.26,4.0,0,1,0,1,2.0,0.028,1.5,False,0,False,0.25,1.0,0.092,stable,0.16,1
PM-SYN-055,2026-08-19T08:32:00+08:00,15m,22,25,normal_update,delayed,medium,clear,0.78,wharf,False,high,0,none,0.333,0.4,23.0,22.33,26.0,3.72,1.0,0,0,0,0,2.0,0.0,1.53,False,2,False,0.25,1.0,0.16,decreasing,0.08,1
PM-SYN-055,2026-08-19T08:34:00+08:00,15m,22,25,normal_update,fresh,medium,clear,0.78,wharf,False,high,0,none,0.333,0.2,23.33,22.4,26.0,1.74,-4.0,0,0,0,0,2.0,0.0,1.57,False,4,False,0.25,1.0,0.08,decreasing,0.05,1
PM-SYN-055,2026-08-19T08:36:00+08:00,15m,26,25,normal_update,fresh,medium,clear,0.78,wharf,False,high,1,minor,0.333,0.4,23.33,22.6,26.0,2.15,4.0,0,0,0,0,2.0,0.0,1.6,False,0,False,0.25,1.0,0.05,stable,0.063,1
PM-SYN-055,2026-08-19T08:38:00+08:00,15m,17,25,normal_update,fresh,medium,clear,0.78,wharf,False,high,0,none,0.333,0.4,21.67,22.6,26.0,3.32,-5.0,0,0,0,0,2.0,0.0,1.63,False,2,False,0.25,1.0,0.063,decreasing,0.119,0
PM-SYN-055,2026-08-19T08:40:00+08:00,15m,21,25,normal_update,fresh,medium,clear,0.78,wharf,False,high,0,none,0.333,0.2,21.33,22.33,26.0,2.87,-5.0,0,0,0,0,2.0,0.0,1.67,False,4,False,0.25,1.0,0.119,decreasing,0.096,0
PM-SYN-055,2026-08-19T08:42:00+08:00,15m,22,25,normal_update,fresh,medium,clear,0.78,wharf,False,high,0,none,0.0,0.2,20.0,22.33,22.0,2.87,5.0,0,0,0,0,2.0,0.0,1.7,False,6,False,0.25,1.0,0.096,decreasing,0.049,0
PM-SYN-055,2026-08-19T08:44:00+08:00,15m,32,25,speeding,delayed,medium,clear,0.78,wharf,False,high,7,minor,0.333,0.4,25.0,23.33,32.0,5.08,11.0,0,0,0,0,4.0,0.231,1.73,False,8,False,0.25,1.0,0.049,increasing,0.085,0
PM-SYN-055,2026-08-19T08:46:00+08:00,15m,22,25,normal_update,fresh,medium,clear,0.78,wharf,False,high,0,none,0.333,0.2,25.33,23.47,32.0,4.96,0.0,0,0,0,0,4.0,0.0,1.77,False,10,False,0.25,1.0,0.085,decreasing,0.04,0
PM-SYN-055,2026-08-19T08:48:00+08:00,15m,23,25,normal_update,fresh,medium,clear,0.78,wharf,False,high,0,none,0.333,0.2,25.67,23.47,32.0,4.05,-9.0,0,0,0,0,4.0,0.0,1.8,False,12,False,0.25,1.0,0.04,decreasing,0.063,0
PM-SYN-055,2026-08-19T08:50:00+08:00,15m,20,25,normal_update,fresh,medium,clear,0.78,wharf,False,high,0,none,0.0,0.2,21.67,23.07,23.0,4.21,-2.0,0,0,0,0,4.0,0.0,1.83,False,14,False,0.25,1.0,0.063,decreasing,0.057,0
PM-SYN-055,2026-08-19T08:52:00+08:00,15m,35,25,speeding,fresh,medium,clear,0.78,wharf,False,high,10,minor,0.333,0.4,26.0,24.13,35.0,5.95,12.0,0,0,0,0,4.0,0.343,1.87,False,16,False,0.25,1.0,0.057,increasing,0.125,0
PM-SYN-055,2026-08-19T08:54:00+08:00,15m,22,25,normal_update,fresh,medium,clear,0.78,wharf,False,high,0,none,0.333,0.2,25.67,23.53,35.0,5.39,2.0,0,0,0,0,4.0,0.0,1.9,False,18,False,0.25,1.0,0.125,decreasing,0.091,0
PM-SYN-055,2026-08-19T08:56:00+08:00,15m,21,25,normal_update,fresh,medium,clear,0.78,wharf,False,high,0,none,0.333,0.2,26.0,23.47,35.0,5.49,-14.0,0,0,0,0,4.0,0.0,1.93,False,20,False,0.25,1.0,0.091,decreasing,0.089,0
PM-SYN-055,2026-08-19T08:58:00+08:00,15m,25,25,normal_update,delayed,medium,clear,0.78,wharf,False,high,0,none,0.0,0.2,22.67,23.73,25.0,5.46,3.0,0,0,0,0,4.0,0.0,1.97,False,22,False,0.25,1.0,0.089,decreasing,0.045,0
PM-SYN-055,2026-08-19T09:00:00+08:00,15m,24,25,normal_update,delayed,medium,clear,0.78,wharf,False,high,0,none,0.0,0.2,23.33,23.6,25.0,5.0,3.0,0,0,0,0,4.0,0.0,2.0,False,24,False,0.25,1.0,0.045,decreasing,0.057,0
PM-SYN-055,2026-08-19T09:02:00+08:00,15m,20,25,normal_update,fresh,medium,clear,0.78,wharf,False,high,0,none,0.0,0.0,23.0,23.47,25.0,1.85,-5.0,0,0,0,0,4.0,0.0,2.03,False,26,False,0.25,1.0,0.057,decreasing,0.036,0
PM-SYN-055,2026-08-19T09:04:00+08:00,15m,21,25,normal_update,delayed,medium,clear,0.78,wharf,False,high,0,none,0.0,0.0,21.67,23.4,24.0,1.94,-3.0,0,0,0,0,4.0,0.0,2.07,False,28,False,0.25,1.0,0.036,stable,0.087,0
PM-SYN-055,2026-08-19T09:06:00+08:00,15m,19,25,normal_update,delayed,medium,clear,0.78,wharf,False,high,0,none,0.0,0.0,20.0,22.93,21.0,2.32,-1.0,0,0,0,0,4.0,0.0,2.1,False,30,False,0.25,1.0,0.087,decreasing,0.072,0
PM-SYN-055,2026-08-19T09:08:00+08:00,15m,35,25,speeding,delayed,medium,clear,0.78,wharf,False,high,10,minor,0.333,0.2,25.0,24.13,35.0,5.84,14.0,0,0,0,0,6.0,0.328,2.13,False,32,False,0.25,1.0,0.072,increasing,0.069,0
PM-SYN-055,2026-08-19T09:10:00+08:00,15m,26,25,normal_update,fresh,medium,clear,0.78,wharf,False,high,1,minor,0.667,0.4,26.67,24.47,35.0,5.91,7.0,0,0,0,0,6.0,0.0,2.17,False,34,False,0.25,1.0,0.069,stable,0.142,0
PM-SYN-055,2026-08-19T09:12:00+08:00,15m,18,25,normal_update,fresh,medium,clear,0.78,wharf,False,high,0,none,0.667,0.4,26.33,24.2,35.0,6.24,-17.0,0,0,0,0,6.0,0.0,2.2,False,36,False,0.25,1.0,0.142,decreasing,0.157,0
PM-SYN-055,2026-08-19T09:14:00+08:00,15m,24,25,normal_update,fresh,medium,clear,0.78,wharf,False,high,0,none,0.333,0.4,22.67,23.67,26.0,6.09,-2.0,0,0,0,0,4.0,0.0,2.23,False,38,False,0.25,1.0,0.157,decreasing,0.124,0
PM-SYN-055,2026-08-19T09:16:00+08:00,15m,27,25,normal_update,fresh,medium,clear,0.78,wharf,False,high,2,minor,0.333,0.6,23.0,24.0,27.0,5.48,9.0,0,0,0,0,4.0,0.0,2.27,False,40,False,0.25,1.0,0.124,decreasing,0.089,0
PM-SYN-055,2026-08-19T09:18:00+08:00,15m,31,25,speeding,fresh,medium,clear,0.78,wharf,False,high,6,minor,0.667,0.6,27.33,24.53,31.0,4.26,7.0,0,0,0,0,6.0,0.151,2.3,False,42,False,0.25,1.0,0.089,increasing,0.082,0
PM-SYN-055,2026-08-19T09:20:00+08:00,15m,24,25,normal_update,fresh,medium,clear,0.78,wharf,False,high,0,none,0.667,0.4,27.33,24.8,31.0,4.26,-3.0,0,0,0,0,6.0,0.0,2.33,False,44,False,0.25,1.0,0.082,decreasing,0.056,0
PM-SYN-055,2026-08-19T09:22:00+08:00,15m,18,25,normal_update,fresh,medium,clear,0.78,wharf,False,high,0,none,0.333,0.4,24.33,23.67,31.0,4.26,-13.0,0,0,0,0,4.0,0.0,2.37,False,46,False,0.25,1.0,0.056,decreasing,0.133,0
PM-SYN-056,2026-08-19T09:21:00+08:00,15m,23,25,normal_update,fresh,medium,clear,0.6,caution,True,low,0,none,0.0,0.2,23.33,24.47,24.0,3.12,0.0,0,0,0,0,0.0,0.0,0.5,False,999.0,False,0.25,0.35,0.254,decreasing,0.032,0
PM-SYN-056,2026-08-19T09:23:00+08:00,15m,32,25,normal_update,fresh,medium,clear,0.6,caution,True,low,7,minor,0.333,0.2,26.33,25.2,32.0,3.52,8.0,0,0,0,0,0.0,0.248,0.53,False,999.0,False,0.25,0.35,0.032,increasing,0.023,0
PM-SYN-056,2026-08-19T09:25:00+08:00,15m,19,25,normal_update,stale,medium,clear,0.6,caution,True,low,0,none,0.333,0.2,24.67,25.07,32.0,4.26,-4.0,0,0,0,0,0.0,0.0,0.57,False,999.0,False,0.25,0.35,0.023,stable,0.019,0
PM-SYN-056,2026-08-19T09:27:00+08:00,15m,22,25,normal_update,fresh,medium,clear,0.6,caution,True,low,0,none,0.333,0.2,24.33,24.47,32.0,4.34,-10.0,0,0,0,0,0.0,0.0,0.6,False,999.0,False,0.25,0.35,0.019,stable,0.03,1
PM-SYN-056,2026-08-19T09:29:00+08:00,15m,23,25,normal_update,fresh,medium,clear,0.6,caution,True,low,0,none,0.0,0.2,21.33,24.4,23.0,4.35,4.0,0,0,0,0,0.0,0.0,0.63,False,0,False,0.25,0.35,0.03,stable,0.022,1
PM-SYN-056,2026-08-19T09:31:00+08:00,15m,20,25,normal_update,fresh,medium,clear,0.6,caution,True,low,0,none,0.0,0.2,21.67,23.8,23.0,4.62,-2.0,0,0,0,0,0.0,0.0,0.67,False,2,False,0.25,0.35,0.022,stable,0.015,1
PM-SYN-056,2026-08-19T09:33:00+08:00,15m,26,25,normal_update,delayed,medium,clear,0.6,caution,True,low,1,minor,0.333,0.2,23.0,24.13,26.0,2.45,3.0,0,0,0,0,0.0,0.025,0.7,False,4,False,0.25,0.35,0.015,stable,0.03,0
PM-SYN-056,2026-08-19T09:35:00+08:00,15m,34,25,normal_update,fresh,medium,clear,0.6,caution,True,low,9,minor,0.667,0.4,26.67,24.73,34.0,4.9,14.0,0,0,0,0,0.0,0.33,0.73,False,6,False,0.25,0.35,0.03,increasing,0.03,0
PM-SYN-056,2026-08-19T09:37:00+08:00,15m,17,25,stale_gps,stale,medium,clear,0.6,caution,True,low,0,none,0.667,0.4,25.67,24.27,34.0,5.83,-9.0,0,0,0,0,2.0,0.0,0.77,False,8,False,0.25,0.35,0.03,stable,0.036,0
PM-SYN-056,2026-08-19T09:39:00+08:00,15m,23,25,stale_gps,stale,medium,clear,0.6,caution,True,low,0,none,0.333,0.4,24.67,24.27,34.0,5.83,-11.0,0,0,0,0,4.0,0.0,0.8,False,10,False,0.25,0.35,0.036,stable,0.06,0
PM-SYN-056,2026-08-19T09:41:00+08:00,15m,24,25,normal_update,delayed,medium,clear,0.6,caution,True,low,0,none,0.0,0.4,21.33,24.27,24.0,5.49,7.0,0,0,0,0,4.0,0.0,0.83,False,12,False,0.25,0.35,0.06,decreasing,0.044,0
PM-SYN-056,2026-08-19T09:43:00+08:00,15m,23,25,normal_update,delayed,medium,clear,0.6,caution,True,low,0,none,0.0,0.2,23.33,23.73,24.0,5.49,0.0,0,0,0,0,4.0,0.0,0.87,False,14,False,0.25,0.35,0.044,decreasing,0.041,0
PM-SYN-056,2026-08-19T09:45:00+08:00,15m,18,25,normal_update,fresh,medium,clear,0.6,caution,True,low,0,none,0.0,0.0,21.67,23.4,24.0,2.9,-6.0,0,0,0,0,4.0,0.0,0.9,False,16,False,0.25,0.35,0.041,decreasing,0.011,0
PM-SYN-056,2026-08-19T09:47:00+08:00,15m,21,25,normal_update,fresh,medium,clear,0.6,caution,True,low,0,none,0.0,0.0,20.67,23.27,23.0,2.14,-2.0,0,0,0,0,4.0,0.0,0.93,False,18,False,0.25,0.35,0.011,stable,0.014,0
PM-SYN-056,2026-08-19T09:49:00+08:00,15m,21,25,sharp_turn,fresh,medium,clear,0.6,caution,True,low,0,none,0.0,0.0,20.0,23.07,21.0,2.06,3.0,0,1,0,1,6.0,0.066,0.97,False,20,False,0.25,0.35,0.014,increasing,0.022,0
PM-SYN-056,2026-08-19T09:51:00+08:00,15m,20,25,normal_update,delayed,medium,clear,0.6,caution,True,low,0,none,0.0,0.0,20.67,22.87,21.0,1.62,-1.0,0,1,0,1,6.0,0.058,1.0,False,22,False,0.25,0.35,0.022,increasing,0.014,0
PM-SYN-056,2026-08-19T09:53:00+08:00,15m,19,25,normal_update,fresh,medium,clear,0.6,caution,True,low,0,none,0.0,0.0,20.0,22.0,21.0,1.17,-2.0,0,1,0,1,6.0,0.066,1.03,False,24,False,0.25,0.35,0.014,increasing,0.02,0
PM-SYN-056,2026-08-19T09:55:00+08:00,15m,31,25,normal_update,fresh,medium,clear,0.6,caution,True,low,6,minor,0.333,0.2,23.33,22.8,31.0,4.36,11.0,0,1,0,1,6.0,0.3,1.07,False,26,False,0.25,0.35,0.02,increasing,0.049,0
PM-SYN-056,2026-08-19T09:57:00+08:00,15m,18,25,normal_update,fresh,medium,clear,0.6,caution,True,low,0,none,0.333,0.2,22.67,22.53,31.0,4.71,-1.0,0,1,0,1,6.0,0.031,1.1,False,28,False,0.25,0.35,0.049,stable,0.053,0
PM-SYN-056,2026-08-19T09:59:00+08:00,15m,25,25,normal_update,delayed,medium,clear,0.6,caution,True,low,0,none,0.333,0.2,24.67,22.67,31.0,4.84,-6.0,0,0,0,0,6.0,0.0,1.13,False,30,False,0.25,0.35,0.053,decreasing,0.035,0
PM-SYN-056,2026-08-19T10:01:00+08:00,15m,21,25,normal_update,fresh,medium,clear,0.6,caution,True,low,0,none,0.0,0.2,21.33,22.73,25.0,4.75,3.0,0,0,0,0,6.0,0.0,1.17,False,32,False,0.25,0.35,0.035,stable,0.042,0
PM-SYN-056,2026-08-19T10:03:00+08:00,15m,22,25,normal_update,fresh,medium,clear,0.6,caution,True,low,0,none,0.0,0.2,22.67,22.47,25.0,4.41,-3.0,0,0,0,0,6.0,0.0,1.2,False,34,False,0.25,0.35,0.042,decreasing,0.014,0
PM-SYN-056,2026-08-19T10:05:00+08:00,15m,17,25,normal_update,fresh,medium,clear,0.6,caution,True,low,0,none,0.0,0.0,20.0,21.33,22.0,2.87,-4.0,0,0,0,0,6.0,0.0,1.23,False,36,False,0.25,0.35,0.014,stable,0.011,0
PM-SYN-056,2026-08-19T10:07:00+08:00,15m,26,25,normal_update,fresh,medium,clear,0.6,caution,True,low,1,minor,0.333,0.2,21.67,21.93,26.0,3.19,4.0,0,0,0,0,4.0,0.029,1.27,False,38,False,0.25,0.35,0.011,stable,0.036,0
PM-SYN-056,2026-08-19T10:09:00+08:00,15m,20,25,normal_update,fresh,medium,clear,0.6,caution,True,low,0,none,0.333,0.2,21.0,21.73,26.0,2.93,3.0,0,0,0,0,2.0,0.0,1.3,False,40,False,0.25,0.35,0.036,stable,0.02,0
PM-SYN-056,2026-08-19T10:11:00+08:00,15m,23,25,normal_update,fresh,medium,clear,0.6,caution,True,low,0,none,0.333,0.2,23.0,21.67,26.0,3.01,-3.0,0,0,0,0,2.0,0.0,1.33,False,42,False,0.25,0.35,0.02,stable,0.044,0
PM-SYN-056,2026-08-19T10:13:00+08:00,15m,37,25,speeding,fresh,medium,clear,0.6,caution,True,low,12,moderate,0.333,0.4,26.67,22.6,37.0,6.89,17.0,0,0,0,0,4.0,0.436,1.37,False,44,False,0.25,0.35,0.044,increasing,0.078,0
PM-SYN-056,2026-08-19T10:15:00+08:00,15m,23,25,normal_update,fresh,medium,clear,0.6,caution,True,low,0,none,0.333,0.4,27.67,22.93,37.0,5.91,0.0,0,0,0,0,4.0,0.0,1.4,False,46,False,0.25,0.35,0.078,decreasing,0.02,0
PM-SYN-056,2026-08-19T10:17:00+08:00,15m,18,25,normal_update,fresh,medium,clear,0.6,caution,True,low,0,none,0.333,0.2,26.0,22.73,37.0,6.68,-19.0,0,0,0,0,4.0,0.0,1.43,False,48,False,0.25,0.35,0.02,stable,0.027,0
PM-SYN-056,2026-08-19T10:19:00+08:00,15m,20,25,normal_update,fresh,medium,clear,0.6,caution,True,low,0,none,0.0,0.2,20.33,22.67,23.0,6.68,-3.0,0,0,0,0,2.0,0.0,1.47,False,50,False,0.25,0.35,0.027,stable,0.052,0
PM-SYN-056,2026-08-19T10:21:00+08:00,15m,32,25,speeding,fresh,medium,clear,0.6,caution,True,low,7,minor,0.333,0.4,23.33,23.47,32.0,7.29,14.0,0,0,0,0,4.0,0.228,1.5,False,52,False,0.25,0.35,0.052,increasing,0.026,0
PM-SYN-056,2026-08-19T10:23:00+08:00,15m,24,25,normal_update,fresh,medium,clear,0.6,caution,True,low,0,none,0.333,0.2,25.33,23.8,32.0,4.8,4.0,0,0,0,0,4.0,0.0,1.53,False,54,False,0.25,0.35,0.026,stable,0.024,0
PM-SYN-056,2026-08-19T10:25:00+08:00,15m,19,25,normal_update,fresh,medium,clear,0.6,caution,True,low,0,none,0.333,0.2,25.0,23.0,32.0,5.12,-13.0,0,0,0,0,4.0,0.0,1.57,False,56,False,0.25,0.35,0.024,stable,0.026,0
PM-SYN-056,2026-08-19T10:27:00+08:00,15m,21,25,normal_update,delayed,medium,clear,0.6,caution,True,low,0,none,0.0,0.2,21.33,23.2,24.0,4.71,-3.0,0,0,0,0,4.0,0.0,1.6,False,58,False,0.25,0.35,0.026,stable,0.024,0
PM-SYN-056,2026-08-19T10:29:00+08:00,15m,29,25,normal_update,fresh,medium,clear,0.6,caution,True,low,4,minor,0.333,0.4,23.0,23.47,29.0,4.86,10.0,0,0,0,0,4.0,0.136,1.63,False,60,False,0.25,0.35,0.024,increasing,0.031,0
PM-SYN-056,2026-08-19T10:31:00+08:00,15m,18,25,sharp_turn,fresh,medium,clear,0.6,caution,True,low,0,none,0.333,0.2,22.67,23.27,29.0,3.97,-3.0,0,1,0,1,6.0,0.049,1.67,False,62,False,0.25,0.35,0.031,increasing,0.032,0
PM-SYN-056,2026-08-19T10:33:00+08:00,15m,21,25,normal_update,fresh,medium,clear,0.6,caution,True,low,0,none,0.333,0.2,22.67,23.2,29.0,3.88,-8.0,0,1,0,1,6.0,0.048,1.7,False,64,False,0.25,0.35,0.032,increasing,0.029,0
PM-SYN-056,2026-08-19T10:35:00+08:00,15m,23,25,normal_update,fresh,medium,clear,0.6,caution,True,low,0,none,0.0,0.2,20.67,23.6,23.0,3.67,5.0,0,1,0,1,6.0,0.051,1.73,False,66,False,0.25,0.35,0.029,increasing,0.036,0
PM-SYN-056,2026-08-19T10:37:00+08:00,15m,30,25,normal_update,fresh,medium,clear,0.6,caution,True,low,5,minor,0.333,0.4,24.67,23.87,30.0,4.62,9.0,0,1,0,1,6.0,0.244,1.77,False,68,False,0.25,0.35,0.036,increasing,0.088,0
PM-SYN-056,2026-08-19T10:39:00+08:00,15m,24,25,normal_update,fresh,medium,clear,0.6,caution,True,low,0,none,0.333,0.2,25.67,24.13,30.0,3.97,1.0,0,1,0,1,6.0,0.0,1.8,False,70,False,0.25,0.35,0.088,stable,0.025,0
PM-SYN-056,2026-08-19T10:41:00+08:00,15m,22,25,normal_update,fresh,medium,clear,0.6,caution,True,low,0,none,0.333,0.2,25.33,24.07,30.0,3.16,-8.0,0,0,0,0,6.0,0.0,1.83,False,72,False,0.25,0.35,0.025,stable,0.022,0
PM-SYN-056,2026-08-19T10:43:00+08:00,15m,22,25,normal_update,delayed,medium,clear,0.6,caution,True,low,0,none,0.0,0.2,22.67,23.07,24.0,2.99,-2.0,0,0,0,0,4.0,0.0,1.87,False,74,False,0.25,0.35,0.022,stable,0.015,0
PM-SYN-056,2026-08-19T10:45:00+08:00,15m,27,25,normal_update,fresh,medium,clear,0.6,caution,True,low,2,minor,0.333,0.4,23.67,23.33,27.0,3.1,5.0,0,0,0,0,4.0,0.065,1.9,False,76,False,0.25,0.35,0.015,increasing,0.018,0
PM-SYN-056,2026-08-19T10:47:00+08:00,15m,22,25,normal_update,fresh,medium,clear,0.6,caution,True,low,0,none,0.333,0.2,23.67,23.6,27.0,1.96,0.0,0,0,0,0,4.0,0.0,1.93,False,78,False,0.25,0.35,0.018,stable,0.031,0
PM-SYN-056,2026-08-19T10:49:00+08:00,15m,24,25,normal_update,fresh,medium,clear,0.6,caution,True,low,0,none,0.333,0.2,24.33,23.87,27.0,1.96,-3.0,0,0,0,0,4.0,0.0,1.97,False,80,False,0.25,0.35,0.031,stable,0.02,0
PM-SYN-056,2026-08-19T10:51:00+08:00,15m,18,25,normal_update,fresh,medium,clear,0.6,caution,True,low,0,none,0.0,0.2,21.33,22.93,24.0,2.94,-4.0,0,0,0,0,2.0,0.0,2.0,False,82,False,0.25,0.35,0.02,stable,0.041,0
PM-SYN-056,2026-08-19T10:53:00+08:00,15m,29,25,normal_update,fresh,medium,clear,0.6,caution,True,low,4,minor,0.333,0.4,23.67,23.27,29.0,3.85,5.0,0,0,0,0,2.0,0.119,2.03,False,84,False,0.25,0.35,0.041,increasing,0.051,1
PM-SYN-056,2026-08-19T10:55:00+08:00,15m,28,25,normal_update,fresh,medium,clear,0.6,caution,True,low,3,minor,0.667,0.4,25.0,23.87,29.0,4.02,10.0,0,0,0,0,2.0,0.069,2.07,False,0,True,0.25,0.35,0.051,increasing,0.034,1
PM-SYN-056,2026-08-19T10:57:00+08:00,15m,25,25,normal_update,delayed,medium,clear,0.6,caution,True,low,0,none,0.667,0.4,27.33,24.13,29.0,3.87,-4.0,0,0,0,0,2.0,0.0,2.1,False,2,True,0.25,0.35,0.034,stable,0.029,1
PM-SYN-056,2026-08-19T10:59:00+08:00,15m,21,25,normal_update,fresh,medium,clear,0.6,caution,True,low,0,none,0.333,0.4,24.67,23.6,28.0,4.17,-7.0,0,0,0,0,2.0,0.0,2.13,False,4,True,0.25,0.35,0.029,stable,0.046,1
PM-SYN-056,2026-08-19T11:01:00+08:00,15m,26,25,sharp_turn,fresh,medium,clear,0.6,caution,True,low,1,minor,0.333,0.6,24.0,24.13,26.0,2.79,1.0,0,1,0,1,2.0,0.074,2.17,False,0,True,0.25,0.35,0.046,increasing,0.099,1
PM-SYN-056,2026-08-19T11:03:00+08:00,15m,25,25,normal_update,fresh,medium,clear,0.6,caution,True,low,0,none,0.333,0.4,24.0,24.4,26.0,2.28,4.0,0,1,0,1,2.0,0.0,2.2,False,2,True,0.25,0.35,0.099,stable,0.065,1
PM-SYN-056,2026-08-19T11:05:00+08:00,15m,20,25,normal_update,fresh,medium,clear,0.6,caution,True,low,0,none,0.333,0.2,23.67,24.2,26.0,2.42,-6.0,0,1,0,1,2.0,0.015,2.23,False,4,True,0.25,0.35,0.065,stable,0.074,1
PM-SYN-056,2026-08-19T11:07:00+08:00,15m,35,25,sharp_turn,delayed,medium,clear,0.6,caution,True,low,10,minor,0.333,0.4,26.67,24.53,35.0,5.31,10.0,0,2,0,2,4.0,0.486,2.27,False,6,True,0.25,0.35,0.074,increasing,0.093,1
PM-SYN-056,2026-08-19T11:09:00+08:00,15m,25,25,normal_update,fresh,medium,clear,0.6,caution,True,low,0,none,0.333,0.4,26.67,24.6,35.0,4.87,5.0,0,2,0,2,4.0,0.067,2.3,False,8,True,0.25,0.35,0.093,increasing,0.111,1
PM-SYN-056,2026-08-19T11:11:00+08:00,15m,24,25,normal_update,fresh,medium,clear,0.6,caution,True,low,0,none,0.333,0.2,28.0,24.73,35.0,4.96,-11.0,0,1,0,1,4.0,0.0,2.33,False,10,True,0.25,0.35,0.111,stable,0.044,0
PM-SYN-056,2026-08-19T11:13:00+08:00,15m,28,25,normal_update,fresh,medium,clear,0.6,caution,True,low,3,minor,0.333,0.4,25.67,25.13,28.0,5.0,3.0,0,1,0,1,4.0,0.156,2.37,False,12,True,0.25,0.35,0.044,increasing,0.085,0
PM-SYN-057,2026-08-19T06:58:00+08:00,15m,36,40,normal_update,fresh,medium,clear,0.6,caution,True,low,0,none,0.0,0.0,36.33,39.47,37.0,1.67,-1.0,0,1,0,1,4.0,0.0,0.5,True,999.0,False,0.25,0.35,0.224,decreasing,0.042,0
PM-SYN-057,2026-08-19T07:00:00+08:00,15m,44,40,normal_update,fresh,medium,clear,0.6,caution,True,low,4,minor,0.333,0.2,38.67,39.8,44.0,2.99,8.0,0,1,0,1,4.0,0.198,0.53,False,999.0,False,0.25,0.35,0.042,increasing,0.035,0
PM-SYN-057,2026-08-19T07:02:00+08:00,15m,34,40,normal_update,fresh,medium,clear,0.6,caution,True,low,0,none,0.333,0.2,38.0,39.67,44.0,3.44,-2.0,0,1,0,1,4.0,0.045,0.57,False,999.0,False,0.25,0.35,0.035,increasing,0.028,0
PM-SYN-057,2026-08-19T07:04:00+08:00,15m,34,40,normal_update,fresh,medium,clear,0.6,caution,True,low,0,none,0.333,0.2,37.33,39.47,44.0,3.71,-10.0,0,1,0,1,4.0,0.052,0.6,False,999.0,False,0.25,0.35,0.028,increasing,0.035,0
PM-SYN-057,2026-08-19T07:06:00+08:00,15m,35,40,normal_update,fresh,medium,clear,0.6,caution,True,low,0,none,0.0,0.2,34.33,38.93,35.0,3.77,1.0,0,0,0,0,2.0,0.0,0.63,False,999.0,False,0.25,0.35,0.035,stable,0.016,0
PM-SYN-057,2026-08-19T07:08:00+08:00,15m,36,40,normal_update,fresh,medium,clear,0.6,caution,True,low,0,none,0.0,0.2,35.0,38.8,36.0,3.77,2.0,0,0,0,0,2.0,0.0,0.67,False,999.0,False,0.25,0.35,0.016,stable,0.023,0
PM-SYN-057,2026-08-19T07:10:00+08:00,15m,38,40,normal_update,fresh,medium,clear,0.6,caution,True,low,0,none,0.0,0.0,36.33,38.27,38.0,1.5,3.0,0,0,0,0,2.0,0.0,0.7,False,999.0,False,0.25,0.35,0.023,stable,0.016,0
PM-SYN-057,2026-08-19T07:12:00+08:00,15m,46,40,normal_update,fresh,medium,clear,0.6,caution,True,low,6,minor,0.333,0.2,40.0,38.0,46.0,4.31,10.0,0,0,0,0,2.0,0.224,0.73,False,999.0,False,0.25,0.35,0.016,increasing,0.033,0
PM-SYN-057,2026-08-19T07:14:00+08:00,15m,39,40,normal_update,fresh,medium,clear,0.6,caution,True,low,0,none,0.333,0.2,41.0,37.47,46.0,3.87,1.0,0,0,0,0,2.0,0.0,0.77,False,999.0,False,0.25,0.35,0.033,stable,0.035,0
PM-SYN-057,2026-08-19T07:16:00+08:00,15m,48,40,normal_update,fresh,medium,clear,0.6,caution,True,low,8,minor,0.667,0.4,44.33,38.07,48.0,4.72,2.0,0,0,0,0,2.0,0.285,0.8,False,999.0,False,0.25,0.35,0.035,increasing,0.026,0
PM-SYN-057,2026-08-19T07:18:00+08:00,15m,34,40,normal_update,fresh,medium,clear,0.6,caution,True,low,0,none,0.333,0.4,40.33,37.87,48.0,5.22,-5.0,0,0,0,0,2.0,0.0,0.83,False,999.0,False,0.25,0.35,0.026,stable,0.023,0
PM-SYN-057,2026-08-19T07:20:00+08:00,15m,36,40,normal_update,fresh,medium,clear,0.6,caution,True,low,0,none,0.333,0.4,39.33,38.07,48.0,5.5,-12.0,0,0,0,0,2.0,0.0,0.87,False,999.0,False,0.25,0.35,0.023,stable,0.022,0
PM-SYN-057,2026-08-19T07:22:00+08:00,15m,36,40,normal_update,fresh,medium,clear,0.6,caution,True,low,0,none,0.0,0.2,35.33,37.93,36.0,4.96,2.0,0,0,0,0,2.0,0.0,0.9,False,999.0,False,0.25,0.35,0.022,stable,0.032,0
PM-SYN-057,2026-08-19T07:24:00+08:00,15m,34,40,normal_update,delayed,medium,clear,0.6,caution,True,low,0,none,0.0,0.2,35.33,37.73,36.0,5.28,-2.0,0,0,0,0,2.0,0.0,0.93,False,999.0,False,0.25,0.35,0.032,stable,0.021,0
PM-SYN-057,2026-08-19T07:26:00+08:00,15m,39,40,normal_update,fresh,medium,clear,0.6,caution,True,low,0,none,0.0,0.0,36.33,37.93,39.0,1.83,3.0,0,0,0,0,0.0,0.0,0.97,False,999.0,False,0.25,0.35,0.021,stable,0.015,0
PM-SYN-057,2026-08-19T07:28:00+08:00,15m,39,40,normal_update,delayed,medium,clear,0.6,caution,True,low,0,none,0.0,0.0,37.33,38.13,39.0,1.94,5.0,0,0,0,0,0.0,0.0,1.0,False,999.0,False,0.25,0.35,0.015,stable,0.014,0
PM-SYN-057,2026-08-19T07:30:00+08:00,15m,36,40,normal_update,fresh,medium,clear,0.6,caution,True,low,0,none,0.0,0.0,38.0,37.6,39.0,1.94,-3.0,0,0,0,0,0.0,0.0,1.03,False,999.0,False,0.25,0.35,0.014,stable,0.015,0
PM-SYN-057,2026-08-19T07:32:00+08:00,15m,47,40,normal_update,fresh,medium,clear,0.6,caution,True,low,7,minor,0.333,0.2,40.67,38.47,47.0,4.43,8.0,0,0,0,0,0.0,0.265,1.07,False,999.0,False,0.25,0.35,0.015,increasing,0.056,0
PM-SYN-057,2026-08-19T07:34:00+08:00,15m,40,40,normal_update,delayed,medium,clear,0.6,caution,True,low,0,none,0.333,0.2,41.0,38.87,47.0,3.66,4.0,0,0,0,0,0.0,0.0,1.1,False,999.0,False,0.25,0.35,0.056,decreasing,0.033,0
PM-SYN-057,2026-08-19T07:36:00+08:00,15m,35,40,normal_update,delayed,medium,clear,0.6,caution,True,low,0,none,0.333,0.2,40.67,38.87,47.0,4.22,-12.0,0,0,0,0,0.0,0.0,1.13,False,999.0,False,0.25,0.35,0.033,stable,0.018,0
PM-SYN-057,2026-08-19T07:38:00+08:00,15m,38,40,normal_update,delayed,medium,clear,0.6,caution,True,low,0,none,0.0,0.2,37.67,39.0,40.0,4.26,-2.0,0,0,0,0,0.0,0.0,1.17,False,999.0,False,0.25,0.35,0.018,stable,0.038,0
PM-SYN-057,2026-08-19T07:40:00+08:00,15m,50,40,normal_update,fresh,medium,clear,0.6,caution,True,low,10,minor,0.333,0.4,41.0,39.8,50.0,5.62,15.0,0,0,0,0,0.0,0.362,1.2,False,999.0,False,0.25,0.35,0.038,increasing,0.075,0
PM-SYN-057,2026-08-19T07:42:00+08:00,15m,40,40,normal_update,fresh,medium,clear,0.6,caution,True,low,0,none,0.333,0.2,42.67,39.4,50.0,5.04,2.0,0,0,0,0,0.0,0.0,1.23,False,999.0,False,0.25,0.35,0.075,decreasing,0.038,0
PM-SYN-057,2026-08-19T07:44:00+08:00,15m,36,40,normal_update,fresh,medium,clear,0.6,caution,True,low,0,none,0.333,0.2,42.0,39.2,50.0,5.38,-14.0,0,0,0,0,0.0,0.0,1.27,False,999.0,False,0.25,0.35,0.038,stable,0.017,0
PM-SYN-057,2026-08-19T07:46:00+08:00,15m,42,40,normal_update,fresh,medium,clear,0.6,caution,True,low,2,minor,0.333,0.4,39.33,38.8,42.0,4.83,2.0,0,0,0,0,0.0,0.063,1.3,False,999.0,False,0.25,0.35,0.017,increasing,0.042,0
PM-SYN-057,2026-08-19T07:48:00+08:00,15m,33,40,normal_update,stale,medium,clear,0.6,caution,True,low,0,none,0.333,0.4,37.0,38.73,42.0,5.81,-3.0,0,0,0,0,0.0,0.0,1.33,False,999.0,False,0.25,0.35,0.042,decreasing,0.04,0
PM-SYN-057,2026-08-19T07:50:00+08:00,15m,47,40,normal_update,fresh,medium,clear,0.6,caution,True,low,7,minor,0.667,0.4,40.67,39.47,47.0,4.84,5.0,0,0,0,0,0.0,0.24,1.37,False,999.0,False,0.25,0.35,0.04,increasing,0.032,0
PM-SYN-057,2026-08-19T07:52:00+08:00,15m,46,40,speeding,fresh,medium,clear,0.6,caution,True,low,6,minor,0.667,0.6,42.0,40.13,47.0,5.49,13.0,0,0,0,0,2.0,0.208,1.4,False,999.0,False,0.25,0.35,0.032,increasing,0.091,0
PM-SYN-057,2026-08-19T07:54:00+08:00,15m,37,40,normal_update,delayed,medium,clear,0.6,caution,True,low,0,none,0.667,0.6,43.33,40.33,47.0,5.33,-10.0,0,0,0,0,2.0,0.0,1.43,False,999.0,False,0.25,0.35,0.091,decreasing,0.035,0
PM-SYN-057,2026-08-19T07:56:00+08:00,15m,40,40,normal_update,delayed,medium,clear,0.6,caution,True,low,0,none,0.333,0.4,41.0,40.4,46.0,5.31,-6.0,0,0,0,0,2.0,0.0,1.47,False,999.0,False,0.25,0.35,0.035,stable,0.025,0
PM-SYN-057,2026-08-19T07:58:00+08:00,15m,45,40,normal_update,fresh,medium,clear,0.6,caution,True,low,5,minor,0.333,0.6,40.67,40.8,45.0,3.85,8.0,0,0,0,0,2.0,0.175,1.5,False,999.0,False,0.25,0.35,0.025,increasing,0.064,0
PM-SYN-057,2026-08-19T08:00:00+08:00,15m,46,40,normal_update,delayed,medium,clear,0.6,caution,True,low,6,minor,0.667,0.6,43.67,41.47,46.0,3.66,6.0,0,0,0,0,2.0,0.176,1.53,False,999.0,False,0.25,0.35,0.064,increasing,0.078,0
PM-SYN-057,2026-08-19T08:02:00+08:00,15m,34,40,normal_update,fresh,medium,clear,0.6,caution,True,low,0,none,0.667,0.4,41.67,40.6,46.0,4.59,-11.0,0,0,0,0,2.0,0.0,1.57,False,999.0,False,0.25,0.35,0.078,decreasing,0.019,0
PM-SYN-057,2026-08-19T08:04:00+08:00,15m,32,40,normal_update,fresh,medium,clear,0.6,caution,True,low,0,none,0.333,0.4,37.33,40.07,46.0,5.64,-14.0,0,0,0,0,2.0,0.0,1.6,False,999.0,False,0.25,0.35,0.019,stable,0.05,0
PM-SYN-057,2026-08-19T08:06:00+08:00,15m,35,40,normal_update,fresh,medium,clear,0.6,caution,True,low,0,none,0.0,0.4,33.67,40.07,35.0,5.89,1.0,0,0,0,0,2.0,0.0,1.63,False,999.0,False,0.25,0.35,0.05,decreasing,0.021,0
PM-SYN-057,2026-08-19T08:08:00+08:00,15m,42,40,normal_update,fresh,medium,clear,0.6,caution,True,low,2,minor,0.333,0.4,36.33,40.33,42.0,5.31,10.0,0,0,0,0,2.0,0.059,1.67,False,999.0,False,0.25,0.35,0.021,increasing,0.037,0
PM-SYN-057,2026-08-19T08:10:00+08:00,15m,39,40,normal_update,delayed,medium,clear,0.6,caution,True,low,0,none,0.333,0.2,38.67,39.6,42.0,3.61,4.0,0,0,0,0,2.0,0.0,1.7,False,999.0,False,0.25,0.35,0.037,stable,0.045,0
PM-SYN-057,2026-08-19T08:12:00+08:00,15m,45,40,sharp_turn,fresh,medium,clear,0.6,caution,True,low,5,minor,0.667,0.4,42.0,39.93,45.0,4.67,3.0,0,1,0,1,4.0,0.235,1.73,False,999.0,False,0.25,0.35,0.045,increasing,0.051,0
PM-SYN-057,2026-08-19T08:14:00+08:00,15m,32,40,normal_update,fresh,medium,clear,0.6,caution,True,low,0,none,0.333,0.4,38.67,39.67,45.0,4.67,-7.0,0,1,0,1,4.0,0.029,1.77,False,999.0,False,0.25,0.35,0.051,stable,0.06,0
PM-SYN-057,2026-08-19T08:16:00+08:00,15m,40,40,normal_update,fresh,medium,clear,0.6,caution,True,low,0,none,0.333,0.4,39.0,39.53,45.0,4.32,-5.0,0,1,0,1,4.0,0.02,1.8,False,999.0,False,0.25,0.35,0.06,stable,0.041,0
PM-SYN-057,2026-08-19T08:18:00+08:00,15m,37,40,normal_update,fresh,medium,clear,0.6,caution,True,low,0,none,0.0,0.2,36.33,39.8,40.0,4.22,5.0,0,1,0,1,4.0,0.039,1.83,False,999.0,False,0.25,0.35,0.041,stable,0.022,0
PM-SYN-057,2026-08-19T08:20:00+08:00,15m,37,40,normal_update,fresh,medium,clear,0.6,caution,True,low,0,none,0.0,0.2,38.0,39.13,40.0,4.26,-3.0,0,1,0,1,4.0,0.058,1.87,False,999.0,False,0.25,0.35,0.022,increasing,0.022,0
PM-SYN-057,2026-08-19T08:22:00+08:00,15m,38,40,sharp_turn,fresh,medium,clear,0.6,caution,True,low,0,none,0.0,0.0,37.33,38.6,38.0,2.64,1.0,0,1,0,1,4.0,0.058,1.9,False,999.0,False,0.25,0.35,0.022,increasing,0.015,0
PM-SYN-057,2026-08-19T08:24:00+08:00,15m,37,40,normal_update,delayed,medium,clear,0.6,caution,True,low,0,none,0.0,0.0,37.33,38.6,38.0,1.17,0.0,0,1,0,1,4.0,0.065,1.93,False,999.0,False,0.25,0.35,0.015,increasing,0.026,0
PM-SYN-057,2026-08-19T08:26:00+08:00,15m,36,40,normal_update,fresh,medium,clear,0.6,caution,True,low,0,none,0.0,0.0,37.0,38.33,38.0,0.63,-2.0,0,1,0,1,4.0,0.054,1.97,False,999.0,False,0.25,0.35,0.026,increasing,0.015,0
PM-SYN-057,2026-08-19T08:28:00+08:00,15m,36,40,normal_update,fresh,medium,clear,0.6,caution,True,low,0,none,0.0,0.0,36.33,37.73,37.0,0.75,-1.0,0,1,0,1,4.0,0.065,2.0,False,999.0,False,0.25,0.35,0.015,increasing,0.023,0
PM-SYN-057,2026-08-19T08:30:00+08:00,15m,38,40,normal_update,fresh,medium,clear,0.6,caution,True,low,0,none,0.0,0.0,36.67,37.2,38.0,0.89,2.0,0,1,0,1,4.0,0.057,2.03,False,999.0,False,0.25,0.35,0.023,increasing,0.02,0
PM-SYN-057,2026-08-19T08:32:00+08:00,15m,44,40,normal_update,fresh,medium,clear,0.6,caution,True,low,4,minor,0.333,0.2,39.33,37.87,44.0,2.99,8.0,0,0,0,0,4.0,0.14,2.07,False,999.0,False,0.25,0.35,0.02,increasing,0.031,0
PM-SYN-057,2026-08-19T08:34:00+08:00,15m,38,40,normal_update,fresh,medium,clear,0.6,caution,True,low,0,none,0.333,0.2,40.0,38.27,44.0,2.94,0.0,0,0,0,0,4.0,0.0,2.1,False,999.0,False,0.25,0.35,0.031,stable,0.015,0
PM-SYN-057,2026-08-19T08:36:00+08:00,15m,38,40,normal_update,fresh,medium,clear,0.6,caution,True,low,0,none,0.333,0.2,40.0,38.47,44.0,2.71,-6.0,0,0,0,0,4.0,0.0,2.13,False,999.0,False,0.25,0.35,0.015,stable,0.019,0
PM-SYN-057,2026-08-19T08:38:00+08:00,15m,36,40,normal_update,delayed,medium,clear,0.6,caution,True,low,0,none,0.0,0.2,37.33,38.07,38.0,2.71,-2.0,0,0,0,0,4.0,0.0,2.17,False,999.0,False,0.25,0.35,0.019,stable,0.014,0
PM-SYN-057,2026-08-19T08:40:00+08:00,15m,46,40,normal_update,delayed,medium,clear,0.6,caution,True,low,6,minor,0.333,0.4,40.0,38.53,46.0,3.88,8.0,0,0,0,0,4.0,0.226,2.2,False,999.0,False,0.25,0.35,0.014,increasing,0.068,0
PM-SYN-057,2026-08-19T08:42:00+08:00,15m,40,40,normal_update,fresh,medium,clear,0.6,caution,True,low,0,none,0.333,0.2,40.67,38.2,46.0,3.44,4.0,0,0,0,0,2.0,0.0,2.23,False,999.0,False,0.25,0.35,0.068,decreasing,0.04,0
PM-SYN-057,2026-08-19T08:44:00+08:00,15m,45,40,normal_update,delayed,medium,clear,0.6,caution,True,low,5,minor,0.667,0.4,43.67,39.07,46.0,3.9,-1.0,0,0,0,0,2.0,0.16,2.27,False,999.0,False,0.25,0.35,0.04,increasing,0.024,0
PM-SYN-057,2026-08-19T08:46:00+08:00,15m,42,40,normal_update,fresh,medium,clear,0.6,caution,True,low,2,minor,0.667,0.6,42.33,39.2,45.0,3.6,2.0,0,0,0,0,2.0,0.056,2.3,False,999.0,False,0.25,0.35,0.024,increasing,0.062,0
PM-SYN-057,2026-08-19T08:48:00+08:00,15m,35,40,normal_update,fresh,medium,clear,0.6,caution,True,low,0,none,0.667,0.6,40.67,39.07,45.0,3.93,-10.0,0,0,0,0,2.0,0.0,2.33,False,999.0,False,0.25,0.35,0.062,decreasing,0.055,0
PM-SYN-057,2026-08-19T08:50:00+08:00,15m,35,40,normal_update,fresh,medium,clear,0.6,caution,True,low,0,none,0.333,0.4,37.33,38.93,42.0,3.93,-7.0,0,0,0,0,2.0,0.0,2.37,False,999.0,False,0.25,0.35,0.055,decreasing,0.03,0
PM-SYN-058,2026-08-19T06:43:00+08:00,15m,9,15,normal_update,fresh,high,rain,0.66,restricted,False,medium,0,none,0.0,0.4,9.67,13.27,12.0,3.83,1.0,1,0,1,0,8.0,0.0,0.5,True,999.0,False,0.75,0.7,0.341,decreasing,0.18,0
PM-SYN-058,2026-08-19T06:45:00+08:00,15m,20,15,speeding,fresh,high,rain,0.66,restricted,False,medium,5,minor,0.333,0.4,13.67,13.07,20.0,4.62,8.0,0,0,0,0,8.0,0.02,0.53,True,999.0,False,0.75,0.7,0.18,stable,0.072,0
PM-SYN-058,2026-08-19T06:47:00+08:00,15m,15,15,sharp_turn,fresh,high,rain,0.66,restricted,False,medium,0,none,0.333,0.2,14.67,13.53,20.0,4.35,6.0,0,1,0,1,10.0,0.008,0.57,True,999.0,False,0.75,0.7,0.072,stable,0.081,0
PM-SYN-058,2026-08-19T06:49:00+08:00,15m,17,15,normal_update,delayed,high,rain,0.66,restricted,False,medium,2,minor,0.667,0.4,17.33,13.47,20.0,3.83,-3.0,0,1,0,1,10.0,0.079,0.6,True,999.0,False,0.75,0.7,0.081,increasing,0.15,1
PM-SYN-058,2026-08-19T06:51:00+08:00,15m,16,15,normal_update,fresh,high,rain,0.66,restricted,False,medium,1,minor,0.667,0.6,16.0,13.87,17.0,3.61,1.0,0,1,0,1,10.0,0.0,0.63,True,0,False,0.75,0.7,0.15,stable,0.169,1
PM-SYN-058,2026-08-19T06:53:00+08:00,15m,13,15,normal_update,fresh,high,rain,0.66,restricted,False,medium,0,none,0.667,0.6,15.33,14.0,17.0,2.32,-4.0,0,1,0,1,10.0,0.0,0.67,True,2,False,0.75,0.7,0.169,decreasing,0.093,1
PM-SYN-058,2026-08-19T06:55:00+08:00,15m,21,15,normal_update,delayed,high,rain,0.66,restricted,False,medium,6,minor,0.667,0.6,16.67,14.67,21.0,2.65,5.0,0,1,0,1,10.0,0.227,0.7,True,4,False,0.75,0.7,0.093,increasing,0.11,1
PM-SYN-058,2026-08-19T06:57:00+08:00,15m,15,15,normal_update,fresh,high,rain,0.66,restricted,False,medium,0,none,0.333,0.6,16.33,14.67,21.0,2.65,2.0,0,0,0,0,8.0,0.0,0.73,True,6,False,0.75,0.7,0.11,decreasing,0.067,0
PM-SYN-058,2026-08-19T06:59:00+08:00,15m,11,15,normal_update,fresh,high,rain,0.66,restricted,False,medium,0,none,0.333,0.4,15.67,14.07,21.0,3.37,-10.0,0,0,0,0,6.0,0.0,0.77,True,8,False,0.75,0.7,0.067,decreasing,0.062,0
PM-SYN-058,2026-08-19T07:01:00+08:00,15m,7,15,normal_update,delayed,high,rain,0.66,restricted,False,medium,0,none,0.0,0.2,11.0,14.0,15.0,4.63,-8.0,0,0,0,0,6.0,0.0,0.8,False,10,False,0.75,0.7,0.062,decreasing,0.039,0
PM-SYN-058,2026-08-19T07:03:00+08:00,15m,12,15,sharp_turn,delayed,high,rain,0.66,restricted,False,medium,0,none,0.0,0.2,10.0,14.0,12.0,4.66,1.0,0,1,0,1,8.0,0.041,0.83,False,12,False,0.75,0.7,0.039,increasing,0.055,0
PM-SYN-058,2026-08-19T07:05:00+08:00,15m,17,15,normal_update,fresh,high,rain,0.66,restricted,False,medium,2,minor,0.333,0.2,12.0,14.0,17.0,3.44,10.0,0,1,0,1,6.0,0.105,0.87,False,14,False,0.75,0.7,0.055,increasing,0.043,0
PM-SYN-058,2026-08-19T07:07:00+08:00,15m,16,15,normal_update,fresh,high,rain,0.66,restricted,False,medium,1,minor,0.667,0.4,15.0,13.93,17.0,3.61,4.0,0,1,0,1,6.0,0.077,0.9,False,16,False,0.75,0.7,0.043,increasing,0.06,0
PM-SYN-058,2026-08-19T07:09:00+08:00,15m,22,15,normal_update,fresh,high,rain,0.66,restricted,False,medium,7,minor,1.0,0.6,18.33,14.87,22.0,5.04,5.0,0,1,0,1,6.0,0.3,0.93,False,18,False,0.75,0.7,0.06,increasing,0.153,0
PM-SYN-058,2026-08-19T07:11:00+08:00,15m,18,15,normal_update,fresh,high,rain,0.66,restricted,False,medium,3,minor,1.0,0.8,18.67,15.27,22.0,3.22,2.0,0,1,0,1,6.0,0.047,0.97,False,20,False,0.75,0.7,0.153,increasing,0.101,0
PM-SYN-058,2026-08-19T07:13:00+08:00,15m,12,15,normal_update,delayed,high,rain,0.66,restricted,False,medium,0,none,0.667,0.8,17.33,15.47,22.0,3.22,-10.0,0,0,0,0,6.0,0.0,1.0,False,22,False,0.75,0.7,0.101,decreasing,0.098,1
PM-SYN-058,2026-08-19T07:15:00+08:00,15m,23,15,speeding,fresh,high,rain,0.66,restricted,False,medium,8,minor,0.667,0.8,17.67,15.67,23.0,4.02,5.0,0,0,0,0,6.0,0.222,1.03,False,0,True,0.75,0.7,0.098,increasing,0.113,1
PM-SYN-058,2026-08-19T07:17:00+08:00,15m,11,15,normal_update,fresh,high,rain,0.66,restricted,False,medium,0,none,0.333,0.6,15.33,15.4,23.0,4.96,-1.0,0,0,0,0,4.0,0.0,1.07,False,2,True,0.75,0.7,0.113,decreasing,0.233,1
PM-SYN-058,2026-08-19T07:19:00+08:00,15m,11,15,normal_update,fresh,high,rain,0.66,restricted,False,medium,0,none,0.333,0.4,15.0,15.0,23.0,4.77,-12.0,0,0,0,0,4.0,0.0,1.1,False,4,True,0.75,0.7,0.233,decreasing,0.147,1
PM-SYN-058,2026-08-19T07:21:00+08:00,15m,13,15,normal_update,delayed,high,rain,0.66,restricted,False,medium,0,none,0.0,0.2,11.67,14.8,13.0,4.56,2.0,0,0,0,0,4.0,0.0,1.13,False,6,True,0.75,0.7,0.147,decreasing,0.081,1
PM-SYN-058,2026-08-19T07:23:00+08:00,15m,21,15,speeding,fresh,high,rain,0.66,restricted,False,medium,6,minor,0.333,0.4,15.0,15.33,21.0,5.15,10.0,0,0,0,0,6.0,0.159,1.17,False,8,True,0.75,0.7,0.081,increasing,0.128,1
PM-SYN-058,2026-08-19T07:25:00+08:00,15m,23,15,speeding,fresh,high,rain,0.66,restricted,False,medium,8,minor,0.667,0.4,19.0,15.47,23.0,5.15,10.0,0,0,0,0,8.0,0.192,1.2,False,10,True,0.75,0.7,0.128,increasing,0.122,1
PM-SYN-058,2026-08-19T07:27:00+08:00,15m,24,15,speeding,delayed,high,rain,0.66,restricted,False,medium,9,minor,1.0,0.6,22.67,16.07,24.0,5.35,3.0,0,0,0,0,10.0,0.238,1.23,False,0,True,0.75,0.7,0.122,increasing,0.207,1
PM-SYN-058,2026-08-19T07:29:00+08:00,15m,26,15,normal_update,fresh,high,rain,0.66,restricted,False,medium,11,moderate,1.0,0.8,24.33,17.07,26.0,4.5,3.0,0,0,0,0,10.0,0.233,1.27,False,2,True,0.75,0.7,0.207,increasing,0.156,1
PM-SYN-058,2026-08-19T07:31:00+08:00,15m,12,15,normal_update,delayed,high,rain,0.66,restricted,False,medium,0,none,0.667,0.8,20.67,17.4,26.0,4.87,-12.0,0,0,0,0,10.0,0.0,1.3,False,4,True,0.75,0.7,0.156,decreasing,0.193,1
PM-SYN-058,2026-08-19T07:33:00+08:00,15m,13,15,normal_update,fresh,high,rain,0.66,restricted,False,medium,0,none,0.333,0.6,17.0,17.47,26.0,5.89,-13.0,0,0,0,0,8.0,0.0,1.33,False,6,True,0.75,0.7,0.193,decreasing,0.122,0
PM-SYN-058,2026-08-19T07:35:00+08:00,15m,13,15,normal_update,fresh,high,rain,0.66,restricted,False,medium,0,none,0.0,0.4,12.67,17.2,13.0,6.09,1.0,0,0,0,0,8.0,0.0,1.37,False,8,True,0.75,0.7,0.122,decreasing,0.087,0
PM-SYN-058,2026-08-19T07:37:00+08:00,15m,13,15,normal_update,fresh,high,rain,0.66,restricted,False,medium,0,none,0.0,0.2,13.0,17.0,13.0,5.31,0.0,0,0,0,0,8.0,0.0,1.4,False,10,True,0.75,0.7,0.087,decreasing,0.152,1
PM-SYN-058,2026-08-19T07:39:00+08:00,15m,12,15,normal_update,delayed,high,rain,0.66,restricted,False,medium,0,none,0.0,0.0,12.67,16.33,13.0,0.49,-1.0,0,0,0,0,8.0,0.0,1.43,False,0,True,0.75,0.7,0.152,decreasing,0.076,1
PM-SYN-058,2026-08-19T07:41:00+08:00,15m,16,15,normal_update,fresh,high,rain,0.66,restricted,False,medium,1,minor,0.333,0.2,13.67,16.2,16.0,1.36,3.0,0,0,0,0,8.0,0.0,1.47,False,2,True,0.75,0.7,0.076,stable,0.096,1
PM-SYN-058,2026-08-19T07:43:00+08:00,15m,8,15,normal_update,fresh,high,rain,0.66,restricted,False,medium,0,none,0.333,0.2,12.0,15.93,16.0,2.58,-4.0,0,0,0,0,8.0,0.0,1.5,False,4,True,0.75,0.7,0.096,decreasing,0.139,1
PM-SYN-058,2026-08-19T07:45:00+08:00,15m,8,15,harsh_brake,delayed,high,rain,0.66,restricted,False,medium,0,none,0.333,0.2,10.67,14.93,16.0,3.07,-8.0,1,0,1,0,8.0,0.0,1.53,False,0,False,0.75,0.7,0.139,decreasing,0.099,1
PM-SYN-058,2026-08-19T07:47:00+08:00,15m,13,15,normal_update,fresh,high,rain,0.66,restricted,False,medium,0,none,0.0,0.2,9.67,15.07,13.0,3.07,5.0,1,0,1,0,8.0,0.0,1.57,False,2,False,0.75,0.7,0.099,stable,0.072,0
PM-SYN-058,2026-08-19T07:49:00+08:00,15m,14,15,normal_update,fresh,high,rain,0.66,restricted,False,medium,0,none,0.0,0.2,11.67,15.27,14.0,3.25,6.0,1,0,1,0,8.0,0.008,1.6,False,4,False,0.75,0.7,0.072,stable,0.067,0
PM-SYN-058,2026-08-19T07:51:00+08:00,15m,12,15,normal_update,fresh,high,rain,0.66,restricted,False,medium,0,none,0.0,0.0,13.0,15.2,14.0,2.53,-1.0,1,0,1,0,8.0,0.013,1.63,False,6,False,0.75,0.7,0.067,stable,0.072,0
PM-SYN-058,2026-08-19T07:53:00+08:00,15m,9,15,sharp_turn,fresh,high,rain,0.66,restricted,False,medium,0,none,0.0,0.0,11.67,14.4,14.0,2.32,-5.0,1,1,1,1,8.0,0.088,1.67,False,8,False,0.75,0.7,0.072,increasing,0.054,0
PM-SYN-058,2026-08-19T07:55:00+08:00,15m,12,15,harsh_brake,delayed,high,rain,0.66,restricted,False,medium,0,none,0.0,0.0,11.0,13.67,12.0,1.67,0.0,1,1,1,1,8.0,0.106,1.7,False,10,False,0.75,0.7,0.054,increasing,0.054,0
PM-SYN-058,2026-08-19T07:57:00+08:00,15m,12,15,stale_gps,stale,high,rain,0.66,restricted,False,medium,0,none,0.0,0.0,11.0,12.87,12.0,1.6,3.0,1,1,1,1,8.0,0.106,1.73,False,12,False,0.75,0.7,0.054,increasing,0.106,0
PM-SYN-058,2026-08-19T07:59:00+08:00,15m,16,15,normal_update,stale,high,rain,0.66,restricted,False,medium,1,minor,0.333,0.2,13.33,12.2,16.0,2.23,4.0,1,1,1,1,8.0,0.094,1.77,False,14,False,0.75,0.7,0.106,increasing,0.124,0
PM-SYN-058,2026-08-19T08:01:00+08:00,15m,17,15,harsh_brake,fresh,high,rain,0.66,restricted,False,medium,2,minor,0.667,0.4,15.0,12.53,17.0,2.93,5.0,2,1,2,1,10.0,0.196,1.8,False,16,False,0.75,0.7,0.124,increasing,0.239,1
PM-SYN-058,2026-08-19T08:03:00+08:00,15m,13,15,normal_update,fresh,high,rain,0.66,restricted,False,medium,0,none,0.667,0.4,15.33,12.53,17.0,2.1,-3.0,2,0,2,0,10.0,0.0,1.83,False,0,True,0.75,0.7,0.239,decreasing,0.256,1
PM-SYN-058,2026-08-19T08:05:00+08:00,15m,15,15,normal_update,fresh,high,rain,0.66,restricted,False,medium,0,none,0.333,0.4,15.0,12.67,17.0,1.85,-2.0,1,0,1,0,10.0,0.0,1.87,False,2,True,0.75,0.7,0.256,decreasing,0.073,1
PM-SYN-058,2026-08-19T08:07:00+08:00,15m,16,15,sharp_turn,delayed,high,rain,0.66,restricted,False,medium,1,minor,0.333,0.6,14.67,12.87,16.0,1.36,3.0,1,1,1,1,12.0,0.127,1.9,False,4,True,0.75,0.7,0.073,increasing,0.277,1
PM-SYN-058,2026-08-19T08:09:00+08:00,15m,19,15,normal_update,fresh,high,rain,0.66,restricted,False,medium,4,minor,0.667,0.6,16.67,13.33,19.0,2.0,4.0,1,1,1,1,12.0,0.043,1.93,False,6,True,0.75,0.7,0.277,increasing,0.167,1
PM-SYN-058,2026-08-19T08:11:00+08:00,15m,15,15,normal_update,fresh,high,rain,0.66,restricted,False,medium,0,none,0.667,0.4,16.67,13.27,19.0,1.96,-1.0,0,1,0,1,12.0,0.0,1.97,False,0,True,0.75,0.7,0.167,decreasing,0.086,1
PM-SYN-058,2026-08-19T08:13:00+08:00,15m,14,15,normal_update,fresh,high,rain,0.66,restricted,False,medium,0,none,0.333,0.4,16.0,13.67,19.0,1.72,-5.0,0,1,0,1,12.0,0.0,2.0,False,2,True,0.75,0.7,0.086,stable,0.165,1
PM-SYN-058,2026-08-19T08:15:00+08:00,15m,11,15,normal_update,fresh,high,rain,0.66,restricted,False,medium,0,none,0.0,0.4,13.33,13.87,15.0,2.61,-4.0,0,1,0,1,10.0,0.0,2.03,False,4,True,0.75,0.7,0.165,decreasing,0.114,0
PM-SYN-058,2026-08-19T08:17:00+08:00,15m,20,15,normal_update,fresh,high,rain,0.66,restricted,False,medium,5,minor,0.333,0.4,15.0,14.33,20.0,3.31,6.0,0,0,0,0,10.0,0.086,2.07,False,6,True,0.75,0.7,0.114,increasing,0.152,1
PM-SYN-058,2026-08-19T08:19:00+08:00,15m,21,15,speeding,fresh,high,rain,0.66,restricted,False,medium,6,minor,0.667,0.4,17.33,14.8,21.0,3.76,10.0,0,0,0,0,12.0,0.088,2.1,False,0,False,0.75,0.7,0.152,increasing,0.079,1
PM-SYN-058,2026-08-19T08:21:00+08:00,15m,9,15,normal_update,delayed,high,rain,0.66,restricted,False,medium,0,none,0.667,0.4,16.67,14.6,21.0,4.77,-11.0,0,0,0,0,12.0,0.0,2.13,False,2,False,0.75,0.7,0.079,decreasing,0.06,1
PM-SYN-058,2026-08-19T08:23:00+08:00,15m,11,15,normal_update,delayed,high,rain,0.66,restricted,False,medium,0,none,0.333,0.4,13.67,14.73,21.0,5.04,-10.0,0,0,0,0,10.0,0.0,2.17,False,0,True,0.75,0.7,0.06,decreasing,0.183,1
PM-SYN-058,2026-08-19T08:25:00+08:00,15m,13,15,harsh_brake,fresh,high,rain,0.66,restricted,False,medium,0,none,0.0,0.4,11.0,14.8,13.0,4.83,4.0,1,0,1,0,10.0,0.0,2.2,False,2,True,0.75,0.7,0.183,decreasing,0.199,1
PM-SYN-058,2026-08-19T08:27:00+08:00,15m,12,15,normal_update,fresh,high,rain,0.66,restricted,False,medium,0,none,0.0,0.2,12.0,14.8,13.0,4.12,1.0,1,0,1,0,8.0,0.0,2.23,False,4,True,0.75,0.7,0.199,decreasing,0.158,1
PM-SYN-058,2026-08-19T08:29:00+08:00,15m,11,15,normal_update,fresh,high,rain,0.66,restricted,False,medium,0,none,0.0,0.0,12.0,14.47,13.0,1.33,-2.0,1,0,1,0,8.0,0.0,2.27,False,6,True,0.75,0.7,0.158,decreasing,0.059,1
PM-SYN-058,2026-08-19T08:31:00+08:00,15m,13,15,normal_update,fresh,high,rain,0.66,restricted,False,medium,0,none,0.0,0.0,12.0,14.2,13.0,0.89,1.0,1,0,1,0,6.0,0.021,2.3,False,8,True,0.75,0.7,0.059,stable,0.046,1
PM-SYN-058,2026-08-19T08:33:00+08:00,15m,9,15,normal_update,fresh,high,rain,0.66,restricted,False,medium,0,none,0.0,0.0,11.0,13.93,13.0,1.5,-2.0,1,0,1,0,6.0,0.034,2.33,False,10,True,0.75,0.7,0.046,stable,0.109,1
PM-SYN-058,2026-08-19T08:35:00+08:00,15m,13,15,normal_update,fresh,high,rain,0.66,restricted,False,medium,0,none,0.0,0.0,11.67,13.8,13.0,1.5,0.0,0,0,0,0,6.0,0.0,2.37,False,12,True,0.75,0.7,0.109,decreasing,0.051,1
PM-SYN-059,2026-08-19T06:35:00+08:00,15m,37,40,normal_update,delayed,medium,clear,0.78,wharf,False,high,0,none,0.0,0.0,38.33,40.8,40.0,1.02,-1.0,0,0,0,0,4.0,0.0,0.5,True,999.0,False,0.25,1.0,0.225,decreasing,0.044,1
PM-SYN-059,2026-08-19T06:37:00+08:00,15m,40,40,normal_update,delayed,medium,clear,0.78,wharf,False,high,0,none,0.0,0.0,39.0,41.07,40.0,1.17,0.0,0,0,0,0,4.0,0.0,0.53,True,0,False,0.25,1.0,0.044,decreasing,0.035,1
PM-SYN-059,2026-08-19T06:39:00+08:00,15m,40,40,normal_update,fresh,medium,clear,0.78,wharf,False,high,0,none,0.0,0.0,39.0,40.73,40.0,1.26,3.0,0,0,0,0,4.0,0.0,0.57,True,2,False,0.25,1.0,0.035,stable,0.044,1
PM-SYN-059,2026-08-19T06:41:00+08:00,15m,34,40,normal_update,fresh,medium,clear,0.78,wharf,False,high,0,none,0.0,0.0,38.0,40.0,40.0,2.4,-6.0,0,0,0,0,4.0,0.0,0.6,True,4,False,0.25,1.0,0.044,decreasing,0.044,0
PM-SYN-059,2026-08-19T06:43:00+08:00,15m,38,40,normal_update,fresh,medium,clear,0.78,wharf,False,high,0,none,0.0,0.0,37.33,39.8,40.0,2.23,-2.0,0,0,0,0,4.0,0.0,0.63,True,6,False,0.25,1.0,0.044,decreasing,0.094,0
PM-SYN-059,2026-08-19T06:45:00+08:00,15m,48,40,normal_update,fresh,medium,clear,0.78,wharf,False,high,8,minor,0.333,0.2,40.0,39.67,48.0,4.56,14.0,0,0,0,0,2.0,0.226,0.67,True,8,False,0.25,1.0,0.094,increasing,0.081,0
PM-SYN-059,2026-08-19T06:47:00+08:00,15m,33,40,normal_update,fresh,medium,clear,0.78,wharf,False,high,0,none,0.333,0.2,39.67,39.4,48.0,5.35,-5.0,0,0,0,0,2.0,0.0,0.7,True,10,False,0.25,1.0,0.081,decreasing,0.079,0
PM-SYN-059,2026-08-19T06:49:00+08:00,15m,47,40,speeding,fresh,medium,clear,0.78,wharf,False,high,7,minor,0.667,0.4,42.67,39.33,48.0,6.36,-1.0,0,0,0,0,2.0,0.201,0.73,True,12,False,0.25,1.0,0.079,increasing,0.2,0
PM-SYN-059,2026-08-19T06:51:00+08:00,15m,43,40,normal_update,fresh,medium,clear,0.78,wharf,False,high,3,minor,0.667,0.6,41.0,39.73,47.0,5.64,10.0,0,0,0,0,2.0,0.0,0.77,True,14,False,0.25,1.0,0.2,decreasing,0.154,0
PM-SYN-059,2026-08-19T06:53:00+08:00,15m,40,40,normal_update,fresh,medium,clear,0.78,wharf,False,high,0,none,0.667,0.6,43.33,39.67,47.0,5.42,-7.0,0,0,0,0,2.0,0.0,0.8,True,16,False,0.25,1.0,0.154,decreasing,0.076,0
PM-SYN-059,2026-08-19T06:55:00+08:00,15m,46,40,normal_update,fresh,medium,clear,0.78,wharf,False,high,6,minor,0.667,0.6,43.0,40.13,46.0,5.04,3.0,0,0,0,0,2.0,0.164,0.83,True,18,False,0.25,1.0,0.076,increasing,0.129,0
PM-SYN-059,2026-08-19T06:57:00+08:00,15m,39,40,normal_update,fresh,medium,clear,0.78,wharf,False,high,0,none,0.333,0.6,41.67,40.13,46.0,3.16,-1.0,0,0,0,0,2.0,0.0,0.87,True,20,False,0.25,1.0,0.129,decreasing,0.075,0
PM-SYN-059,2026-08-19T06:59:00+08:00,15m,38,40,normal_update,fresh,medium,clear,0.78,wharf,False,high,0,none,0.333,0.4,41.0,40.07,46.0,2.93,-8.0,0,0,0,0,2.0,0.0,0.9,True,22,False,0.25,1.0,0.075,decreasing,0.105,1
PM-SYN-059,2026-08-19T07:01:00+08:00,15m,32,40,normal_update,fresh,medium,clear,0.78,wharf,False,high,0,none,0.0,0.2,36.33,39.67,39.0,4.47,-7.0,0,0,0,0,2.0,0.0,0.93,False,0,True,0.25,1.0,0.105,decreasing,0.073,1
PM-SYN-059,2026-08-19T07:03:00+08:00,15m,44,40,normal_update,fresh,medium,clear,0.78,wharf,False,high,4,minor,0.333,0.4,38.0,39.93,44.0,4.92,6.0,0,0,0,0,2.0,0.087,0.97,False,2,True,0.25,1.0,0.073,increasing,0.216,1
PM-SYN-059,2026-08-19T07:05:00+08:00,15m,34,40,normal_update,delayed,medium,clear,0.78,wharf,False,high,0,none,0.333,0.2,36.67,39.73,44.0,4.18,2.0,0,0,0,0,2.0,0.0,1.0,False,4,True,0.25,1.0,0.216,decreasing,0.122,1
PM-SYN-059,2026-08-19T07:07:00+08:00,15m,40,40,sharp_turn,delayed,medium,clear,0.78,wharf,False,high,0,none,0.333,0.2,39.33,39.73,44.0,4.27,-4.0,0,1,0,1,4.0,0.0,1.03,False,6,True,0.25,1.0,0.122,decreasing,0.081,1
PM-SYN-059,2026-08-19T07:09:00+08:00,15m,42,40,sharp_turn,fresh,medium,clear,0.78,wharf,False,high,2,minor,0.333,0.4,38.67,39.87,42.0,4.63,8.0,0,2,0,2,6.0,0.159,1.07,False,8,True,0.25,1.0,0.081,increasing,0.241,0
PM-SYN-059,2026-08-19T07:11:00+08:00,15m,35,40,normal_update,fresh,medium,clear,0.78,wharf,False,high,0,none,0.333,0.4,39.0,39.93,42.0,3.9,-5.0,0,2,0,2,6.0,0.0,1.1,False,10,True,0.25,1.0,0.241,decreasing,0.294,0
PM-SYN-059,2026-08-19T07:13:00+08:00,15m,40,40,normal_update,fresh,medium,clear,0.78,wharf,False,high,0,none,0.333,0.2,39.0,40.07,42.0,3.12,-2.0,0,2,0,2,6.0,0.0,1.13,False,12,True,0.25,1.0,0.294,decreasing,0.194,1
PM-SYN-059,2026-08-19T07:15:00+08:00,15m,40,40,normal_update,delayed,medium,clear,0.78,wharf,False,high,0,none,0.0,0.2,38.33,39.53,40.0,2.33,5.0,0,2,0,2,6.0,0.0,1.17,False,0,True,0.25,1.0,0.194,stable,0.135,1
PM-SYN-059,2026-08-19T07:17:00+08:00,15m,39,40,normal_update,fresh,medium,clear,0.78,wharf,False,high,0,none,0.0,0.2,39.67,39.93,40.0,2.32,-1.0,0,1,0,1,6.0,0.0,1.2,False,2,True,0.25,1.0,0.135,decreasing,0.08,1
PM-SYN-059,2026-08-19T07:19:00+08:00,15m,32,40,normal_update,delayed,medium,clear,0.78,wharf,False,high,0,none,0.0,0.0,37.0,38.93,40.0,3.19,-8.0,0,0,0,0,4.0,0.0,1.23,False,4,True,0.25,1.0,0.08,decreasing,0.119,0
PM-SYN-059,2026-08-19T07:21:00+08:00,15m,36,40,normal_update,fresh,medium,clear,0.78,wharf,False,high,0,none,0.0,0.0,35.67,38.47,39.0,3.07,-3.0,0,0,0,0,4.0,0.0,1.27,False,6,True,0.25,1.0,0.119,decreasing,0.057,0
PM-SYN-059,2026-08-19T07:23:00+08:00,15m,50,40,normal_update,fresh,medium,clear,0.78,wharf,False,high,10,minor,0.333,0.2,39.33,39.13,50.0,5.99,18.0,0,0,0,0,4.0,0.343,1.3,False,8,True,0.25,1.0,0.057,increasing,0.164,0
PM-SYN-059,2026-08-19T07:25:00+08:00,15m,36,40,stale_gps,stale,medium,clear,0.78,wharf,False,high,0,none,0.333,0.2,40.67,38.47,50.0,6.12,0.0,0,0,0,0,6.0,0.0,1.33,False,10,True,0.25,1.0,0.164,decreasing,0.143,0
PM-SYN-059,2026-08-19T07:27:00+08:00,15m,47,40,normal_update,delayed,medium,clear,0.78,wharf,False,high,7,minor,0.667,0.4,44.33,39.0,50.0,7.0,-3.0,0,0,0,0,6.0,0.137,1.37,False,12,True,0.25,1.0,0.143,increasing,0.181,1
PM-SYN-059,2026-08-19T07:29:00+08:00,15m,40,40,normal_update,fresh,medium,clear,0.78,wharf,False,high,0,none,0.333,0.4,41.0,39.13,47.0,5.74,4.0,0,0,0,0,6.0,0.0,1.4,False,0,False,0.25,1.0,0.181,decreasing,0.072,1
PM-SYN-059,2026-08-19T07:31:00+08:00,15m,37,40,normal_update,fresh,medium,clear,0.78,wharf,False,high,0,none,0.333,0.4,41.33,39.47,47.0,5.55,-10.0,0,0,0,0,6.0,0.0,1.43,False,2,False,0.25,1.0,0.072,decreasing,0.052,1
PM-SYN-059,2026-08-19T07:33:00+08:00,15m,35,40,normal_update,fresh,medium,clear,0.78,wharf,False,high,0,none,0.0,0.2,37.33,38.87,40.0,4.34,-5.0,0,0,0,0,6.0,0.0,1.47,False,4,False,0.25,1.0,0.052,decreasing,0.05,0
PM-SYN-059,2026-08-19T07:35:00+08:00,15m,35,40,normal_update,delayed,medium,clear,0.78,wharf,False,high,0,none,0.0,0.2,35.67,38.93,37.0,4.49,-2.0,0,0,0,0,6.0,0.0,1.5,False,6,False,0.25,1.0,0.05,decreasing,0.042,0
PM-SYN-059,2026-08-19T07:37:00+08:00,15m,33,40,normal_update,fresh,medium,clear,0.78,wharf,False,high,0,none,0.0,0.0,34.33,38.47,35.0,2.37,-2.0,0,0,0,0,4.0,0.0,1.53,False,8,False,0.25,1.0,0.042,decreasing,0.053,0
PM-SYN-059,2026-08-19T07:39:00+08:00,15m,38,40,normal_update,delayed,medium,clear,0.78,wharf,False,high,0,none,0.0,0.0,35.33,38.2,38.0,1.74,3.0,0,0,0,0,2.0,0.0,1.57,False,10,False,0.25,1.0,0.053,decreasing,0.078,0
PM-SYN-059,2026-08-19T07:41:00+08:00,15m,43,40,normal_update,fresh,medium,clear,0.78,wharf,False,high,3,minor,0.333,0.2,38.0,38.73,43.0,3.49,10.0,0,0,0,0,2.0,0.042,1.6,False,12,False,0.25,1.0,0.078,increasing,0.039,0
PM-SYN-059,2026-08-19T07:43:00+08:00,15m,34,40,stale_gps,stale,medium,clear,0.78,wharf,False,high,0,none,0.333,0.2,38.33,38.33,43.0,3.61,-4.0,0,0,0,0,4.0,0.0,1.63,False,14,False,0.25,1.0,0.039,stable,0.062,0
PM-SYN-059,2026-08-19T07:45:00+08:00,15m,36,40,normal_update,delayed,medium,clear,0.78,wharf,False,high,0,none,0.333,0.2,37.67,38.07,43.0,3.54,-7.0,0,0,0,0,4.0,0.0,1.67,False,16,False,0.25,1.0,0.062,decreasing,0.063,0
PM-SYN-059,2026-08-19T07:47:00+08:00,15m,47,40,normal_update,fresh,medium,clear,0.78,wharf,False,high,7,minor,0.333,0.4,39.0,38.6,47.0,4.76,13.0,0,0,0,0,4.0,0.217,1.7,False,18,False,0.25,1.0,0.063,increasing,0.121,0
PM-SYN-059,2026-08-19T07:49:00+08:00,15m,37,40,normal_update,stale,medium,clear,0.78,wharf,False,high,0,none,0.333,0.4,40.0,38.93,47.0,4.84,1.0,0,0,0,0,4.0,0.0,1.73,False,20,False,0.25,1.0,0.121,decreasing,0.048,0
PM-SYN-059,2026-08-19T07:51:00+08:00,15m,47,40,speeding,fresh,medium,clear,0.78,wharf,False,high,7,minor,0.667,0.4,43.67,39.67,47.0,5.64,0.0,0,0,0,0,6.0,0.232,1.77,False,22,False,0.25,1.0,0.048,increasing,0.105,0
PM-SYN-059,2026-08-19T07:53:00+08:00,15m,34,40,normal_update,stale,medium,clear,0.78,wharf,False,high,0,none,0.333,0.4,39.33,38.6,47.0,5.64,-3.0,0,0,0,0,6.0,0.0,1.8,False,24,False,0.25,1.0,0.105,decreasing,0.058,1
PM-SYN-059,2026-08-19T07:55:00+08:00,15m,40,40,normal_update,fresh,medium,clear,0.78,wharf,False,high,0,none,0.333,0.4,40.33,38.87,47.0,5.25,-7.0,0,0,0,0,4.0,0.0,1.83,False,0,False,0.25,1.0,0.058,decreasing,0.151,1
PM-SYN-059,2026-08-19T07:57:00+08:00,15m,48,40,stale_gps,stale,medium,clear,0.78,wharf,False,high,8,minor,0.333,0.4,40.67,38.93,48.0,5.49,14.0,0,0,0,0,6.0,0.169,1.87,False,2,False,0.25,1.0,0.151,increasing,0.056,1
PM-SYN-059,2026-08-19T07:59:00+08:00,15m,39,40,normal_update,fresh,medium,clear,0.78,wharf,False,high,0,none,0.333,0.4,42.33,38.87,48.0,5.24,-1.0,0,0,0,0,6.0,0.0,1.9,False,4,False,0.25,1.0,0.056,decreasing,0.056,1
PM-SYN-059,2026-08-19T08:01:00+08:00,15m,46,40,normal_update,fresh,medium,clear,0.78,wharf,False,high,6,minor,0.667,0.4,44.33,39.47,48.0,5.04,-2.0,0,0,0,0,6.0,0.184,1.93,False,6,False,0.25,1.0,0.056,increasing,0.148,1
PM-SYN-059,2026-08-19T08:03:00+08:00,15m,40,40,normal_update,fresh,medium,clear,0.78,wharf,False,high,0,none,0.333,0.4,41.67,39.8,46.0,3.67,1.0,0,0,0,0,6.0,0.0,1.97,False,8,False,0.25,1.0,0.148,decreasing,0.094,1
PM-SYN-059,2026-08-19T08:05:00+08:00,15m,42,40,normal_update,delayed,medium,clear,0.78,wharf,False,high,2,minor,0.667,0.6,42.67,40.27,46.0,3.46,-4.0,0,0,0,0,6.0,0.0,2.0,False,10,False,0.25,1.0,0.094,stable,0.149,1
PM-SYN-059,2026-08-19T08:07:00+08:00,15m,48,40,normal_update,fresh,medium,clear,0.78,wharf,False,high,8,minor,0.667,0.6,43.33,41.27,48.0,3.46,8.0,0,0,0,0,6.0,0.171,2.03,False,12,False,0.25,1.0,0.149,increasing,0.177,1
PM-SYN-059,2026-08-19T08:09:00+08:00,15m,39,40,normal_update,fresh,medium,clear,0.78,wharf,False,high,0,none,0.667,0.6,43.0,41.33,48.0,3.46,-3.0,0,0,0,0,6.0,0.0,2.07,False,14,False,0.25,1.0,0.177,decreasing,0.135,0
PM-SYN-059,2026-08-19T08:11:00+08:00,15m,45,40,speeding,delayed,medium,clear,0.78,wharf,False,high,5,minor,0.667,0.6,44.0,41.47,48.0,3.31,-3.0,0,0,0,0,8.0,0.065,2.1,False,16,False,0.25,1.0,0.135,increasing,0.082,0
PM-SYN-059,2026-08-19T08:13:00+08:00,15m,42,40,normal_update,fresh,medium,clear,0.78,wharf,False,high,2,minor,0.667,0.8,42.0,42.0,45.0,3.06,3.0,0,0,0,0,6.0,0.0,2.13,False,18,False,0.25,1.0,0.082,stable,0.163,0
PM-SYN-059,2026-08-19T08:15:00+08:00,15m,36,40,normal_update,fresh,medium,clear,0.78,wharf,False,high,0,none,0.667,0.6,41.0,42.0,45.0,4.24,-9.0,0,0,0,0,6.0,0.0,2.17,False,20,False,0.25,1.0,0.163,decreasing,0.065,0
PM-SYN-059,2026-08-19T08:17:00+08:00,15m,46,40,speeding,fresh,medium,clear,0.78,wharf,False,high,6,minor,0.667,0.6,41.33,41.93,46.0,3.72,4.0,0,0,0,0,8.0,0.175,2.2,False,22,False,0.25,1.0,0.065,increasing,0.099,0
PM-SYN-059,2026-08-19T08:19:00+08:00,15m,39,40,normal_update,fresh,medium,clear,0.78,wharf,False,high,0,none,0.333,0.6,40.33,42.07,46.0,3.72,3.0,0,0,0,0,8.0,0.0,2.23,False,24,False,0.25,1.0,0.099,decreasing,0.177,0
PM-SYN-059,2026-08-19T08:21:00+08:00,15m,37,40,normal_update,fresh,medium,clear,0.78,wharf,False,high,0,none,0.333,0.4,40.67,41.4,46.0,3.63,-9.0,0,0,0,0,6.0,0.0,2.27,False,26,False,0.25,1.0,0.177,decreasing,0.108,0
PM-SYN-059,2026-08-19T08:23:00+08:00,15m,47,40,normal_update,delayed,medium,clear,0.78,wharf,False,high,7,minor,0.333,0.4,41.0,42.27,47.0,4.6,8.0,0,0,0,0,6.0,0.172,2.3,False,28,False,0.25,1.0,0.108,increasing,0.125,0
PM-SYN-059,2026-08-19T08:25:00+08:00,15m,35,40,normal_update,fresh,medium,clear,0.78,wharf,False,high,0,none,0.333,0.4,39.67,41.93,47.0,4.83,-2.0,0,0,0,0,6.0,0.0,2.33,False,30,False,0.25,1.0,0.125,decreasing,0.095,1
PM-SYN-059,2026-08-19T08:27:00+08:00,15m,39,40,normal_update,delayed,medium,clear,0.78,wharf,False,high,0,none,0.333,0.2,40.33,41.33,47.0,4.08,-8.0,0,0,0,0,4.0,0.0,2.37,False,0,True,0.25,1.0,0.095,decreasing,0.145,1
PM-SYN-060,2026-08-19T08:54:00+08:00,15m,16,15,normal_update,fresh,high,rain,0.72,caution,False,medium,1,minor,0.333,0.2,14.67,14.2,16.0,1.47,1.0,1,0,1,0,6.0,0.0,0.5,False,999.0,False,0.75,0.35,0.286,decreasing,0.053,0
PM-SYN-060,2026-08-19T08:56:00+08:00,15m,11,15,normal_update,fresh,high,rain,0.72,caution,False,medium,0,none,0.333,0.2,13.33,14.2,16.0,1.74,-2.0,1,0,1,0,6.0,0.027,0.53,False,999.0,False,0.75,0.35,0.053,stable,0.051,0
PM-SYN-060,2026-08-19T08:58:00+08:00,15m,13,15,normal_update,stale,high,rain,0.72,caution,False,medium,0,none,0.333,0.2,13.33,13.47,16.0,1.74,-3.0,1,0,1,0,6.0,0.029,0.57,False,999.0,False,0.75,0.35,0.051,stable,0.073,0
PM-SYN-060,2026-08-19T09:00:00+08:00,15m,12,15,normal_update,fresh,high,rain,0.72,caution,False,medium,0,none,0.0,0.2,12.0,13.8,13.0,1.67,1.0,1,0,1,0,6.0,0.007,0.6,False,999.0,False,0.75,0.35,0.073,stable,0.06,0
PM-SYN-060,2026-08-19T09:02:00+08:00,15m,16,15,normal_update,fresh,high,rain,0.72,caution,False,medium,1,minor,0.333,0.4,13.67,13.93,16.0,2.06,3.0,0,0,0,0,6.0,0.0,0.63,False,999.0,False,0.75,0.35,0.06,stable,0.101,0
PM-SYN-060,2026-08-19T09:04:00+08:00,15m,22,15,stale_gps,stale,high,rain,0.72,caution,False,medium,7,minor,0.667,0.4,16.67,14.53,22.0,3.97,10.0,0,0,0,0,8.0,0.179,0.67,False,999.0,False,0.75,0.35,0.101,increasing,0.089,0
PM-SYN-060,2026-08-19T09:06:00+08:00,15m,14,15,normal_update,fresh,high,rain,0.72,caution,False,medium,0,none,0.667,0.4,17.33,14.13,22.0,3.56,-2.0,0,0,0,0,8.0,0.0,0.7,False,999.0,False,0.75,0.35,0.089,decreasing,0.054,0
PM-SYN-060,2026-08-19T09:08:00+08:00,15m,15,15,normal_update,delayed,high,rain,0.72,caution,False,medium,0,none,0.333,0.4,17.0,14.07,22.0,3.37,-7.0,0,0,0,0,6.0,0.0,0.73,False,999.0,False,0.75,0.35,0.054,decreasing,0.104,0
PM-SYN-060,2026-08-19T09:10:00+08:00,15m,11,15,normal_update,fresh,high,rain,0.72,caution,False,medium,0,none,0.0,0.4,13.33,14.07,15.0,3.61,-3.0,0,0,0,0,6.0,0.0,0.77,False,999.0,False,0.75,0.35,0.104,decreasing,0.121,1
PM-SYN-060,2026-08-19T09:12:00+08:00,15m,8,15,normal_update,fresh,high,rain,0.72,caution,False,medium,0,none,0.0,0.2,11.33,13.8,15.0,4.69,-7.0,0,0,0,0,4.0,0.0,0.8,False,0,True,0.75,0.35,0.121,decreasing,0.108,1
PM-SYN-060,2026-08-19T09:14:00+08:00,15m,15,15,normal_update,fresh,high,rain,0.72,caution,False,medium,0,none,0.0,0.0,11.33,13.73,15.0,2.73,4.0,0,0,0,0,4.0,0.0,0.83,False,2,True,0.75,0.35,0.108,decreasing,0.085,0
PM-SYN-060,2026-08-19T09:16:00+08:00,15m,13,15,normal_update,fresh,high,rain,0.72,caution,False,medium,0,none,0.0,0.0,12.0,13.8,15.0,2.65,5.0,0,0,0,0,4.0,0.0,0.87,False,4,True,0.75,0.35,0.085,decreasing,0.089,0
PM-SYN-060,2026-08-19T09:18:00+08:00,15m,8,15,normal_update,fresh,high,rain,0.72,caution,False,medium,0,none,0.0,0.0,12.0,13.47,15.0,2.76,-7.0,0,0,0,0,4.0,0.0,0.9,False,6,True,0.75,0.35,0.089,decreasing,0.087,0
PM-SYN-060,2026-08-19T09:20:00+08:00,15m,19,15,normal_update,fresh,high,rain,0.72,caution,False,medium,4,minor,0.333,0.2,13.33,13.73,19.0,4.22,6.0,0,0,0,0,4.0,0.073,0.93,False,8,True,0.75,0.35,0.087,increasing,0.09,0
PM-SYN-060,2026-08-19T09:22:00+08:00,15m,27,15,normal_update,fresh,high,rain,0.72,caution,False,medium,12,moderate,0.667,0.4,18.0,14.67,27.0,6.37,19.0,0,0,0,0,2.0,0.39,0.97,False,10,True,0.75,0.35,0.09,increasing,0.216,1
PM-SYN-060,2026-08-19T09:24:00+08:00,15m,13,15,harsh_brake,fresh,high,rain,0.72,caution,False,medium,0,none,0.667,0.4,19.67,14.47,27.0,6.51,-6.0,1,0,1,0,4.0,0.0,1.0,False,0,False,0.75,0.35,0.216,decreasing,0.169,1
PM-SYN-060,2026-08-19T09:26:00+08:00,15m,16,15,normal_update,fresh,high,rain,0.72,caution,False,medium,1,minor,0.667,0.6,18.67,14.8,27.0,6.34,-11.0,1,0,1,0,4.0,0.0,1.03,False,2,False,0.75,0.35,0.169,decreasing,0.173,1
PM-SYN-060,2026-08-19T09:28:00+08:00,15m,9,15,harsh_brake,delayed,high,rain,0.72,caution,False,medium,0,none,0.333,0.6,12.67,14.53,16.0,6.08,-4.0,2,0,2,0,6.0,0.0,1.07,False,0,True,0.75,0.35,0.173,stable,0.222,1
PM-SYN-060,2026-08-19T09:30:00+08:00,15m,19,15,normal_update,delayed,high,rain,0.72,caution,False,medium,4,minor,0.667,0.6,14.67,15.0,19.0,6.08,3.0,2,0,2,0,6.0,0.098,1.1,False,2,True,0.75,0.35,0.222,increasing,0.232,1
PM-SYN-060,2026-08-19T09:32:00+08:00,15m,11,15,normal_update,fresh,high,rain,0.72,caution,False,medium,0,none,0.333,0.4,13.0,14.67,19.0,3.56,2.0,2,0,2,0,6.0,0.0,1.13,False,4,True,0.75,0.35,0.232,decreasing,0.164,1
PM-SYN-060,2026-08-19T09:34:00+08:00,15m,13,15,normal_update,fresh,high,rain,0.72,caution,False,medium,0,none,0.333,0.4,14.33,14.07,19.0,3.56,-6.0,1,0,1,0,4.0,0.0,1.17,False,6,True,0.75,0.35,0.164,decreasing,0.108,0
PM-SYN-060,2026-08-19T09:36:00+08:00,15m,20,15,speeding,fresh,high,rain,0.72,caution,False,medium,5,minor,0.333,0.4,14.67,14.47,20.0,4.36,9.0,1,0,1,0,6.0,0.172,1.2,False,8,True,0.75,0.35,0.108,increasing,0.187,0
PM-SYN-060,2026-08-19T09:38:00+08:00,15m,11,15,normal_update,fresh,high,rain,0.72,caution,False,medium,0,none,0.333,0.4,14.67,14.2,20.0,3.92,-2.0,0,0,0,0,6.0,0.0,1.23,False,10,True,0.75,0.35,0.187,decreasing,0.119,0
PM-SYN-060,2026-08-19T09:40:00+08:00,15m,24,15,stale_gps,stale,high,rain,0.72,caution,False,medium,9,minor,0.667,0.4,18.33,15.07,24.0,5.27,4.0,0,0,0,0,8.0,0.241,1.27,False,12,True,0.75,0.35,0.119,increasing,0.117,0
PM-SYN-060,2026-08-19T09:42:00+08:00,15m,16,15,normal_update,delayed,high,rain,0.72,caution,False,medium,1,minor,0.667,0.6,17.0,15.6,24.0,4.71,5.0,0,0,0,0,8.0,0.0,1.3,False,14,False,0.75,0.35,0.117,decreasing,0.112,1
PM-SYN-060,2026-08-19T09:44:00+08:00,15m,12,15,normal_update,fresh,high,rain,0.72,caution,False,medium,0,none,0.667,0.6,17.33,15.4,24.0,4.88,-12.0,0,0,0,0,8.0,0.0,1.33,False,0,True,0.75,0.35,0.112,decreasing,0.183,1
PM-SYN-060,2026-08-19T09:46:00+08:00,15m,20,15,sharp_turn,fresh,high,rain,0.72,caution,False,medium,5,minor,0.667,0.6,16.0,15.87,20.0,4.88,4.0,0,1,0,1,10.0,0.097,1.37,False,0,True,0.75,0.35,0.183,increasing,0.214,1
PM-SYN-060,2026-08-19T09:48:00+08:00,15m,13,15,normal_update,fresh,high,rain,0.72,caution,False,medium,0,none,0.333,0.6,15.0,16.2,20.0,4.47,1.0,0,1,0,1,10.0,0.0,1.4,False,2,True,0.75,0.35,0.214,decreasing,0.207,1
PM-SYN-060,2026-08-19T09:50:00+08:00,15m,9,15,normal_update,fresh,high,rain,0.72,caution,False,medium,0,none,0.333,0.4,14.0,15.53,20.0,3.74,-11.0,0,1,0,1,10.0,0.0,1.43,False,4,True,0.75,0.35,0.207,decreasing,0.144,1
PM-SYN-060,2026-08-19T09:52:00+08:00,15m,24,15,speeding,fresh,high,rain,0.72,caution,False,medium,9,minor,0.333,0.4,15.33,15.33,24.0,5.54,11.0,0,1,0,1,12.0,0.296,1.47,False,6,True,0.75,0.35,0.144,increasing,0.161,1
PM-SYN-060,2026-08-19T09:54:00+08:00,15m,11,15,normal_update,fresh,high,rain,0.72,caution,False,medium,0,none,0.333,0.4,14.67,15.2,24.0,5.68,2.0,0,1,0,1,10.0,0.0,1.5,False,8,True,0.75,0.35,0.161,decreasing,0.21,1
PM-SYN-060,2026-08-19T09:56:00+08:00,15m,29,15,normal_update,fresh,high,rain,0.72,caution,False,medium,14,moderate,0.667,0.4,21.33,16.07,29.0,7.86,5.0,0,0,0,0,10.0,0.35,1.53,False,0,True,0.75,0.35,0.21,increasing,0.216,1
PM-SYN-060,2026-08-19T09:58:00+08:00,15m,10,15,normal_update,fresh,high,rain,0.72,caution,False,medium,0,none,0.333,0.4,16.67,16.13,29.0,8.26,-1.0,0,0,0,0,8.0,0.0,1.57,False,2,True,0.75,0.35,0.216,decreasing,0.082,1
PM-SYN-060,2026-08-19T10:00:00+08:00,15m,10,15,normal_update,delayed,high,rain,0.72,caution,False,medium,0,none,0.333,0.4,16.33,15.53,29.0,8.08,-19.0,0,0,0,0,8.0,0.0,1.6,False,4,True,0.75,0.35,0.082,decreasing,0.152,1
PM-SYN-060,2026-08-19T10:02:00+08:00,15m,14,15,normal_update,fresh,high,rain,0.72,caution,False,medium,0,none,0.0,0.2,11.33,15.73,14.0,7.25,4.0,0,0,0,0,8.0,0.0,1.63,False,6,True,0.75,0.35,0.152,decreasing,0.134,1
PM-SYN-060,2026-08-19T10:04:00+08:00,15m,13,15,normal_update,fresh,high,rain,0.72,caution,False,medium,0,none,0.0,0.2,12.33,15.73,14.0,7.08,3.0,0,0,0,0,8.0,0.0,1.67,False,0,False,0.75,0.35,0.134,decreasing,0.091,1
PM-SYN-060,2026-08-19T10:06:00+08:00,15m,14,15,normal_update,fresh,high,rain,0.72,caution,False,medium,0,none,0.0,0.0,13.67,15.33,14.0,1.83,0.0,0,0,0,0,6.0,0.0,1.7,False,2,False,0.75,0.35,0.091,decreasing,0.058,1
PM-SYN-060,2026-08-19T10:08:00+08:00,15m,7,15,normal_update,fresh,high,rain,0.72,caution,False,medium,0,none,0.0,0.0,11.33,15.07,14.0,2.73,-6.0,0,0,0,0,6.0,0.0,1.73,False,4,False,0.75,0.35,0.058,decreasing,0.068,1
PM-SYN-060,2026-08-19T10:10:00+08:00,15m,11,15,normal_update,fresh,high,rain,0.72,caution,False,medium,0,none,0.0,0.0,10.67,14.2,14.0,2.64,-3.0,0,0,0,0,4.0,0.0,1.77,False,6,False,0.75,0.35,0.068,decreasing,0.03,0
PM-SYN-060,2026-08-19T10:12:00+08:00,15m,12,15,normal_update,fresh,high,rain,0.72,caution,False,medium,0,none,0.0,0.0,10.0,13.93,12.0,2.42,5.0,0,0,0,0,4.0,0.0,1.8,False,8,False,0.75,0.35,0.03,stable,0.039,0
PM-SYN-060,2026-08-19T10:14:00+08:00,15m,14,15,normal_update,fresh,high,rain,0.72,caution,False,medium,0,none,0.0,0.0,12.33,14.07,14.0,2.58,3.0,0,0,0,0,4.0,0.0,1.83,False,10,False,0.75,0.35,0.039,stable,0.031,0
PM-SYN-060,2026-08-19T10:16:00+08:00,15m,17,15,normal_update,fresh,high,rain,0.72,caution,False,medium,2,minor,0.333,0.2,14.33,13.87,17.0,3.31,5.0,0,0,0,0,2.0,0.049,1.87,False,12,False,0.75,0.35,0.031,increasing,0.054,0
PM-SYN-060,2026-08-19T10:18:00+08:00,15m,11,15,normal_update,fresh,high,rain,0.72,caution,False,medium,0,none,0.333,0.2,14.0,13.73,17.0,2.28,-3.0,0,0,0,0,2.0,0.0,1.9,False,14,False,0.75,0.35,0.054,decreasing,0.091,0
PM-SYN-060,2026-08-19T10:20:00+08:00,15m,25,15,speeding,fresh,high,rain,0.72,caution,False,medium,10,minor,0.667,0.4,17.67,14.8,25.0,5.04,8.0,0,0,0,0,4.0,0.309,1.93,False,16,False,0.75,0.35,0.091,increasing,0.066,0
PM-SYN-060,2026-08-19T10:22:00+08:00,15m,14,15,normal_update,fresh,high,rain,0.72,caution,False,medium,0,none,0.333,0.4,16.67,14.13,25.0,4.79,3.0,0,0,0,0,2.0,0.0,1.97,False,18,False,0.75,0.35,0.066,decreasing,0.069,0
PM-SYN-060,2026-08-19T10:24:00+08:00,15m,14,15,harsh_brake,fresh,high,rain,0.72,caution,False,medium,0,none,0.333,0.4,17.67,14.33,25.0,4.79,-11.0,1,0,1,0,4.0,0.011,2.0,False,20,False,0.75,0.35,0.069,stable,0.163,0
PM-SYN-060,2026-08-19T10:26:00+08:00,15m,21,15,normal_update,fresh,high,rain,0.72,caution,False,medium,6,minor,0.333,0.4,16.33,13.8,21.0,5.18,7.0,1,0,1,0,4.0,0.157,2.03,False,22,False,0.75,0.35,0.163,increasing,0.152,0
PM-SYN-060,2026-08-19T10:28:00+08:00,15m,10,15,normal_update,fresh,high,rain,0.72,caution,False,medium,0,none,0.333,0.4,15.0,13.8,21.0,5.42,-4.0,1,0,1,0,4.0,0.0,2.07,False,24,False,0.75,0.35,0.152,decreasing,0.153,1
PM-SYN-060,2026-08-19T10:30:00+08:00,15m,11,15,normal_update,fresh,high,rain,0.72,caution,False,medium,0,none,0.333,0.2,14.0,13.87,21.0,3.85,-10.0,1,0,1,0,4.0,0.0,2.1,False,0,True,0.75,0.35,0.153,decreasing,0.114,1
PM-SYN-060,2026-08-19T10:32:00+08:00,15m,12,15,normal_update,fresh,high,rain,0.72,caution,False,medium,0,none,0.0,0.2,11.0,13.73,12.0,3.93,2.0,1,0,1,0,4.0,0.0,2.13,False,2,True,0.75,0.35,0.114,stable,0.123,1
PM-SYN-060,2026-08-19T10:34:00+08:00,15m,12,15,normal_update,fresh,high,rain,0.72,caution,False,medium,0,none,0.0,0.2,11.67,13.67,12.0,3.97,1.0,0,0,0,0,4.0,0.0,2.17,False,4,True,0.75,0.35,0.123,decreasing,0.1,1
PM-SYN-060,2026-08-19T10:36:00+08:00,15m,12,15,normal_update,fresh,high,rain,0.72,caution,False,medium,0,none,0.0,0.0,12.0,13.53,12.0,0.8,0.0,0,0,0,0,4.0,0.0,2.2,False,6,True,0.75,0.35,0.1,decreasing,0.051,0
PM-SYN-060,2026-08-19T10:38:00+08:00,15m,21,15,normal_update,fresh,high,rain,0.72,caution,False,medium,6,minor,0.333,0.2,15.0,14.47,21.0,3.72,9.0,0,0,0,0,4.0,0.189,2.23,False,8,True,0.75,0.35,0.051,increasing,0.08,0
PM-SYN-060,2026-08-19T10:40:00+08:00,15m,11,15,normal_update,fresh,high,rain,0.72,caution,False,medium,0,none,0.333,0.2,14.67,14.47,21.0,3.72,-1.0,0,0,0,0,4.0,0.0,2.27,False,10,True,0.75,0.35,0.08,decreasing,0.092,0
PM-SYN-060,2026-08-19T10:42:00+08:00,15m,9,15,normal_update,fresh,high,rain,0.72,caution,False,medium,0,none,0.333,0.2,13.67,14.27,21.0,4.15,-12.0,0,0,0,0,4.0,0.0,2.3,False,12,True,0.75,0.35,0.092,decreasing,0.097,0
PM-SYN-060,2026-08-19T10:44:00+08:00,15m,20,15,speeding,fresh,high,rain,0.72,caution,False,medium,5,minor,0.333,0.4,13.33,14.67,20.0,4.92,9.0,0,0,0,0,6.0,0.103,2.33,False,14,False,0.75,0.35,0.097,increasing,0.094,0
PM-SYN-060,2026-08-19T10:46:00+08:00,15m,12,15,normal_update,fresh,high,rain,0.72,caution,False,medium,0,none,0.333,0.4,13.67,14.33,20.0,4.92,3.0,0,0,0,0,6.0,0.0,2.37,False,16,False,0.75,0.35,0.094,decreasing,0.04,0
PM-SYN-061,2026-08-19T08:30:00+08:00,15m,14,15,normal_update,fresh,medium,clear,0.6,caution,True,low,0,none,0.333,0.4,14.67,14.53,19.0,3.14,3.0,0,0,0,0,2.0,0.0,0.5,False,999.0,False,0.25,0.35,0.176,decreasing,0.029,0
PM-SYN-061,2026-08-19T08:32:00+08:00,15m,8,15,normal_update,delayed,medium,clear,0.6,caution,True,low,0,none,0.333,0.2,13.67,14.27,19.0,3.66,-11.0,0,0,0,0,2.0,0.0,0.53,False,999.0,False,0.25,0.35,0.029,stable,0.024,0
PM-SYN-061,2026-08-19T08:34:00+08:00,15m,11,15,normal_update,delayed,medium,clear,0.6,caution,True,low,0,none,0.0,0.2,11.0,14.53,14.0,3.72,-3.0,0,0,0,0,2.0,0.0,0.57,False,999.0,False,0.25,0.35,0.024,stable,0.014,0
PM-SYN-061,2026-08-19T08:36:00+08:00,15m,23,15,normal_update,fresh,medium,clear,0.6,caution,True,low,8,minor,0.333,0.4,14.0,15.4,23.0,5.4,15.0,0,0,0,0,2.0,0.306,0.6,False,999.0,False,0.25,0.35,0.014,increasing,0.026,0
PM-SYN-061,2026-08-19T08:38:00+08:00,15m,13,15,normal_update,fresh,medium,clear,0.6,caution,True,low,0,none,0.333,0.2,15.67,15.73,23.0,5.04,2.0,0,0,0,0,2.0,0.0,0.63,False,999.0,False,0.25,0.35,0.026,stable,0.035,0
PM-SYN-061,2026-08-19T08:40:00+08:00,15m,12,15,normal_update,fresh,medium,clear,0.6,caution,True,low,0,none,0.333,0.2,16.0,15.73,23.0,5.08,-11.0,0,0,0,0,2.0,0.0,0.67,False,999.0,False,0.25,0.35,0.035,stable,0.018,0
PM-SYN-061,2026-08-19T08:42:00+08:00,15m,15,15,normal_update,delayed,medium,clear,0.6,caution,True,low,0,none,0.0,0.2,13.33,15.13,15.0,4.31,2.0,0,0,0,0,0.0,0.0,0.7,False,999.0,False,0.25,0.35,0.018,stable,0.015,0
PM-SYN-061,2026-08-19T08:44:00+08:00,15m,10,15,normal_update,fresh,medium,clear,0.6,caution,True,low,0,none,0.0,0.2,12.33,14.6,15.0,4.5,-2.0,0,0,0,0,0.0,0.0,0.73,False,999.0,False,0.25,0.35,0.015,stable,0.047,0
PM-SYN-061,2026-08-19T08:46:00+08:00,15m,13,15,normal_update,fresh,medium,clear,0.6,caution,True,low,0,none,0.0,0.0,12.67,14.53,15.0,1.62,-2.0,0,0,0,0,0.0,0.0,0.77,False,999.0,False,0.25,0.35,0.047,decreasing,0.025,0
PM-SYN-061,2026-08-19T08:48:00+08:00,15m,19,15,normal_update,delayed,medium,clear,0.6,caution,True,low,4,minor,0.333,0.2,14.0,14.93,19.0,3.06,9.0,0,0,0,0,0.0,0.135,0.8,False,999.0,False,0.25,0.35,0.025,increasing,0.024,0
PM-SYN-061,2026-08-19T08:50:00+08:00,15m,15,15,normal_update,fresh,medium,clear,0.6,caution,True,low,0,none,0.333,0.2,15.67,14.4,19.0,2.94,2.0,0,0,0,0,0.0,0.0,0.83,False,999.0,False,0.25,0.35,0.024,stable,0.039,0
PM-SYN-061,2026-08-19T08:52:00+08:00,15m,14,15,normal_update,fresh,medium,clear,0.6,caution,True,low,0,none,0.333,0.2,16.0,14.07,19.0,2.93,-5.0,0,0,0,0,0.0,0.0,0.87,False,999.0,False,0.25,0.35,0.039,stable,0.028,0
PM-SYN-061,2026-08-19T08:54:00+08:00,15m,10,15,normal_update,fresh,medium,clear,0.6,caution,True,low,0,none,0.0,0.2,13.0,13.8,15.0,2.93,-5.0,0,0,0,0,0.0,0.0,0.9,False,999.0,False,0.25,0.35,0.028,stable,0.019,0
PM-SYN-061,2026-08-19T08:56:00+08:00,15m,9,15,normal_update,fresh,medium,clear,0.6,caution,True,low,0,none,0.0,0.2,11.0,13.67,14.0,3.61,-5.0,0,0,0,0,0.0,0.0,0.93,False,999.0,False,0.25,0.35,0.019,stable,0.015,0
PM-SYN-061,2026-08-19T08:58:00+08:00,15m,17,15,normal_update,fresh,medium,clear,0.6,caution,True,low,2,minor,0.333,0.2,12.0,13.53,17.0,3.03,7.0,0,0,0,0,0.0,0.065,0.97,False,999.0,False,0.25,0.35,0.015,increasing,0.026,0
PM-SYN-061,2026-08-19T09:00:00+08:00,15m,12,15,normal_update,fresh,medium,clear,0.6,caution,True,low,0,none,0.333,0.2,12.67,13.4,17.0,2.87,3.0,0,0,0,0,0.0,0.0,1.0,False,999.0,False,0.25,0.35,0.026,stable,0.024,0
PM-SYN-061,2026-08-19T09:02:00+08:00,15m,8,15,normal_update,fresh,medium,clear,0.6,caution,True,low,0,none,0.333,0.2,12.33,13.4,17.0,3.19,-9.0,0,0,0,0,0.0,0.0,1.03,False,999.0,False,0.25,0.35,0.024,stable,0.033,0
PM-SYN-061,2026-08-19T09:04:00+08:00,15m,13,15,sharp_turn,fresh,medium,clear,0.6,caution,True,low,0,none,0.0,0.2,11.0,13.53,13.0,3.19,1.0,0,1,0,1,2.0,0.047,1.07,False,999.0,False,0.25,0.35,0.033,increasing,0.056,0
PM-SYN-061,2026-08-19T09:06:00+08:00,15m,9,15,normal_update,fresh,medium,clear,0.6,caution,True,low,0,none,0.0,0.2,10.0,12.6,13.0,3.19,1.0,0,1,0,1,2.0,0.024,1.1,False,999.0,False,0.25,0.35,0.056,stable,0.03,0
PM-SYN-061,2026-08-19T09:08:00+08:00,15m,8,15,normal_update,delayed,medium,clear,0.6,caution,True,low,0,none,0.0,0.0,10.0,12.27,13.0,2.1,-5.0,0,1,0,1,2.0,0.05,1.13,False,999.0,False,0.25,0.35,0.03,increasing,0.016,0
PM-SYN-061,2026-08-19T09:10:00+08:00,15m,8,15,normal_update,fresh,medium,clear,0.6,caution,True,low,0,none,0.0,0.0,8.33,12.0,9.0,1.94,-1.0,0,1,0,1,2.0,0.064,1.17,False,999.0,False,0.25,0.35,0.016,increasing,0.033,0
PM-SYN-061,2026-08-19T09:12:00+08:00,15m,20,15,normal_update,delayed,medium,clear,0.6,caution,True,low,5,minor,0.333,0.2,12.0,12.33,20.0,4.59,12.0,0,1,0,1,2.0,0.247,1.2,False,999.0,False,0.25,0.35,0.033,increasing,0.046,1
PM-SYN-061,2026-08-19T09:14:00+08:00,15m,11,15,normal_update,fresh,medium,clear,0.6,caution,True,low,0,none,0.333,0.2,13.0,12.4,20.0,4.53,3.0,0,0,0,0,2.0,0.0,1.23,False,0,True,0.25,0.35,0.046,decreasing,0.052,1
PM-SYN-061,2026-08-19T09:16:00+08:00,15m,13,15,sharp_turn,fresh,medium,clear,0.6,caution,True,low,0,none,0.333,0.2,14.67,12.4,20.0,4.43,-7.0,0,1,0,1,4.0,0.028,1.27,False,2,True,0.25,0.35,0.052,stable,0.044,0
PM-SYN-061,2026-08-19T09:18:00+08:00,15m,12,15,normal_update,fresh,medium,clear,0.6,caution,True,low,0,none,0.0,0.2,12.0,11.93,13.0,3.97,1.0,0,1,0,1,4.0,0.036,1.3,False,4,True,0.25,0.35,0.044,stable,0.058,0
PM-SYN-061,2026-08-19T09:20:00+08:00,15m,12,15,normal_update,fresh,medium,clear,0.6,caution,True,low,0,none,0.0,0.2,12.33,11.73,13.0,3.26,-1.0,0,1,0,1,4.0,0.022,1.33,False,6,True,0.25,0.35,0.058,stable,0.038,0
PM-SYN-061,2026-08-19T09:22:00+08:00,15m,15,15,normal_update,stale,medium,clear,0.6,caution,True,low,0,none,0.0,0.0,13.0,11.8,15.0,1.36,3.0,0,1,0,1,4.0,0.042,1.37,False,8,True,0.25,0.35,0.038,increasing,0.059,0
PM-SYN-061,2026-08-19T09:24:00+08:00,15m,11,15,normal_update,fresh,medium,clear,0.6,caution,True,low,0,none,0.0,0.0,12.67,11.87,15.0,1.36,-1.0,0,1,0,1,4.0,0.021,1.4,False,10,True,0.25,0.35,0.059,stable,0.044,0
PM-SYN-061,2026-08-19T09:26:00+08:00,15m,12,15,normal_update,delayed,medium,clear,0.6,caution,True,low,0,none,0.0,0.0,12.67,12.07,15.0,1.36,-3.0,0,0,0,0,4.0,0.0,1.43,False,12,True,0.25,0.35,0.044,decreasing,0.029,0
PM-SYN-061,2026-08-19T09:28:00+08:00,15m,15,15,normal_update,fresh,medium,clear,0.6,caution,True,low,0,none,0.0,0.0,12.67,11.93,15.0,1.67,4.0,0,0,0,0,4.0,0.0,1.47,False,14,False,0.25,0.35,0.029,stable,0.016,0
PM-SYN-061,2026-08-19T09:30:00+08:00,15m,11,15,sharp_turn,fresh,medium,clear,0.6,caution,True,low,0,none,0.0,0.0,12.67,11.87,15.0,1.83,-1.0,0,1,0,1,6.0,0.064,1.5,False,16,False,0.25,0.35,0.016,increasing,0.039,0
PM-SYN-061,2026-08-19T09:32:00+08:00,15m,16,15,normal_update,fresh,medium,clear,0.6,caution,True,low,1,minor,0.333,0.2,14.0,12.4,16.0,2.1,1.0,0,1,0,1,6.0,0.081,1.53,False,18,False,0.25,0.35,0.039,increasing,0.021,0
PM-SYN-061,2026-08-19T09:34:00+08:00,15m,11,15,normal_update,fresh,medium,clear,0.6,caution,True,low,0,none,0.333,0.2,12.67,12.27,16.0,2.1,0.0,0,1,0,1,4.0,0.059,1.57,False,20,False,0.25,0.35,0.021,increasing,0.052,0
PM-SYN-061,2026-08-19T09:36:00+08:00,15m,14,15,normal_update,fresh,medium,clear,0.6,caution,True,low,0,none,0.333,0.2,13.67,12.6,16.0,2.06,-2.0,0,1,0,1,4.0,0.028,1.6,False,22,False,0.25,0.35,0.052,stable,0.022,0
PM-SYN-061,2026-08-19T09:38:00+08:00,15m,19,15,normal_update,fresh,medium,clear,0.6,caution,True,low,4,minor,0.333,0.4,14.67,13.33,19.0,3.06,8.0,0,1,0,1,4.0,0.218,1.63,False,24,False,0.25,0.35,0.022,increasing,0.031,0
PM-SYN-061,2026-08-19T09:40:00+08:00,15m,14,15,normal_update,fresh,medium,clear,0.6,caution,True,low,0,none,0.333,0.4,15.67,13.73,19.0,2.64,0.0,0,0,0,0,4.0,0.0,1.67,False,26,False,0.25,0.35,0.031,stable,0.051,1
PM-SYN-061,2026-08-19T09:42:00+08:00,15m,10,15,normal_update,fresh,medium,clear,0.6,caution,True,low,0,none,0.333,0.2,14.33,13.07,19.0,3.14,-9.0,0,0,0,0,4.0,0.0,1.7,False,0,True,0.25,0.35,0.051,decreasing,0.039,1
PM-SYN-061,2026-08-19T09:44:00+08:00,15m,11,15,normal_update,fresh,medium,clear,0.6,caution,True,low,0,none,0.0,0.2,11.67,13.07,14.0,3.14,-3.0,0,0,0,0,4.0,0.0,1.73,False,2,True,0.25,0.35,0.039,stable,0.041,1
PM-SYN-061,2026-08-19T09:46:00+08:00,15m,10,15,normal_update,fresh,medium,clear,0.6,caution,True,low,0,none,0.0,0.2,10.33,12.87,11.0,3.43,0.0,0,0,0,0,2.0,0.0,1.77,False,4,True,0.25,0.35,0.041,decreasing,0.022,1
PM-SYN-061,2026-08-19T09:48:00+08:00,15m,11,15,normal_update,fresh,medium,clear,0.6,caution,True,low,0,none,0.0,0.0,10.67,12.8,11.0,1.47,0.0,0,0,0,0,2.0,0.0,1.8,False,6,True,0.25,0.35,0.022,stable,0.026,1
PM-SYN-061,2026-08-19T09:50:00+08:00,15m,16,15,sharp_turn,fresh,medium,clear,0.6,caution,True,low,1,minor,0.333,0.2,12.33,13.07,16.0,2.24,6.0,0,1,0,1,4.0,0.094,1.83,False,8,True,0.25,0.35,0.026,increasing,0.042,1
PM-SYN-061,2026-08-19T09:52:00+08:00,15m,12,15,normal_update,fresh,medium,clear,0.6,caution,True,low,0,none,0.333,0.2,13.0,12.87,16.0,2.1,1.0,0,1,0,1,4.0,0.038,1.87,False,10,True,0.25,0.35,0.042,stable,0.028,0
PM-SYN-061,2026-08-19T09:54:00+08:00,15m,24,15,normal_update,fresh,medium,clear,0.6,caution,True,low,9,minor,0.667,0.4,17.33,13.73,24.0,5.12,8.0,0,1,0,1,4.0,0.412,1.9,False,12,True,0.25,0.35,0.028,increasing,0.057,0
PM-SYN-061,2026-08-19T09:56:00+08:00,15m,16,15,normal_update,delayed,medium,clear,0.6,caution,True,low,1,minor,0.667,0.6,17.33,14.0,24.0,4.58,4.0,0,1,0,1,4.0,0.063,1.93,False,14,False,0.25,0.35,0.057,increasing,0.038,0
PM-SYN-061,2026-08-19T09:58:00+08:00,15m,11,15,normal_update,fresh,medium,clear,0.6,caution,True,low,0,none,0.667,0.6,17.0,13.73,24.0,4.58,-13.0,0,1,0,1,4.0,0.042,1.97,False,16,False,0.25,0.35,0.038,increasing,0.08,0
PM-SYN-061,2026-08-19T10:00:00+08:00,15m,17,15,normal_update,fresh,medium,clear,0.6,caution,True,low,2,minor,0.667,0.6,14.67,14.13,17.0,4.6,1.0,0,0,0,0,2.0,0.0,2.0,False,18,False,0.25,0.35,0.08,stable,0.035,0
PM-SYN-061,2026-08-19T10:02:00+08:00,15m,23,15,speeding,fresh,medium,clear,0.6,caution,True,low,8,minor,0.667,0.8,17.0,14.6,23.0,4.79,12.0,0,0,0,0,4.0,0.285,2.03,False,20,False,0.25,0.35,0.035,increasing,0.091,1
PM-SYN-061,2026-08-19T10:04:00+08:00,15m,19,15,normal_update,fresh,medium,clear,0.6,caution,True,low,4,minor,1.0,0.8,19.67,15.13,23.0,3.92,2.0,0,0,0,0,4.0,0.069,2.07,False,0,False,0.25,0.35,0.091,increasing,0.047,1
PM-SYN-061,2026-08-19T10:06:00+08:00,15m,22,15,normal_update,fresh,medium,clear,0.6,caution,True,low,7,minor,1.0,0.8,21.33,15.67,23.0,4.27,-1.0,0,0,0,0,4.0,0.233,2.1,False,2,False,0.25,0.35,0.047,increasing,0.046,1
PM-SYN-061,2026-08-19T10:08:00+08:00,15m,14,15,normal_update,stale,medium,clear,0.6,caution,True,low,0,none,0.667,0.8,18.33,15.33,22.0,3.29,-5.0,0,0,0,0,4.0,0.0,2.13,False,4,False,0.25,0.35,0.046,decreasing,0.036,1
PM-SYN-061,2026-08-19T10:10:00+08:00,15m,10,15,normal_update,fresh,medium,clear,0.6,caution,True,low,0,none,0.333,0.6,15.33,15.07,22.0,4.92,-12.0,0,0,0,0,4.0,0.0,2.17,False,6,False,0.25,0.35,0.036,stable,0.064,1
PM-SYN-061,2026-08-19T10:12:00+08:00,15m,25,15,normal_update,fresh,medium,clear,0.6,caution,True,low,10,minor,0.333,0.6,16.33,16.07,25.0,5.4,11.0,0,0,0,0,4.0,0.336,2.2,False,8,False,0.25,0.35,0.064,increasing,0.033,1
PM-SYN-061,2026-08-19T10:14:00+08:00,15m,13,15,normal_update,fresh,medium,clear,0.6,caution,True,low,0,none,0.333,0.4,16.0,16.2,25.0,5.71,3.0,0,0,0,0,4.0,0.0,2.23,False,10,False,0.25,0.35,0.033,stable,0.025,0
PM-SYN-061,2026-08-19T10:16:00+08:00,15m,12,15,normal_update,fresh,medium,clear,0.6,caution,True,low,0,none,0.333,0.2,16.67,16.33,25.0,5.27,-13.0,0,0,0,0,4.0,0.0,2.27,False,12,False,0.25,0.35,0.025,stable,0.019,0
PM-SYN-061,2026-08-19T10:18:00+08:00,15m,17,15,stale_gps,stale,medium,clear,0.6,caution,True,low,2,minor,0.333,0.4,14.0,16.73,17.0,5.31,4.0,0,0,0,0,6.0,0.061,2.3,False,14,False,0.25,0.35,0.019,increasing,0.035,0
PM-SYN-061,2026-08-19T10:20:00+08:00,15m,10,15,sharp_turn,fresh,medium,clear,0.6,caution,True,low,0,none,0.333,0.4,13.0,16.33,17.0,5.31,-2.0,0,1,0,1,6.0,0.045,2.33,False,16,False,0.25,0.35,0.035,increasing,0.067,0
PM-SYN-061,2026-08-19T10:22:00+08:00,15m,9,15,normal_update,fresh,medium,clear,0.6,caution,True,low,0,none,0.333,0.2,12.0,16.13,17.0,2.79,-8.0,0,1,0,1,6.0,0.013,2.37,False,18,False,0.25,0.35,0.067,stable,0.035,0
PM-SYN-062,2026-08-19T09:02:00+08:00,15m,43,40,harsh_brake,fresh,high,rain,0.72,caution,False,medium,3,minor,0.333,0.4,40.0,39.73,43.0,3.52,4.0,2,1,2,1,12.0,0.122,0.5,False,999.0,False,0.75,0.35,0.238,increasing,0.121,0
PM-SYN-062,2026-08-19T09:04:00+08:00,15m,44,40,harsh_brake,fresh,high,rain,0.72,caution,False,medium,4,minor,0.667,0.6,41.67,39.93,44.0,3.31,6.0,3,1,3,1,12.0,0.359,0.53,False,999.0,False,0.75,0.35,0.121,increasing,0.188,0
PM-SYN-062,2026-08-19T09:06:00+08:00,15m,35,40,harsh_brake,fresh,high,rain,0.72,caution,False,medium,0,none,0.667,0.4,40.67,39.87,44.0,3.31,-8.0,3,1,3,1,12.0,0.132,0.57,False,999.0,False,0.75,0.35,0.188,increasing,0.224,1
PM-SYN-062,2026-08-19T09:08:00+08:00,15m,43,40,normal_update,delayed,high,rain,0.72,caution,False,medium,3,minor,0.667,0.6,40.67,40.27,44.0,3.5,-1.0,3,1,3,1,12.0,0.216,0.6,False,0,False,0.75,0.35,0.224,increasing,0.206,1
PM-SYN-062,2026-08-19T09:10:00+08:00,15m,37,40,normal_update,delayed,high,rain,0.72,caution,False,medium,0,none,0.333,0.6,38.33,40.27,43.0,3.67,2.0,3,0,3,0,12.0,0.034,0.63,False,2,False,0.75,0.35,0.206,stable,0.128,1
PM-SYN-062,2026-08-19T09:12:00+08:00,15m,49,40,speeding,fresh,high,rain,0.72,caution,False,medium,9,minor,0.667,0.6,43.0,41.0,49.0,5.04,6.0,2,0,2,0,14.0,0.392,0.67,False,4,False,0.75,0.35,0.128,increasing,0.175,1
PM-SYN-062,2026-08-19T09:14:00+08:00,15m,38,40,normal_update,fresh,high,rain,0.72,caution,False,medium,0,none,0.333,0.4,41.33,40.47,49.0,5.04,1.0,1,0,1,0,14.0,0.0,0.7,False,6,False,0.75,0.35,0.175,decreasing,0.078,0
PM-SYN-062,2026-08-19T09:16:00+08:00,15m,39,40,normal_update,fresh,high,rain,0.72,caution,False,medium,0,none,0.333,0.4,42.0,40.6,49.0,4.4,-10.0,0,0,0,0,14.0,0.0,0.73,False,8,False,0.75,0.35,0.078,decreasing,0.11,0
PM-SYN-062,2026-08-19T09:18:00+08:00,15m,36,40,normal_update,fresh,high,rain,0.72,caution,False,medium,0,none,0.0,0.2,37.67,40.87,39.0,4.71,-2.0,0,0,0,0,14.0,0.0,0.77,False,10,False,0.75,0.35,0.11,decreasing,0.083,0
PM-SYN-062,2026-08-19T09:20:00+08:00,15m,40,40,normal_update,fresh,high,rain,0.72,caution,False,medium,0,none,0.0,0.2,38.33,40.33,40.0,4.5,1.0,0,0,0,0,12.0,0.0,0.8,False,12,False,0.75,0.35,0.083,decreasing,0.045,0
PM-SYN-062,2026-08-19T09:22:00+08:00,15m,40,40,normal_update,delayed,high,rain,0.72,caution,False,medium,0,none,0.0,0.0,38.67,40.4,40.0,1.5,4.0,0,0,0,0,12.0,0.0,0.83,False,14,False,0.75,0.35,0.045,decreasing,0.054,0
PM-SYN-062,2026-08-19T09:24:00+08:00,15m,38,40,normal_update,fresh,high,rain,0.72,caution,False,medium,0,none,0.0,0.0,39.33,40.4,40.0,1.5,-2.0,0,0,0,0,12.0,0.0,0.87,False,16,False,0.75,0.35,0.054,decreasing,0.068,0
PM-SYN-062,2026-08-19T09:26:00+08:00,15m,44,40,normal_update,fresh,high,rain,0.72,caution,False,medium,4,minor,0.333,0.2,40.67,40.2,44.0,2.65,4.0,0,0,0,0,10.0,0.092,0.9,False,18,False,0.75,0.35,0.068,increasing,0.041,0
PM-SYN-062,2026-08-19T09:28:00+08:00,15m,34,40,normal_update,fresh,high,rain,0.72,caution,False,medium,0,none,0.333,0.2,38.67,39.87,44.0,3.25,-4.0,0,0,0,0,10.0,0.0,0.93,False,20,False,0.75,0.35,0.041,decreasing,0.085,0
PM-SYN-062,2026-08-19T09:30:00+08:00,15m,33,40,normal_update,fresh,high,rain,0.72,caution,False,medium,0,none,0.333,0.2,37.0,39.53,44.0,4.02,-11.0,0,0,0,0,8.0,0.0,0.97,False,22,False,0.75,0.35,0.085,decreasing,0.07,0
PM-SYN-062,2026-08-19T09:32:00+08:00,15m,41,40,normal_update,fresh,high,rain,0.72,caution,False,medium,1,minor,0.333,0.4,36.0,39.4,41.0,4.15,7.0,0,0,0,0,6.0,0.0,1.0,False,24,False,0.75,0.35,0.07,stable,0.071,0
PM-SYN-062,2026-08-19T09:34:00+08:00,15m,36,40,normal_update,fresh,high,rain,0.72,caution,False,medium,0,none,0.333,0.4,36.67,38.87,41.0,4.22,3.0,0,0,0,0,4.0,0.0,1.03,False,26,False,0.75,0.35,0.071,decreasing,0.07,0
PM-SYN-062,2026-08-19T09:36:00+08:00,15m,45,40,speeding,delayed,high,rain,0.72,caution,False,medium,5,minor,0.667,0.4,40.67,39.53,45.0,4.53,4.0,0,0,0,0,4.0,0.13,1.07,False,28,False,0.75,0.35,0.07,increasing,0.055,0
PM-SYN-062,2026-08-19T09:38:00+08:00,15m,50,40,normal_update,delayed,high,rain,0.72,caution,False,medium,10,minor,0.667,0.6,43.67,40.0,50.0,6.1,14.0,0,0,0,0,4.0,0.345,1.1,False,30,False,0.75,0.35,0.055,increasing,0.17,0
PM-SYN-062,2026-08-19T09:40:00+08:00,15m,43,40,normal_update,fresh,high,rain,0.72,caution,False,medium,3,minor,1.0,0.8,46.0,40.4,50.0,4.6,-2.0,0,0,0,0,4.0,0.0,1.13,False,32,False,0.75,0.35,0.17,decreasing,0.158,0
PM-SYN-062,2026-08-19T09:42:00+08:00,15m,36,40,normal_update,fresh,high,rain,0.72,caution,False,medium,0,none,0.667,0.6,43.0,39.53,50.0,5.4,-14.0,0,0,0,0,2.0,0.0,1.17,False,34,False,0.75,0.35,0.158,decreasing,0.054,0
PM-SYN-062,2026-08-19T09:44:00+08:00,15m,45,40,normal_update,fresh,high,rain,0.72,caution,False,medium,5,minor,0.667,0.8,41.33,40.0,45.0,4.53,2.0,0,0,0,0,2.0,0.146,1.2,False,36,False,0.75,0.35,0.054,increasing,0.167,0
PM-SYN-062,2026-08-19T09:46:00+08:00,15m,36,40,normal_update,fresh,high,rain,0.72,caution,False,medium,0,none,0.333,0.6,39.0,39.8,45.0,5.4,0.0,0,0,0,0,2.0,0.0,1.23,False,38,False,0.75,0.35,0.167,decreasing,0.144,0
PM-SYN-062,2026-08-19T09:48:00+08:00,15m,45,40,normal_update,fresh,high,rain,0.72,caution,False,medium,5,minor,0.667,0.6,42.0,40.4,45.0,4.15,0.0,0,0,0,0,2.0,0.056,1.27,False,40,False,0.75,0.35,0.144,increasing,0.144,1
PM-SYN-062,2026-08-19T09:50:00+08:00,15m,34,40,normal_update,fresh,high,rain,0.72,caution,False,medium,0,none,0.333,0.4,38.33,40.0,45.0,4.79,-2.0,0,0,0,0,2.0,0.0,1.3,False,0,True,0.75,0.35,0.144,decreasing,0.131,1
PM-SYN-062,2026-08-19T09:52:00+08:00,15m,45,40,speeding,fresh,high,rain,0.72,caution,False,medium,5,minor,0.667,0.6,41.33,40.33,45.0,4.94,0.0,0,0,0,0,4.0,0.069,1.33,False,2,True,0.75,0.35,0.131,increasing,0.187,1
PM-SYN-062,2026-08-19T09:54:00+08:00,15m,43,40,harsh_brake,delayed,high,rain,0.72,caution,False,medium,3,minor,0.667,0.6,40.67,40.67,45.0,4.67,9.0,1,0,1,0,6.0,0.013,1.37,False,4,True,0.75,0.35,0.187,stable,0.159,1
PM-SYN-062,2026-08-19T09:56:00+08:00,15m,40,40,normal_update,fresh,high,rain,0.72,caution,False,medium,0,none,0.667,0.6,42.67,40.4,45.0,4.13,-5.0,1,0,1,0,6.0,0.0,1.4,False,6,True,0.75,0.35,0.159,decreasing,0.112,1
PM-SYN-062,2026-08-19T09:58:00+08:00,15m,34,40,normal_update,fresh,high,rain,0.72,caution,False,medium,0,none,0.333,0.4,39.0,40.4,43.0,4.53,-9.0,1,0,1,0,6.0,0.0,1.43,False,8,True,0.75,0.35,0.112,stable,0.168,1
PM-SYN-062,2026-08-19T10:00:00+08:00,15m,39,40,normal_update,fresh,high,rain,0.72,caution,False,medium,0,none,0.0,0.4,37.67,40.8,40.0,3.76,-1.0,1,0,1,0,6.0,0.0,1.47,False,10,True,0.75,0.35,0.168,decreasing,0.207,0
PM-SYN-062,2026-08-19T10:02:00+08:00,15m,45,40,normal_update,fresh,high,rain,0.72,caution,False,medium,5,minor,0.333,0.4,39.33,41.07,45.0,3.76,11.0,1,0,1,0,6.0,0.073,1.5,False,12,True,0.75,0.35,0.207,increasing,0.143,0
PM-SYN-062,2026-08-19T10:04:00+08:00,15m,39,40,normal_update,delayed,high,rain,0.72,caution,False,medium,0,none,0.333,0.2,41.0,41.27,45.0,3.5,0.0,0,0,0,0,6.0,0.0,1.53,False,14,False,0.75,0.35,0.143,decreasing,0.067,0
PM-SYN-062,2026-08-19T10:06:00+08:00,15m,50,40,normal_update,delayed,high,rain,0.72,caution,False,medium,10,minor,0.667,0.4,44.67,41.6,50.0,5.54,5.0,0,0,0,0,4.0,0.333,1.57,False,16,False,0.75,0.35,0.067,increasing,0.068,0
PM-SYN-062,2026-08-19T10:08:00+08:00,15m,38,40,normal_update,stale,high,rain,0.72,caution,False,medium,0,none,0.333,0.4,42.33,40.8,50.0,4.62,-1.0,0,0,0,0,4.0,0.0,1.6,False,18,False,0.75,0.35,0.068,decreasing,0.111,0
PM-SYN-062,2026-08-19T10:10:00+08:00,15m,35,40,harsh_brake,fresh,high,rain,0.72,caution,False,medium,0,none,0.333,0.4,41.0,40.27,50.0,5.39,-15.0,1,0,1,0,6.0,0.0,1.63,False,20,False,0.75,0.35,0.111,stable,0.058,0
PM-SYN-062,2026-08-19T10:12:00+08:00,15m,33,40,normal_update,fresh,high,rain,0.72,caution,False,medium,0,none,0.0,0.2,35.33,40.07,38.0,5.9,-5.0,1,0,1,0,6.0,0.022,1.67,False,22,False,0.75,0.35,0.058,stable,0.133,0
PM-SYN-062,2026-08-19T10:14:00+08:00,15m,35,40,normal_update,fresh,high,rain,0.72,caution,False,medium,0,none,0.0,0.2,34.33,39.4,35.0,6.11,0.0,1,0,1,0,6.0,0.0,1.7,False,24,False,0.75,0.35,0.133,decreasing,0.045,0
PM-SYN-062,2026-08-19T10:16:00+08:00,15m,40,40,normal_update,fresh,high,rain,0.72,caution,False,medium,0,none,0.0,0.0,36.0,39.67,40.0,2.48,7.0,1,0,1,0,6.0,0.035,1.73,False,26,False,0.75,0.35,0.045,stable,0.082,0
PM-SYN-062,2026-08-19T10:18:00+08:00,15m,39,40,normal_update,fresh,high,rain,0.72,caution,False,medium,0,none,0.0,0.0,38.0,39.27,40.0,2.65,4.0,1,0,1,0,6.0,0.0,1.77,False,28,False,0.75,0.35,0.082,stable,0.042,0
PM-SYN-062,2026-08-19T10:20:00+08:00,15m,37,40,normal_update,fresh,high,rain,0.72,caution,False,medium,0,none,0.0,0.0,38.67,39.47,40.0,2.56,-3.0,0,0,0,0,6.0,0.0,1.8,False,30,False,0.75,0.35,0.042,decreasing,0.033,0
PM-SYN-062,2026-08-19T10:22:00+08:00,15m,44,40,normal_update,delayed,high,rain,0.72,caution,False,medium,4,minor,0.333,0.2,40.0,39.4,44.0,3.03,5.0,0,0,0,0,4.0,0.127,1.83,False,32,False,0.75,0.35,0.033,increasing,0.078,0
PM-SYN-062,2026-08-19T10:24:00+08:00,15m,33,40,normal_update,stale,high,rain,0.72,caution,False,medium,0,none,0.333,0.2,38.0,38.73,44.0,3.61,-4.0,0,0,0,0,2.0,0.0,1.87,False,34,False,0.75,0.35,0.078,decreasing,0.055,0
PM-SYN-062,2026-08-19T10:26:00+08:00,15m,39,40,normal_update,fresh,high,rain,0.72,caution,False,medium,0,none,0.333,0.2,38.67,38.67,44.0,3.56,-5.0,0,0,0,0,2.0,0.0,1.9,False,36,False,0.75,0.35,0.055,decreasing,0.032,0
PM-SYN-062,2026-08-19T10:28:00+08:00,15m,32,40,normal_update,fresh,high,rain,0.72,caution,False,medium,0,none,0.0,0.2,34.67,38.53,39.0,4.34,-1.0,0,0,0,0,2.0,0.0,1.93,False,38,False,0.75,0.35,0.032,stable,0.048,0
PM-SYN-062,2026-08-19T10:30:00+08:00,15m,38,40,normal_update,fresh,high,rain,0.72,caution,False,medium,0,none,0.0,0.2,36.33,38.47,39.0,4.35,-1.0,0,0,0,0,2.0,0.0,1.97,False,40,False,0.75,0.35,0.048,decreasing,0.033,0
PM-SYN-062,2026-08-19T10:32:00+08:00,15m,35,40,normal_update,fresh,high,rain,0.72,caution,False,medium,0,none,0.0,0.0,35.0,37.8,38.0,2.73,3.0,0,0,0,0,2.0,0.0,2.0,False,42,False,0.75,0.35,0.033,stable,0.026,0
PM-SYN-062,2026-08-19T10:34:00+08:00,15m,45,40,normal_update,fresh,high,rain,0.72,caution,False,medium,5,minor,0.333,0.2,39.33,38.2,45.0,4.35,7.0,0,0,0,0,2.0,0.174,2.03,False,44,False,0.75,0.35,0.026,increasing,0.049,0
PM-SYN-062,2026-08-19T10:36:00+08:00,15m,37,40,normal_update,fresh,high,rain,0.72,caution,False,medium,0,none,0.333,0.2,39.0,37.33,45.0,4.32,2.0,0,0,0,0,2.0,0.0,2.07,False,46,False,0.75,0.35,0.049,decreasing,0.063,0
PM-SYN-062,2026-08-19T10:38:00+08:00,15m,44,40,normal_update,fresh,high,rain,0.72,caution,False,medium,4,minor,0.667,0.4,42.0,37.73,45.0,3.97,-1.0,0,0,0,0,2.0,0.097,2.1,False,48,False,0.75,0.35,0.063,increasing,0.094,0
PM-SYN-062,2026-08-19T10:40:00+08:00,15m,48,40,speeding,fresh,high,rain,0.72,caution,False,medium,8,minor,0.667,0.6,43.0,38.6,48.0,4.96,11.0,0,0,0,0,2.0,0.226,2.13,False,50,False,0.75,0.35,0.094,increasing,0.076,0
PM-SYN-062,2026-08-19T10:42:00+08:00,15m,40,40,normal_update,fresh,high,rain,0.72,caution,False,medium,0,none,0.667,0.6,44.0,39.07,48.0,3.87,-4.0,0,0,0,0,2.0,0.0,2.17,False,52,False,0.75,0.35,0.076,decreasing,0.149,0
PM-SYN-062,2026-08-19T10:44:00+08:00,15m,39,40,normal_update,fresh,high,rain,0.72,caution,False,medium,0,none,0.333,0.4,42.33,39.33,48.0,3.93,-9.0,0,0,0,0,2.0,0.0,2.2,False,54,False,0.75,0.35,0.149,decreasing,0.103,0
PM-SYN-062,2026-08-19T10:46:00+08:00,15m,46,40,normal_update,fresh,high,rain,0.72,caution,False,medium,6,minor,0.333,0.6,41.67,39.73,46.0,3.44,6.0,0,0,0,0,2.0,0.137,2.23,False,56,False,0.75,0.35,0.103,increasing,0.11,0
PM-SYN-062,2026-08-19T10:48:00+08:00,15m,35,40,normal_update,fresh,high,rain,0.72,caution,False,medium,0,none,0.333,0.4,40.0,39.47,46.0,4.76,-4.0,0,0,0,0,2.0,0.0,2.27,False,58,False,0.75,0.35,0.11,decreasing,0.042,0
PM-SYN-062,2026-08-19T10:50:00+08:00,15m,37,40,normal_update,delayed,high,rain,0.72,caution,False,medium,0,none,0.333,0.2,39.33,39.47,46.0,3.72,-9.0,0,0,0,0,2.0,0.0,2.3,False,60,False,0.75,0.35,0.042,decreasing,0.038,0
PM-SYN-062,2026-08-19T10:52:00+08:00,15m,47,40,speeding,stale,high,rain,0.72,caution,False,medium,7,minor,0.333,0.4,39.67,39.67,47.0,4.83,12.0,0,0,0,0,4.0,0.242,2.33,False,62,False,0.75,0.35,0.038,increasing,0.053,0
PM-SYN-062,2026-08-19T10:54:00+08:00,15m,43,40,normal_update,fresh,high,rain,0.72,caution,False,medium,3,minor,0.667,0.6,42.33,40.33,47.0,4.8,6.0,0,0,0,0,4.0,0.067,2.37,False,64,False,0.75,0.35,0.053,increasing,0.138,0
PM-SYN-063,2026-08-19T08:39:00+08:00,15m,12,15,normal_update,fresh,high,rain,0.66,restricted,False,medium,0,none,0.0,0.2,11.67,13.73,12.0,2.87,1.0,0,1,0,1,4.0,0.0,0.5,False,999.0,False,0.75,0.7,0.25,decreasing,0.092,0
PM-SYN-063,2026-08-19T08:41:00+08:00,15m,12,15,harsh_brake,delayed,high,rain,0.66,restricted,False,medium,0,none,0.0,0.2,12.0,13.4,12.0,2.93,0.0,1,1,1,1,6.0,0.068,0.53,False,999.0,False,0.75,0.7,0.092,increasing,0.146,0
PM-SYN-063,2026-08-19T08:43:00+08:00,15m,9,15,normal_update,fresh,high,rain,0.66,restricted,False,medium,0,none,0.0,0.0,11.0,13.07,12.0,1.17,-3.0,1,1,1,1,6.0,0.014,0.57,False,999.0,False,0.75,0.7,0.146,stable,0.038,0
PM-SYN-063,2026-08-19T08:45:00+08:00,15m,16,15,normal_update,fresh,high,rain,0.66,restricted,False,medium,1,minor,0.333,0.2,12.33,13.0,16.0,2.23,4.0,1,1,1,1,6.0,0.162,0.6,False,999.0,False,0.75,0.7,0.038,increasing,0.162,0
PM-SYN-063,2026-08-19T08:47:00+08:00,15m,15,15,normal_update,fresh,high,rain,0.66,restricted,False,medium,0,none,0.333,0.2,13.33,13.47,16.0,2.48,6.0,1,0,1,0,6.0,0.0,0.63,False,999.0,False,0.75,0.7,0.162,decreasing,0.078,0
PM-SYN-063,2026-08-19T08:49:00+08:00,15m,14,15,normal_update,fresh,high,rain,0.66,restricted,False,medium,0,none,0.333,0.2,15.0,13.73,16.0,2.48,-2.0,1,0,1,0,6.0,0.002,0.67,False,999.0,False,0.75,0.7,0.078,stable,0.04,0
PM-SYN-063,2026-08-19T08:51:00+08:00,15m,22,15,normal_update,fresh,high,rain,0.66,restricted,False,medium,7,minor,0.333,0.4,17.0,14.33,22.0,4.17,7.0,0,0,0,0,6.0,0.24,0.7,False,999.0,False,0.75,0.7,0.04,increasing,0.109,0
PM-SYN-063,2026-08-19T08:53:00+08:00,15m,17,15,normal_update,delayed,high,rain,0.66,restricted,False,medium,2,minor,0.667,0.6,17.67,14.73,22.0,2.79,3.0,0,0,0,0,6.0,0.0,0.73,False,999.0,False,0.75,0.7,0.109,stable,0.085,0
PM-SYN-063,2026-08-19T08:55:00+08:00,15m,14,15,normal_update,fresh,high,rain,0.66,restricted,False,medium,0,none,0.667,0.4,17.67,14.13,22.0,3.01,-8.0,0,0,0,0,6.0,0.0,0.77,False,999.0,False,0.75,0.7,0.085,decreasing,0.124,0
PM-SYN-063,2026-08-19T08:57:00+08:00,15m,8,15,normal_update,fresh,high,rain,0.66,restricted,False,medium,0,none,0.333,0.4,13.0,13.73,17.0,4.56,-9.0,0,0,0,0,6.0,0.0,0.8,False,999.0,False,0.75,0.7,0.124,decreasing,0.09,0
PM-SYN-063,2026-08-19T08:59:00+08:00,15m,13,15,normal_update,fresh,high,rain,0.66,restricted,False,medium,0,none,0.0,0.4,11.67,13.87,14.0,4.62,-1.0,0,0,0,0,4.0,0.0,0.83,False,999.0,False,0.75,0.7,0.09,decreasing,0.065,0
PM-SYN-063,2026-08-19T09:01:00+08:00,15m,20,15,normal_update,fresh,high,rain,0.66,restricted,False,medium,5,minor,0.333,0.4,13.67,14.27,20.0,4.03,12.0,0,0,0,0,4.0,0.135,0.87,False,999.0,False,0.75,0.7,0.065,increasing,0.073,0
PM-SYN-063,2026-08-19T09:03:00+08:00,15m,12,15,normal_update,fresh,high,rain,0.66,restricted,False,medium,0,none,0.333,0.2,15.0,13.8,20.0,3.88,-1.0,0,0,0,0,4.0,0.0,0.9,False,999.0,False,0.75,0.7,0.073,decreasing,0.057,0
PM-SYN-063,2026-08-19T09:05:00+08:00,15m,11,15,normal_update,fresh,high,rain,0.66,restricted,False,medium,0,none,0.333,0.2,14.33,13.8,20.0,3.97,-9.0,0,0,0,0,4.0,0.0,0.93,False,999.0,False,0.75,0.7,0.057,decreasing,0.086,0
PM-SYN-063,2026-08-19T09:07:00+08:00,15m,19,15,normal_update,fresh,high,rain,0.66,restricted,False,medium,4,minor,0.333,0.4,14.0,14.27,19.0,3.74,7.0,0,0,0,0,2.0,0.074,0.97,False,999.0,False,0.75,0.7,0.086,increasing,0.06,0
PM-SYN-063,2026-08-19T09:09:00+08:00,15m,13,15,sharp_turn,delayed,high,rain,0.66,restricted,False,medium,0,none,0.333,0.4,14.33,14.33,19.0,3.74,2.0,0,1,0,1,4.0,0.02,1.0,False,999.0,False,0.75,0.7,0.06,stable,0.051,0
PM-SYN-063,2026-08-19T09:11:00+08:00,15m,14,15,normal_update,fresh,high,rain,0.66,restricted,False,medium,0,none,0.333,0.2,15.33,14.47,19.0,2.79,-5.0,0,1,0,1,2.0,0.029,1.03,False,999.0,False,0.75,0.7,0.051,stable,0.061,0
PM-SYN-063,2026-08-19T09:13:00+08:00,15m,12,15,normal_update,fresh,high,rain,0.66,restricted,False,medium,0,none,0.0,0.2,13.0,14.67,14.0,2.79,-1.0,0,1,0,1,2.0,0.019,1.07,False,999.0,False,0.75,0.7,0.061,stable,0.101,0
PM-SYN-063,2026-08-19T09:15:00+08:00,15m,12,15,normal_update,fresh,high,rain,0.66,restricted,False,medium,0,none,0.0,0.2,12.67,14.4,14.0,2.61,-2.0,0,1,0,1,2.0,0.0,1.1,False,999.0,False,0.75,0.7,0.101,stable,0.058,0
PM-SYN-063,2026-08-19T09:17:00+08:00,15m,18,15,normal_update,fresh,high,rain,0.66,restricted,False,medium,3,minor,0.333,0.2,14.0,14.6,18.0,2.23,6.0,0,1,0,1,2.0,0.142,1.13,False,999.0,False,0.75,0.7,0.058,increasing,0.054,0
PM-SYN-063,2026-08-19T09:19:00+08:00,15m,15,15,normal_update,fresh,high,rain,0.66,restricted,False,medium,0,none,0.333,0.2,15.0,14.67,18.0,2.23,3.0,0,0,0,0,2.0,0.0,1.17,False,999.0,False,0.75,0.7,0.054,decreasing,0.042,0
PM-SYN-063,2026-08-19T09:21:00+08:00,15m,25,15,normal_update,fresh,high,rain,0.66,restricted,False,medium,10,minor,0.667,0.4,19.33,14.87,25.0,4.84,7.0,0,0,0,0,2.0,0.358,1.2,False,999.0,False,0.75,0.7,0.042,increasing,0.105,0
PM-SYN-063,2026-08-19T09:23:00+08:00,15m,14,15,normal_update,fresh,high,rain,0.66,restricted,False,medium,0,none,0.333,0.4,18.0,14.67,25.0,4.53,-1.0,0,0,0,0,2.0,0.0,1.23,False,999.0,False,0.75,0.7,0.105,decreasing,0.071,0
PM-SYN-063,2026-08-19T09:25:00+08:00,15m,12,15,normal_update,delayed,high,rain,0.66,restricted,False,medium,0,none,0.333,0.4,17.0,14.53,25.0,4.53,-13.0,0,0,0,0,2.0,0.0,1.27,False,999.0,False,0.75,0.7,0.071,decreasing,0.118,0
PM-SYN-063,2026-08-19T09:27:00+08:00,15m,10,15,normal_update,fresh,high,rain,0.66,restricted,False,medium,0,none,0.0,0.2,12.0,14.67,14.0,5.19,-4.0,0,0,0,0,2.0,0.0,1.3,False,999.0,False,0.75,0.7,0.118,decreasing,0.058,0
PM-SYN-063,2026-08-19T09:29:00+08:00,15m,19,15,normal_update,fresh,high,rain,0.66,restricted,False,medium,4,minor,0.333,0.4,13.67,15.07,19.0,5.4,7.0,0,0,0,0,2.0,0.102,1.33,False,999.0,False,0.75,0.7,0.058,increasing,0.089,0
PM-SYN-063,2026-08-19T09:31:00+08:00,15m,12,15,normal_update,fresh,high,rain,0.66,restricted,False,medium,0,none,0.333,0.2,13.67,14.53,19.0,3.07,2.0,0,0,0,0,2.0,0.0,1.37,False,999.0,False,0.75,0.7,0.089,decreasing,0.056,0
PM-SYN-063,2026-08-19T09:33:00+08:00,15m,19,15,normal_update,fresh,high,rain,0.66,restricted,False,medium,4,minor,0.667,0.4,16.67,15.0,19.0,3.83,0.0,0,0,0,0,2.0,0.104,1.4,False,999.0,False,0.75,0.7,0.056,increasing,0.048,0
PM-SYN-063,2026-08-19T09:35:00+08:00,15m,13,15,normal_update,fresh,high,rain,0.66,restricted,False,medium,0,none,0.333,0.4,14.67,15.13,19.0,3.72,1.0,0,0,0,0,2.0,0.0,1.43,False,999.0,False,0.75,0.7,0.048,decreasing,0.08,0
PM-SYN-063,2026-08-19T09:37:00+08:00,15m,7,15,harsh_brake,delayed,high,rain,0.66,restricted,False,medium,0,none,0.333,0.4,13.0,14.33,19.0,4.56,-12.0,1,0,1,0,4.0,0.0,1.47,False,999.0,False,0.75,0.7,0.08,stable,0.065,0
PM-SYN-063,2026-08-19T09:39:00+08:00,15m,20,15,normal_update,fresh,high,rain,0.66,restricted,False,medium,5,minor,0.333,0.4,13.33,14.8,20.0,4.79,7.0,1,0,1,0,2.0,0.215,1.5,False,999.0,False,0.75,0.7,0.065,increasing,0.063,0
PM-SYN-063,2026-08-19T09:41:00+08:00,15m,8,15,normal_update,fresh,high,rain,0.66,restricted,False,medium,0,none,0.333,0.4,11.67,14.4,20.0,5.39,1.0,1,0,1,0,2.0,0.017,1.53,False,999.0,False,0.75,0.7,0.063,stable,0.114,0
PM-SYN-063,2026-08-19T09:43:00+08:00,15m,13,15,normal_update,fresh,high,rain,0.66,restricted,False,medium,0,none,0.333,0.2,13.67,14.47,20.0,4.62,-7.0,1,0,1,0,2.0,0.0,1.57,False,999.0,False,0.75,0.7,0.114,stable,0.116,0
PM-SYN-063,2026-08-19T09:45:00+08:00,15m,14,15,normal_update,fresh,high,rain,0.66,restricted,False,medium,0,none,0.0,0.2,11.67,14.6,14.0,4.67,6.0,1,0,1,0,2.0,0.0,1.6,False,999.0,False,0.75,0.7,0.116,stable,0.073,0
PM-SYN-063,2026-08-19T09:47:00+08:00,15m,13,15,normal_update,fresh,high,rain,0.66,restricted,False,medium,0,none,0.0,0.2,13.33,14.27,14.0,3.83,0.0,0,0,0,0,2.0,0.0,1.63,False,999.0,False,0.75,0.7,0.073,decreasing,0.075,0
PM-SYN-063,2026-08-19T09:49:00+08:00,15m,14,15,normal_update,fresh,high,rain,0.66,restricted,False,medium,0,none,0.0,0.0,13.67,14.2,14.0,2.24,0.0,0,0,0,0,2.0,0.0,1.67,False,999.0,False,0.75,0.7,0.075,decreasing,0.025,0
PM-SYN-063,2026-08-19T09:51:00+08:00,15m,9,15,normal_update,fresh,high,rain,0.66,restricted,False,medium,0,none,0.0,0.0,12.0,13.13,14.0,1.85,-4.0,0,0,0,0,2.0,0.0,1.7,False,999.0,False,0.75,0.7,0.025,stable,0.038,0
PM-SYN-063,2026-08-19T09:53:00+08:00,15m,8,15,normal_update,fresh,high,rain,0.66,restricted,False,medium,0,none,0.0,0.0,10.33,12.73,14.0,2.58,-6.0,0,0,0,0,2.0,0.0,1.73,False,999.0,False,0.75,0.7,0.038,stable,0.044,0
PM-SYN-063,2026-08-19T09:55:00+08:00,15m,19,15,normal_update,fresh,high,rain,0.66,restricted,False,medium,4,minor,0.333,0.2,12.0,13.2,19.0,3.93,10.0,0,0,0,0,2.0,0.116,1.77,False,999.0,False,0.75,0.7,0.044,increasing,0.036,0
PM-SYN-063,2026-08-19T09:57:00+08:00,15m,10,15,normal_update,delayed,high,rain,0.66,restricted,False,medium,0,none,0.333,0.2,12.33,13.2,19.0,4.05,2.0,0,0,0,0,2.0,0.0,1.8,False,999.0,False,0.75,0.7,0.036,stable,0.047,0
PM-SYN-063,2026-08-19T09:59:00+08:00,15m,14,15,normal_update,fresh,high,rain,0.66,restricted,False,medium,0,none,0.333,0.2,14.33,12.87,19.0,4.05,-5.0,0,0,0,0,2.0,0.0,1.83,False,999.0,False,0.75,0.7,0.047,decreasing,0.048,0
PM-SYN-063,2026-08-19T10:01:00+08:00,15m,11,15,normal_update,delayed,high,rain,0.66,restricted,False,medium,0,none,0.0,0.2,11.67,12.8,14.0,3.83,1.0,0,0,0,0,2.0,0.0,1.87,False,999.0,False,0.75,0.7,0.048,decreasing,0.087,0
PM-SYN-063,2026-08-19T10:03:00+08:00,15m,10,15,normal_update,delayed,high,rain,0.66,restricted,False,medium,0,none,0.0,0.2,11.67,12.2,14.0,3.43,-4.0,0,0,0,0,2.0,0.0,1.9,False,999.0,False,0.75,0.7,0.087,decreasing,0.042,0
PM-SYN-063,2026-08-19T10:05:00+08:00,15m,15,15,normal_update,fresh,high,rain,0.66,restricted,False,medium,0,none,0.0,0.0,12.0,12.33,15.0,2.1,4.0,0,0,0,0,2.0,0.0,1.93,False,999.0,False,0.75,0.7,0.042,decreasing,0.054,0
PM-SYN-063,2026-08-19T10:07:00+08:00,15m,13,15,normal_update,fresh,high,rain,0.66,restricted,False,medium,0,none,0.0,0.0,12.67,12.73,15.0,1.85,3.0,0,0,0,0,0.0,0.0,1.97,False,999.0,False,0.75,0.7,0.054,decreasing,0.072,0
PM-SYN-063,2026-08-19T10:09:00+08:00,15m,21,15,normal_update,fresh,high,rain,0.66,restricted,False,medium,6,minor,0.333,0.2,16.33,12.8,21.0,3.9,6.0,0,0,0,0,0.0,0.168,2.0,False,999.0,False,0.75,0.7,0.072,increasing,0.057,0
PM-SYN-063,2026-08-19T10:11:00+08:00,15m,11,15,normal_update,fresh,high,rain,0.66,restricted,False,medium,0,none,0.333,0.2,15.0,13.0,21.0,3.9,-2.0,0,0,0,0,0.0,0.0,2.03,False,999.0,False,0.75,0.7,0.057,decreasing,0.08,0
PM-SYN-063,2026-08-19T10:13:00+08:00,15m,11,15,normal_update,fresh,high,rain,0.66,restricted,False,medium,0,none,0.333,0.2,14.33,12.87,21.0,3.71,-10.0,0,0,0,0,0.0,0.0,2.07,False,999.0,False,0.75,0.7,0.08,decreasing,0.078,0
PM-SYN-063,2026-08-19T10:15:00+08:00,15m,12,15,normal_update,delayed,high,rain,0.66,restricted,False,medium,0,none,0.0,0.2,11.33,12.73,12.0,3.77,1.0,0,0,0,0,0.0,0.0,2.1,False,999.0,False,0.75,0.7,0.078,decreasing,0.043,0
PM-SYN-063,2026-08-19T10:17:00+08:00,15m,13,15,normal_update,fresh,high,rain,0.66,restricted,False,medium,0,none,0.0,0.2,12.0,12.73,13.0,3.77,2.0,0,0,0,0,0.0,0.0,2.13,False,999.0,False,0.75,0.7,0.043,decreasing,0.041,0
PM-SYN-063,2026-08-19T10:19:00+08:00,15m,18,15,normal_update,fresh,high,rain,0.66,restricted,False,medium,3,minor,0.333,0.2,14.33,13.0,18.0,2.61,6.0,0,0,0,0,0.0,0.079,2.17,False,999.0,False,0.75,0.7,0.041,increasing,0.037,0
PM-SYN-063,2026-08-19T10:21:00+08:00,15m,9,15,normal_update,fresh,high,rain,0.66,restricted,False,medium,0,none,0.333,0.2,13.33,13.0,18.0,3.01,-4.0,0,0,0,0,0.0,0.0,2.2,False,999.0,False,0.75,0.7,0.037,stable,0.058,0
PM-SYN-063,2026-08-19T10:23:00+08:00,15m,22,15,speeding,fresh,high,rain,0.66,restricted,False,medium,7,minor,0.667,0.4,16.33,13.93,22.0,4.62,4.0,0,0,0,0,2.0,0.222,2.23,False,999.0,False,0.75,0.7,0.058,increasing,0.056,0
PM-SYN-063,2026-08-19T10:25:00+08:00,15m,22,15,normal_update,fresh,high,rain,0.66,restricted,False,medium,7,minor,0.667,0.6,17.67,14.13,22.0,5.11,13.0,0,0,0,0,2.0,0.224,2.27,False,999.0,False,0.75,0.7,0.056,increasing,0.078,0
PM-SYN-063,2026-08-19T10:27:00+08:00,15m,17,15,stale_gps,stale,high,rain,0.66,restricted,False,medium,2,minor,1.0,0.8,20.33,14.6,22.0,4.76,-5.0,0,0,0,0,4.0,0.002,2.3,False,999.0,False,0.75,0.7,0.078,stable,0.1,0
PM-SYN-063,2026-08-19T10:29:00+08:00,15m,9,15,normal_update,fresh,high,rain,0.66,restricted,False,medium,0,none,0.667,0.6,16.0,14.27,22.0,5.84,-13.0,0,0,0,0,4.0,0.0,2.33,False,999.0,False,0.75,0.7,0.1,decreasing,0.087,1
PM-SYN-063,2026-08-19T10:31:00+08:00,15m,17,15,normal_update,fresh,high,rain,0.66,restricted,False,medium,2,minor,0.667,0.8,14.33,14.67,17.0,4.76,0.0,0,0,0,0,4.0,0.0,2.37,False,0,True,0.75,0.7,0.087,stable,0.098,1
PM-SYN-064,2026-08-19T09:05:00+08:00,15m,10,15,normal_update,fresh,high,rain,0.66,restricted,False,medium,0,none,0.0,0.2,10.67,13.47,11.0,2.14,-1.0,0,0,0,0,6.0,0.0,0.5,False,999.0,False,0.75,0.7,0.065,decreasing,0.039,0
PM-SYN-064,2026-08-19T09:07:00+08:00,15m,14,15,normal_update,fresh,high,rain,0.66,restricted,False,medium,0,none,0.0,0.2,11.67,13.0,14.0,2.24,3.0,0,0,0,0,4.0,0.0,0.53,False,999.0,False,0.75,0.7,0.039,stable,0.036,1
PM-SYN-064,2026-08-19T09:09:00+08:00,15m,23,15,stale_gps,stale,high,rain,0.66,restricted,False,medium,8,minor,0.333,0.2,15.67,13.6,23.0,4.79,13.0,0,0,0,0,6.0,0.284,0.57,False,0,True,0.75,0.7,0.036,increasing,0.058,1
PM-SYN-064,2026-08-19T09:11:00+08:00,15m,12,15,normal_update,stale,high,rain,0.66,restricted,False,medium,0,none,0.333,0.2,16.33,13.27,23.0,4.69,-2.0,0,0,0,0,6.0,0.0,0.6,False,2,True,0.75,0.7,0.058,decreasing,0.063,1
PM-SYN-064,2026-08-19T09:13:00+08:00,15m,10,15,normal_update,delayed,high,rain,0.66,restricted,False,medium,0,none,0.333,0.2,15.0,13.27,23.0,4.83,-13.0,0,0,0,0,6.0,0.0,0.63,False,4,True,0.75,0.7,0.063,decreasing,0.127,1
PM-SYN-064,2026-08-19T09:15:00+08:00,15m,11,15,normal_update,fresh,high,rain,0.66,restricted,False,medium,0,none,0.0,0.2,11.0,13.0,12.0,4.69,-1.0,0,0,0,0,4.0,0.0,0.67,False,6,True,0.75,0.7,0.127,decreasing,0.122,1
PM-SYN-064,2026-08-19T09:17:00+08:00,15m,10,15,normal_update,fresh,high,rain,0.66,restricted,False,medium,0,none,0.0,0.2,10.33,12.73,11.0,4.96,0.0,0,0,0,0,4.0,0.0,0.7,False,8,True,0.75,0.7,0.122,decreasing,0.109,1
PM-SYN-064,2026-08-19T09:19:00+08:00,15m,12,15,normal_update,fresh,high,rain,0.66,restricted,False,medium,0,none,0.0,0.0,11.0,12.67,12.0,0.89,1.0,0,0,0,0,4.0,0.0,0.73,False,10,True,0.75,0.7,0.109,decreasing,0.081,1
PM-SYN-064,2026-08-19T09:21:00+08:00,15m,19,15,normal_update,fresh,high,rain,0.66,restricted,False,medium,4,minor,0.333,0.2,13.67,12.8,19.0,3.38,9.0,0,0,0,0,4.0,0.079,0.77,False,12,True,0.75,0.7,0.081,increasing,0.104,1
PM-SYN-064,2026-08-19T09:23:00+08:00,15m,13,15,normal_update,fresh,high,rain,0.66,restricted,False,medium,0,none,0.333,0.2,14.67,12.87,19.0,3.16,1.0,0,0,0,0,4.0,0.0,0.8,False,14,False,0.75,0.7,0.104,decreasing,0.042,0
PM-SYN-064,2026-08-19T09:25:00+08:00,15m,8,15,normal_update,delayed,high,rain,0.66,restricted,False,medium,0,none,0.333,0.2,13.33,12.73,19.0,3.72,-11.0,0,0,0,0,2.0,0.0,0.83,False,16,False,0.75,0.7,0.042,decreasing,0.04,0
PM-SYN-064,2026-08-19T09:27:00+08:00,15m,16,15,normal_update,fresh,high,rain,0.66,restricted,False,medium,1,minor,0.333,0.4,12.33,13.07,16.0,3.72,3.0,0,0,0,0,2.0,0.0,0.87,False,18,False,0.75,0.7,0.04,stable,0.044,0
PM-SYN-064,2026-08-19T09:29:00+08:00,15m,16,15,normal_update,fresh,high,rain,0.66,restricted,False,medium,1,minor,0.667,0.6,13.33,13.07,16.0,3.72,8.0,0,0,0,0,2.0,0.0,0.9,False,20,False,0.75,0.7,0.044,stable,0.08,0
PM-SYN-064,2026-08-19T09:31:00+08:00,15m,11,15,normal_update,fresh,high,rain,0.66,restricted,False,medium,0,none,0.667,0.4,14.33,13.07,16.0,3.06,-5.0,0,0,0,0,2.0,0.0,0.93,False,22,False,0.75,0.7,0.08,decreasing,0.049,0
PM-SYN-064,2026-08-19T09:33:00+08:00,15m,9,15,normal_update,fresh,high,rain,0.66,restricted,False,medium,0,none,0.333,0.4,12.0,12.93,16.0,3.41,-7.0,0,0,0,0,2.0,0.0,0.97,False,24,False,0.75,0.7,0.049,decreasing,0.041,0
PM-SYN-064,2026-08-19T09:35:00+08:00,15m,18,15,normal_update,fresh,high,rain,0.66,restricted,False,medium,3,minor,0.333,0.6,12.67,13.47,18.0,3.41,7.0,0,0,0,0,2.0,0.079,1.0,False,26,False,0.75,0.7,0.041,increasing,0.094,0
PM-SYN-064,2026-08-19T09:37:00+08:00,15m,14,15,harsh_brake,fresh,high,rain,0.66,restricted,False,medium,0,none,0.333,0.4,13.67,13.47,18.0,3.26,5.0,1,0,1,0,4.0,0.0,1.03,False,28,False,0.75,0.7,0.094,stable,0.066,0
PM-SYN-064,2026-08-19T09:39:00+08:00,15m,16,15,normal_update,fresh,high,rain,0.66,restricted,False,medium,1,minor,0.667,0.4,16.0,13.0,18.0,3.26,-2.0,1,0,1,0,2.0,0.054,1.07,False,30,False,0.75,0.7,0.066,increasing,0.083,0
PM-SYN-064,2026-08-19T09:41:00+08:00,15m,12,15,normal_update,delayed,high,rain,0.66,restricted,False,medium,0,none,0.333,0.4,14.0,13.0,16.0,3.12,-2.0,1,0,1,0,2.0,0.0,1.1,False,32,False,0.75,0.7,0.083,stable,0.085,0
PM-SYN-064,2026-08-19T09:43:00+08:00,15m,21,15,speeding,fresh,high,rain,0.66,restricted,False,medium,6,minor,0.667,0.6,16.33,13.73,21.0,3.12,5.0,1,0,1,0,4.0,0.235,1.13,False,34,False,0.75,0.7,0.085,increasing,0.111,0
PM-SYN-064,2026-08-19T09:45:00+08:00,15m,24,15,speeding,fresh,high,rain,0.66,restricted,False,medium,9,minor,0.667,0.6,19.0,14.6,24.0,4.45,12.0,1,0,1,0,6.0,0.329,1.17,False,36,False,0.75,0.7,0.111,increasing,0.17,0
PM-SYN-064,2026-08-19T09:47:00+08:00,15m,15,15,normal_update,delayed,high,rain,0.66,restricted,False,medium,0,none,0.667,0.6,20.0,14.93,24.0,4.32,-6.0,0,0,0,0,6.0,0.0,1.2,False,38,False,0.75,0.7,0.17,decreasing,0.097,0
PM-SYN-064,2026-08-19T09:49:00+08:00,15m,13,15,normal_update,delayed,high,rain,0.66,restricted,False,medium,0,none,0.333,0.4,17.33,15.0,24.0,4.69,-11.0,0,0,0,0,6.0,0.0,1.23,False,40,False,0.75,0.7,0.097,decreasing,0.045,0
PM-SYN-064,2026-08-19T09:51:00+08:00,15m,10,15,normal_update,stale,high,rain,0.66,restricted,False,medium,0,none,0.0,0.4,12.67,14.4,15.0,5.16,-5.0,0,0,0,0,6.0,0.0,1.27,False,42,False,0.75,0.7,0.045,decreasing,0.092,0
PM-SYN-064,2026-08-19T09:53:00+08:00,15m,23,15,normal_update,fresh,high,rain,0.66,restricted,False,medium,8,minor,0.333,0.4,15.33,15.07,23.0,5.55,10.0,0,0,0,0,6.0,0.228,1.3,False,44,False,0.75,0.7,0.092,increasing,0.076,0
PM-SYN-064,2026-08-19T09:55:00+08:00,15m,10,15,normal_update,fresh,high,rain,0.66,restricted,False,medium,0,none,0.333,0.2,14.33,15.2,23.0,4.79,0.0,0,0,0,0,6.0,0.0,1.33,False,46,False,0.75,0.7,0.076,decreasing,0.072,0
PM-SYN-064,2026-08-19T09:57:00+08:00,15m,22,15,normal_update,fresh,high,rain,0.66,restricted,False,medium,7,minor,0.667,0.4,18.33,15.6,23.0,5.75,-1.0,0,0,0,0,6.0,0.208,1.37,False,48,False,0.75,0.7,0.072,increasing,0.091,0
PM-SYN-064,2026-08-19T09:59:00+08:00,15m,12,15,stale_gps,stale,high,rain,0.66,restricted,False,medium,0,none,0.333,0.4,14.67,15.33,22.0,5.85,2.0,0,0,0,0,8.0,0.0,1.4,False,50,False,0.75,0.7,0.091,decreasing,0.055,0
PM-SYN-064,2026-08-19T10:01:00+08:00,15m,14,15,normal_update,fresh,high,rain,0.66,restricted,False,medium,0,none,0.333,0.4,16.0,15.53,22.0,5.31,-8.0,0,0,0,0,8.0,0.0,1.43,False,52,False,0.75,0.7,0.055,decreasing,0.109,0
PM-SYN-064,2026-08-19T10:03:00+08:00,15m,8,15,normal_update,fresh,high,rain,0.66,restricted,False,medium,0,none,0.0,0.2,11.33,15.47,14.0,4.83,-4.0,0,0,0,0,8.0,0.0,1.47,False,54,False,0.75,0.7,0.109,decreasing,0.053,0
PM-SYN-064,2026-08-19T10:05:00+08:00,15m,20,15,normal_update,fresh,high,rain,0.66,restricted,False,medium,5,minor,0.333,0.4,14.0,15.6,20.0,5.15,6.0,0,0,0,0,8.0,0.147,1.5,False,56,False,0.75,0.7,0.053,increasing,0.135,0
PM-SYN-064,2026-08-19T10:07:00+08:00,15m,9,15,harsh_brake,fresh,high,rain,0.66,restricted,False,medium,0,none,0.333,0.2,12.33,15.27,20.0,4.27,1.0,1,0,1,0,8.0,0.0,1.53,False,58,False,0.75,0.7,0.135,decreasing,0.133,0
PM-SYN-064,2026-08-19T10:09:00+08:00,15m,10,15,normal_update,fresh,high,rain,0.66,restricted,False,medium,0,none,0.333,0.2,13.0,14.87,20.0,4.4,-10.0,1,0,1,0,8.0,0.0,1.57,False,60,False,0.75,0.7,0.133,decreasing,0.078,0
PM-SYN-064,2026-08-19T10:11:00+08:00,15m,26,15,speeding,fresh,high,rain,0.66,restricted,False,medium,11,moderate,0.333,0.4,15.0,15.8,26.0,7.14,17.0,1,0,1,0,10.0,0.442,1.6,False,62,False,0.75,0.7,0.078,increasing,0.181,0
PM-SYN-064,2026-08-19T10:13:00+08:00,15m,8,15,normal_update,fresh,high,rain,0.66,restricted,False,medium,0,none,0.333,0.4,14.67,14.93,26.0,7.14,-2.0,1,0,1,0,8.0,0.0,1.63,False,64,False,0.75,0.7,0.181,decreasing,0.084,0
PM-SYN-064,2026-08-19T10:15:00+08:00,15m,23,15,normal_update,fresh,high,rain,0.66,restricted,False,medium,8,minor,0.667,0.4,19.0,14.87,26.0,7.68,-3.0,1,0,1,0,6.0,0.316,1.67,False,66,False,0.75,0.7,0.084,increasing,0.177,0
PM-SYN-064,2026-08-19T10:17:00+08:00,15m,9,15,sharp_turn,fresh,high,rain,0.66,restricted,False,medium,0,none,0.333,0.4,13.33,14.47,23.0,7.68,1.0,0,1,0,1,8.0,0.0,1.7,False,68,False,0.75,0.7,0.177,decreasing,0.139,0
PM-SYN-064,2026-08-19T10:19:00+08:00,15m,16,15,normal_update,delayed,high,rain,0.66,restricted,False,medium,1,minor,0.667,0.6,16.0,14.67,23.0,7.23,-7.0,0,1,0,1,8.0,0.0,1.73,False,70,False,0.75,0.7,0.139,stable,0.104,0
PM-SYN-064,2026-08-19T10:21:00+08:00,15m,9,15,normal_update,fresh,high,rain,0.66,restricted,False,medium,0,none,0.333,0.4,11.33,14.6,16.0,5.76,0.0,0,1,0,1,8.0,0.0,1.77,False,72,False,0.75,0.7,0.104,stable,0.127,0
PM-SYN-064,2026-08-19T10:23:00+08:00,15m,12,15,normal_update,delayed,high,rain,0.66,restricted,False,medium,0,none,0.333,0.4,12.33,13.87,16.0,5.27,-4.0,0,1,0,1,8.0,0.0,1.8,False,74,False,0.75,0.7,0.127,decreasing,0.106,0
PM-SYN-064,2026-08-19T10:25:00+08:00,15m,23,15,normal_update,fresh,high,rain,0.66,restricted,False,medium,8,minor,0.333,0.4,14.67,14.73,23.0,5.27,14.0,0,1,0,1,8.0,0.294,1.83,False,76,False,0.75,0.7,0.106,increasing,0.093,0
PM-SYN-064,2026-08-19T10:27:00+08:00,15m,15,15,normal_update,fresh,high,rain,0.66,restricted,False,medium,0,none,0.333,0.4,16.67,14.27,23.0,4.69,3.0,0,0,0,0,8.0,0.0,1.87,False,78,False,0.75,0.7,0.093,decreasing,0.098,0
PM-SYN-064,2026-08-19T10:29:00+08:00,15m,14,15,normal_update,fresh,high,rain,0.66,restricted,False,medium,0,none,0.333,0.2,17.33,14.4,23.0,4.67,-9.0,0,0,0,0,6.0,0.0,1.9,False,80,False,0.75,0.7,0.098,decreasing,0.075,0
PM-SYN-064,2026-08-19T10:31:00+08:00,15m,19,15,normal_update,fresh,high,rain,0.66,restricted,False,medium,4,minor,0.333,0.4,16.0,14.73,19.0,3.93,4.0,0,0,0,0,6.0,0.085,1.93,False,82,False,0.75,0.7,0.075,increasing,0.068,0
PM-SYN-064,2026-08-19T10:33:00+08:00,15m,16,15,harsh_brake,fresh,high,rain,0.66,restricted,False,medium,1,minor,0.667,0.6,16.33,15.27,19.0,3.26,2.0,1,0,1,0,8.0,0.052,1.97,False,84,False,0.75,0.7,0.068,increasing,0.191,0
PM-SYN-064,2026-08-19T10:35:00+08:00,15m,15,15,normal_update,fresh,high,rain,0.66,restricted,False,medium,0,none,0.667,0.4,16.67,14.93,19.0,1.72,-4.0,1,0,1,0,8.0,0.0,2.0,False,86,False,0.75,0.7,0.191,decreasing,0.073,0
PM-SYN-064,2026-08-19T10:37:00+08:00,15m,14,15,normal_update,fresh,high,rain,0.66,restricted,False,medium,0,none,0.333,0.4,15.0,15.27,16.0,1.85,-2.0,1,0,1,0,6.0,0.007,2.03,False,88,False,0.75,0.7,0.073,stable,0.054,0
PM-SYN-064,2026-08-19T10:39:00+08:00,15m,21,15,sharp_turn,fresh,high,rain,0.66,restricted,False,medium,6,minor,0.333,0.6,16.67,16.0,21.0,2.61,6.0,1,1,1,1,8.0,0.346,2.07,False,90,False,0.75,0.7,0.054,increasing,0.136,0
PM-SYN-064,2026-08-19T10:41:00+08:00,15m,14,15,normal_update,fresh,high,rain,0.66,restricted,False,medium,0,none,0.333,0.4,16.33,15.2,21.0,2.61,0.0,1,1,1,1,6.0,0.024,2.1,False,92,False,0.75,0.7,0.136,stable,0.174,1
PM-SYN-064,2026-08-19T10:43:00+08:00,15m,11,15,normal_update,fresh,high,rain,0.66,restricted,False,medium,0,none,0.333,0.2,15.33,15.4,21.0,3.29,-10.0,0,1,0,1,6.0,0.0,2.13,False,0,True,0.75,0.7,0.174,decreasing,0.093,1
PM-SYN-064,2026-08-19T10:45:00+08:00,15m,16,15,normal_update,delayed,high,rain,0.66,restricted,False,medium,1,minor,0.333,0.4,13.67,14.93,16.0,3.31,2.0,0,1,0,1,6.0,0.027,2.17,False,2,True,0.75,0.7,0.093,stable,0.218,1
PM-SYN-064,2026-08-19T10:47:00+08:00,15m,13,15,sharp_turn,fresh,high,rain,0.66,restricted,False,medium,0,none,0.333,0.4,13.33,15.2,16.0,3.41,2.0,0,2,0,2,6.0,0.0,2.2,False,0,False,0.75,0.7,0.218,decreasing,0.156,1
PM-SYN-064,2026-08-19T10:49:00+08:00,15m,20,15,speeding,stale,high,rain,0.66,restricted,False,medium,5,minor,0.667,0.4,16.33,15.47,20.0,3.06,4.0,0,1,0,1,8.0,0.124,2.23,False,2,False,0.75,0.7,0.156,increasing,0.062,1
PM-SYN-064,2026-08-19T10:51:00+08:00,15m,14,15,normal_update,fresh,high,rain,0.66,restricted,False,medium,0,none,0.333,0.4,15.67,15.8,20.0,3.06,1.0,0,1,0,1,8.0,0.018,2.27,False,4,False,0.75,0.7,0.062,stable,0.106,1
PM-SYN-064,2026-08-19T10:53:00+08:00,15m,17,15,normal_update,stale,high,rain,0.66,restricted,False,medium,2,minor,0.667,0.6,17.0,16.13,20.0,2.45,-3.0,0,1,0,1,8.0,0.054,2.3,False,6,False,0.75,0.7,0.106,increasing,0.181,1
PM-SYN-064,2026-08-19T10:55:00+08:00,15m,13,15,normal_update,fresh,high,rain,0.66,restricted,False,medium,0,none,0.333,0.4,14.67,15.47,17.0,2.73,-1.0,0,1,0,1,8.0,0.0,2.33,False,8,False,0.75,0.7,0.181,decreasing,0.149,0
PM-SYN-064,2026-08-19T10:57:00+08:00,15m,10,15,normal_update,fresh,high,rain,0.66,restricted,False,medium,0,none,0.333,0.4,13.33,15.13,17.0,3.43,-7.0,0,0,0,0,8.0,0.0,2.37,False,10,False,0.75,0.7,0.149,decreasing,0.096,0
PM-SYN-065,2026-08-19T08:01:00+08:00,15m,20,15,harsh_brake,delayed,high,rain,0.66,restricted,False,medium,5,minor,0.667,0.6,18.33,14.73,22.0,4.35,-2.0,1,1,1,1,12.0,0.21,0.5,False,999.0,False,0.75,0.7,0.15,increasing,0.243,0
PM-SYN-065,2026-08-19T08:03:00+08:00,15m,12,15,sharp_turn,fresh,high,rain,0.66,restricted,False,medium,0,none,0.333,0.4,15.0,14.53,20.0,4.5,-1.0,1,2,1,2,12.0,0.0,0.53,False,999.0,False,0.75,0.7,0.243,stable,0.249,0
PM-SYN-065,2026-08-19T08:05:00+08:00,15m,13,15,normal_update,fresh,high,rain,0.66,restricted,False,medium,0,none,0.333,0.4,15.0,14.87,20.0,4.15,-7.0,1,2,1,2,12.0,0.0,0.57,False,999.0,False,0.75,0.7,0.249,stable,0.237,0
PM-SYN-065,2026-08-19T08:07:00+08:00,15m,8,15,normal_update,fresh,high,rain,0.66,restricted,False,medium,0,none,0.0,0.2,11.0,14.6,13.0,3.87,-4.0,1,2,1,2,12.0,0.003,0.6,False,999.0,False,0.75,0.7,0.237,stable,0.202,1
PM-SYN-065,2026-08-19T08:09:00+08:00,15m,14,15,normal_update,fresh,high,rain,0.66,restricted,False,medium,0,none,0.0,0.2,11.67,14.53,14.0,3.88,1.0,1,1,1,1,10.0,0.0,0.63,False,0,True,0.75,0.7,0.202,decreasing,0.211,1
PM-SYN-065,2026-08-19T08:11:00+08:00,15m,8,15,normal_update,fresh,high,rain,0.66,restricted,False,medium,0,none,0.0,0.0,10.0,14.4,14.0,2.53,0.0,0,1,0,1,10.0,0.0,0.67,False,2,True,0.75,0.7,0.211,decreasing,0.086,1
PM-SYN-065,2026-08-19T08:13:00+08:00,15m,15,15,normal_update,fresh,high,rain,0.66,restricted,False,medium,0,none,0.0,0.0,12.33,14.8,15.0,3.01,1.0,0,0,0,0,10.0,0.0,0.7,False,4,True,0.75,0.7,0.086,decreasing,0.072,1
PM-SYN-065,2026-08-19T08:15:00+08:00,15m,12,15,sharp_turn,fresh,high,rain,0.66,restricted,False,medium,0,none,0.0,0.0,11.67,14.2,15.0,2.94,4.0,0,1,0,1,10.0,0.008,0.73,False,6,True,0.75,0.7,0.072,stable,0.058,1
PM-SYN-065,2026-08-19T08:17:00+08:00,15m,14,15,normal_update,fresh,high,rain,0.66,restricted,False,medium,0,none,0.0,0.0,13.67,14.2,15.0,2.5,-1.0,0,1,0,1,8.0,0.022,0.77,False,8,True,0.75,0.7,0.058,stable,0.109,1
PM-SYN-065,2026-08-19T08:19:00+08:00,15m,13,15,harsh_brake,fresh,high,rain,0.66,restricted,False,medium,0,none,0.0,0.0,13.0,13.93,14.0,2.42,1.0,1,1,1,1,10.0,0.051,0.8,False,10,True,0.75,0.7,0.109,increasing,0.183,1
PM-SYN-065,2026-08-19T08:21:00+08:00,15m,28,15,normal_update,fresh,high,rain,0.66,restricted,False,medium,13,moderate,0.333,0.2,18.33,14.87,28.0,5.89,14.0,1,1,1,1,10.0,0.497,0.83,False,12,True,0.75,0.7,0.183,increasing,0.203,1
PM-SYN-065,2026-08-19T08:23:00+08:00,15m,8,15,sharp_turn,fresh,high,rain,0.66,restricted,False,medium,0,none,0.333,0.2,16.33,14.07,28.0,6.81,-5.0,1,2,1,2,12.0,0.037,0.87,False,0,False,0.75,0.7,0.203,stable,0.228,1
PM-SYN-065,2026-08-19T08:25:00+08:00,15m,7,15,normal_update,delayed,high,rain,0.66,restricted,False,medium,0,none,0.333,0.2,14.33,13.8,28.0,7.51,-21.0,1,1,1,1,12.0,0.0,0.9,False,2,False,0.75,0.7,0.228,decreasing,0.132,1
PM-SYN-065,2026-08-19T08:27:00+08:00,15m,12,15,normal_update,fresh,high,rain,0.66,restricted,False,medium,0,none,0.0,0.2,9.0,13.13,12.0,7.55,4.0,1,1,1,1,12.0,0.028,0.93,False,4,False,0.75,0.7,0.132,stable,0.166,1
PM-SYN-065,2026-08-19T08:29:00+08:00,15m,15,15,normal_update,fresh,high,rain,0.66,restricted,False,medium,0,none,0.0,0.2,11.33,13.27,15.0,7.56,8.0,0,1,0,1,10.0,0.0,0.97,False,6,False,0.75,0.7,0.166,decreasing,0.054,1
PM-SYN-065,2026-08-19T08:31:00+08:00,15m,11,15,normal_update,fresh,high,rain,0.66,restricted,False,medium,0,none,0.0,0.0,12.67,12.67,15.0,2.87,-1.0,0,1,0,1,8.0,0.026,1.0,False,8,False,0.75,0.7,0.054,stable,0.048,1
PM-SYN-065,2026-08-19T08:33:00+08:00,15m,23,15,normal_update,stale,high,rain,0.66,restricted,False,medium,8,minor,0.333,0.2,16.33,13.4,23.0,5.35,8.0,0,0,0,0,6.0,0.272,1.03,False,10,False,0.75,0.7,0.048,increasing,0.044,1
PM-SYN-065,2026-08-19T08:35:00+08:00,15m,17,15,normal_update,fresh,high,rain,0.66,restricted,False,medium,2,minor,0.667,0.4,17.0,13.67,23.0,4.27,6.0,0,0,0,0,6.0,0.036,1.07,False,12,False,0.75,0.7,0.044,stable,0.062,0
PM-SYN-065,2026-08-19T08:37:00+08:00,15m,14,15,normal_update,stale,high,rain,0.66,restricted,False,medium,0,none,0.667,0.4,18.0,14.07,23.0,4.0,-9.0,0,0,0,0,6.0,0.0,1.1,False,14,False,0.75,0.7,0.062,decreasing,0.11,0
PM-SYN-065,2026-08-19T08:39:00+08:00,15m,22,15,normal_update,stale,high,rain,0.66,restricted,False,medium,7,minor,0.667,0.6,17.67,14.6,22.0,4.59,5.0,0,0,0,0,6.0,0.17,1.13,False,16,False,0.75,0.7,0.11,increasing,0.067,0
PM-SYN-065,2026-08-19T08:41:00+08:00,15m,19,15,normal_update,fresh,high,rain,0.66,restricted,False,medium,4,minor,0.667,0.8,18.33,15.33,22.0,3.29,5.0,0,0,0,0,6.0,0.093,1.17,False,18,False,0.75,0.7,0.067,increasing,0.172,0
PM-SYN-065,2026-08-19T08:43:00+08:00,15m,13,15,normal_update,stale,high,rain,0.66,restricted,False,medium,0,none,0.667,0.6,18.0,15.2,22.0,3.29,-9.0,0,0,0,0,6.0,0.0,1.2,False,20,False,0.75,0.7,0.172,decreasing,0.131,0
PM-SYN-065,2026-08-19T08:45:00+08:00,15m,11,15,normal_update,fresh,high,rain,0.66,restricted,False,medium,0,none,0.333,0.4,14.33,15.13,19.0,4.07,-8.0,0,0,0,0,4.0,0.0,1.23,False,22,False,0.75,0.7,0.131,decreasing,0.07,0
PM-SYN-065,2026-08-19T08:47:00+08:00,15m,10,15,normal_update,fresh,high,rain,0.66,restricted,False,medium,0,none,0.0,0.4,11.33,14.87,13.0,4.69,-3.0,0,0,0,0,4.0,0.0,1.27,False,24,False,0.75,0.7,0.07,decreasing,0.079,0
PM-SYN-065,2026-08-19T08:49:00+08:00,15m,11,15,normal_update,fresh,high,rain,0.66,restricted,False,medium,0,none,0.0,0.2,10.67,14.73,11.0,3.25,0.0,0,0,0,0,2.0,0.0,1.3,False,26,False,0.75,0.7,0.079,decreasing,0.052,0
PM-SYN-065,2026-08-19T08:51:00+08:00,15m,8,15,normal_update,delayed,high,rain,0.66,restricted,False,medium,0,none,0.0,0.0,9.67,13.4,11.0,1.62,-2.0,0,0,0,0,2.0,0.0,1.33,False,28,False,0.75,0.7,0.052,decreasing,0.026,0
PM-SYN-065,2026-08-19T08:53:00+08:00,15m,12,15,normal_update,fresh,high,rain,0.66,restricted,False,medium,0,none,0.0,0.0,10.33,13.67,12.0,1.36,1.0,0,0,0,0,0.0,0.0,1.37,False,30,False,0.75,0.7,0.026,stable,0.038,0
PM-SYN-065,2026-08-19T08:55:00+08:00,15m,18,15,normal_update,fresh,high,rain,0.66,restricted,False,medium,3,minor,0.333,0.2,12.67,14.4,18.0,3.37,10.0,0,0,0,0,0.0,0.082,1.4,False,32,False,0.75,0.7,0.038,increasing,0.061,0
PM-SYN-065,2026-08-19T08:57:00+08:00,15m,21,15,stale_gps,stale,high,rain,0.66,restricted,False,medium,6,minor,0.667,0.4,17.0,15.0,21.0,4.77,9.0,0,0,0,0,2.0,0.179,1.43,False,34,False,0.75,0.7,0.061,increasing,0.087,0
PM-SYN-065,2026-08-19T08:59:00+08:00,15m,12,15,normal_update,delayed,high,rain,0.66,restricted,False,medium,0,none,0.667,0.4,17.0,14.8,21.0,4.66,-6.0,0,0,0,0,2.0,0.0,1.47,False,36,False,0.75,0.7,0.087,decreasing,0.104,0
PM-SYN-065,2026-08-19T09:01:00+08:00,15m,14,15,normal_update,fresh,high,rain,0.66,restricted,False,medium,0,none,0.333,0.4,15.67,15.0,21.0,3.56,-7.0,0,0,0,0,2.0,0.0,1.5,False,38,False,0.75,0.7,0.104,decreasing,0.061,0
PM-SYN-065,2026-08-19T09:03:00+08:00,15m,25,15,normal_update,fresh,high,rain,0.66,restricted,False,medium,10,minor,0.333,0.6,17.0,15.13,25.0,4.69,13.0,0,0,0,0,2.0,0.339,1.53,False,40,False,0.75,0.7,0.061,increasing,0.12,0
PM-SYN-065,2026-08-19T09:05:00+08:00,15m,19,15,normal_update,delayed,high,rain,0.66,restricted,False,medium,4,minor,0.667,0.6,19.33,15.27,25.0,4.71,5.0,0,0,0,0,2.0,0.04,1.57,False,42,False,0.75,0.7,0.12,increasing,0.094,0
PM-SYN-065,2026-08-19T09:07:00+08:00,15m,11,15,normal_update,fresh,high,rain,0.66,restricted,False,medium,0,none,0.667,0.4,18.33,15.07,25.0,5.19,-14.0,0,0,0,0,2.0,0.0,1.6,False,44,False,0.75,0.7,0.094,decreasing,0.104,0
PM-SYN-065,2026-08-19T09:09:00+08:00,15m,17,15,normal_update,delayed,high,rain,0.66,restricted,False,medium,2,minor,0.667,0.6,15.67,14.73,19.0,4.75,-2.0,0,0,0,0,2.0,0.0,1.63,False,46,False,0.75,0.7,0.104,stable,0.121,0
PM-SYN-065,2026-08-19T09:11:00+08:00,15m,14,15,normal_update,stale,high,rain,0.66,restricted,False,medium,0,none,0.333,0.6,14.0,14.4,17.0,4.75,3.0,0,0,0,0,2.0,0.0,1.67,False,48,False,0.75,0.7,0.121,decreasing,0.064,0
PM-SYN-065,2026-08-19T09:13:00+08:00,15m,16,15,normal_update,fresh,high,rain,0.66,restricted,False,medium,1,minor,0.667,0.6,15.67,14.6,17.0,2.73,-1.0,0,0,0,0,2.0,0.0,1.7,False,50,False,0.75,0.7,0.064,stable,0.056,0
PM-SYN-065,2026-08-19T09:15:00+08:00,15m,13,15,normal_update,fresh,high,rain,0.66,restricted,False,medium,0,none,0.333,0.4,14.33,14.73,16.0,2.14,-1.0,0,0,0,0,2.0,0.0,1.73,False,52,False,0.75,0.7,0.056,decreasing,0.078,0
PM-SYN-065,2026-08-19T09:17:00+08:00,15m,12,15,normal_update,fresh,high,rain,0.66,restricted,False,medium,0,none,0.333,0.4,13.67,14.87,16.0,1.85,-4.0,0,0,0,0,2.0,0.0,1.77,False,54,False,0.75,0.7,0.078,decreasing,0.042,0
PM-SYN-065,2026-08-19T09:19:00+08:00,15m,18,15,normal_update,fresh,high,rain,0.66,restricted,False,medium,3,minor,0.333,0.4,14.33,15.33,18.0,2.15,5.0,0,0,0,0,2.0,0.078,1.8,False,56,False,0.75,0.7,0.042,increasing,0.041,0
PM-SYN-065,2026-08-19T09:21:00+08:00,15m,13,15,normal_update,fresh,high,rain,0.66,restricted,False,medium,0,none,0.333,0.4,14.33,15.67,18.0,2.24,1.0,0,0,0,0,2.0,0.0,1.83,False,58,False,0.75,0.7,0.041,decreasing,0.092,0
PM-SYN-065,2026-08-19T09:23:00+08:00,15m,14,15,normal_update,fresh,high,rain,0.66,restricted,False,medium,0,none,0.333,0.2,15.0,15.8,18.0,2.1,-4.0,0,0,0,0,2.0,0.0,1.87,False,60,False,0.75,0.7,0.092,decreasing,0.029,0
PM-SYN-065,2026-08-19T09:25:00+08:00,15m,10,15,normal_update,fresh,high,rain,0.66,restricted,False,medium,0,none,0.0,0.2,12.33,15.27,14.0,2.65,-3.0,0,0,0,0,2.0,0.0,1.9,False,62,False,0.75,0.7,0.029,stable,0.067,0
PM-SYN-065,2026-08-19T09:27:00+08:00,15m,12,15,normal_update,fresh,high,rain,0.66,restricted,False,medium,0,none,0.0,0.2,12.0,14.67,14.0,2.65,-2.0,0,0,0,0,0.0,0.0,1.93,False,64,False,0.75,0.7,0.067,decreasing,0.037,0
PM-SYN-065,2026-08-19T09:29:00+08:00,15m,14,15,harsh_brake,fresh,high,rain,0.66,restricted,False,medium,0,none,0.0,0.0,12.0,14.8,14.0,1.5,4.0,1,0,1,0,2.0,0.043,1.97,False,66,False,0.75,0.7,0.037,increasing,0.067,0
PM-SYN-065,2026-08-19T09:31:00+08:00,15m,18,15,normal_update,fresh,high,rain,0.66,restricted,False,medium,3,minor,0.333,0.2,14.67,15.07,18.0,2.65,6.0,1,0,1,0,2.0,0.133,2.0,False,68,False,0.75,0.7,0.067,increasing,0.078,0
PM-SYN-065,2026-08-19T09:33:00+08:00,15m,12,15,sharp_turn,fresh,high,rain,0.66,restricted,False,medium,0,none,0.333,0.2,14.67,14.2,18.0,2.71,-2.0,1,1,1,1,4.0,0.082,2.03,False,70,False,0.75,0.7,0.078,increasing,0.115,1
PM-SYN-065,2026-08-19T09:35:00+08:00,15m,11,15,harsh_brake,delayed,high,rain,0.66,restricted,False,medium,0,none,0.333,0.2,13.67,13.67,18.0,2.5,-7.0,2,1,2,1,6.0,0.125,2.07,False,0,False,0.75,0.7,0.115,increasing,0.194,1
PM-SYN-065,2026-08-19T09:37:00+08:00,15m,25,15,normal_update,fresh,high,rain,0.66,restricted,False,medium,10,minor,0.333,0.4,16.0,14.6,25.0,5.1,13.0,2,1,2,1,6.0,0.446,2.1,False,2,False,0.75,0.7,0.194,increasing,0.254,1
PM-SYN-065,2026-08-19T09:39:00+08:00,15m,9,15,normal_update,delayed,high,rain,0.66,restricted,False,medium,0,none,0.333,0.4,15.0,14.07,25.0,5.83,-2.0,1,1,1,1,6.0,0.0,2.13,False,4,False,0.75,0.7,0.254,decreasing,0.121,1
PM-SYN-065,2026-08-19T09:41:00+08:00,15m,19,15,normal_update,fresh,high,rain,0.66,restricted,False,medium,4,minor,0.667,0.4,17.67,14.4,25.0,5.95,-6.0,1,1,1,1,6.0,0.199,2.17,False,6,False,0.75,0.7,0.121,increasing,0.186,1
PM-SYN-065,2026-08-19T09:43:00+08:00,15m,15,15,normal_update,delayed,high,rain,0.66,restricted,False,medium,0,none,0.333,0.4,14.33,14.33,19.0,5.74,6.0,1,0,1,0,6.0,0.0,2.2,False,8,False,0.75,0.7,0.186,decreasing,0.087,1
PM-SYN-065,2026-08-19T09:45:00+08:00,15m,8,15,normal_update,fresh,high,rain,0.66,restricted,False,medium,0,none,0.333,0.4,14.0,14.0,19.0,6.34,-11.0,0,0,0,0,6.0,0.0,2.23,False,10,False,0.75,0.7,0.087,decreasing,0.046,1
PM-SYN-065,2026-08-19T09:47:00+08:00,15m,9,15,normal_update,delayed,high,rain,0.66,restricted,False,medium,0,none,0.0,0.2,10.67,13.8,15.0,4.29,-6.0,0,0,0,0,6.0,0.0,2.27,False,12,False,0.75,0.7,0.046,decreasing,0.076,0
PM-SYN-065,2026-08-19T09:49:00+08:00,15m,30,15,normal_update,fresh,high,rain,0.66,restricted,False,medium,15,moderate,0.333,0.4,15.67,14.6,30.0,7.98,22.0,0,0,0,0,6.0,0.524,2.3,False,14,False,0.75,0.7,0.076,increasing,0.087,0
PM-SYN-065,2026-08-19T09:51:00+08:00,15m,23,15,speeding,fresh,high,rain,0.66,restricted,False,medium,8,minor,0.667,0.4,20.67,15.27,30.0,8.41,14.0,0,0,0,0,8.0,0.233,2.33,False,16,False,0.75,0.7,0.087,increasing,0.153,1
PM-SYN-065,2026-08-19T09:53:00+08:00,15m,10,15,harsh_brake,fresh,high,rain,0.66,restricted,False,medium,0,none,0.667,0.4,21.0,15.0,30.0,8.88,-20.0,1,0,1,0,10.0,0.0,2.37,False,0,True,0.75,0.7,0.153,decreasing,0.196,1
PM-SYN-066,2026-08-19T06:43:00+08:00,15m,22,25,normal_update,fresh,medium,clear,0.6,caution,True,low,0,none,0.0,0.0,23.0,22.8,24.0,1.02,-2.0,0,0,0,0,2.0,0.0,0.5,True,999.0,False,0.25,0.35,0.158,decreasing,0.013,0
PM-SYN-066,2026-08-19T06:45:00+08:00,15m,21,25,normal_update,fresh,medium,clear,0.6,caution,True,low,0,none,0.0,0.0,22.0,22.4,23.0,1.17,-2.0,0,0,0,0,2.0,0.0,0.53,True,999.0,False,0.25,0.35,0.013,stable,0.019,0
PM-SYN-066,2026-08-19T06:47:00+08:00,15m,30,25,normal_update,delayed,medium,clear,0.6,caution,True,low,5,minor,0.333,0.2,24.33,22.93,30.0,3.16,8.0,0,0,0,0,2.0,0.181,0.57,True,999.0,False,0.25,0.35,0.019,increasing,0.034,1
PM-SYN-066,2026-08-19T06:49:00+08:00,15m,24,25,normal_update,fresh,medium,clear,0.6,caution,True,low,0,none,0.333,0.2,25.0,22.87,30.0,3.16,3.0,0,0,0,0,2.0,0.0,0.6,True,0,True,0.25,0.35,0.034,stable,0.053,1
PM-SYN-066,2026-08-19T06:51:00+08:00,15m,21,25,normal_update,fresh,medium,clear,0.6,caution,True,low,0,none,0.333,0.2,25.0,22.8,30.0,3.38,-9.0,0,0,0,0,2.0,0.0,0.63,True,2,True,0.25,0.35,0.053,decreasing,0.053,1
PM-SYN-066,2026-08-19T06:53:00+08:00,15m,24,25,normal_update,fresh,medium,clear,0.6,caution,True,low,0,none,0.0,0.2,23.0,22.8,24.0,3.29,0.0,0,0,0,0,2.0,0.0,0.67,True,4,True,0.25,0.35,0.053,decreasing,0.08,1
PM-SYN-066,2026-08-19T06:55:00+08:00,15m,22,25,normal_update,fresh,medium,clear,0.6,caution,True,low,0,none,0.0,0.2,22.33,22.87,24.0,3.12,1.0,0,0,0,0,2.0,0.0,0.7,True,6,True,0.25,0.35,0.08,decreasing,0.039,1
PM-SYN-066,2026-08-19T06:57:00+08:00,15m,20,25,normal_update,stale,medium,clear,0.6,caution,True,low,0,none,0.0,0.0,22.0,22.67,24.0,1.6,-4.0,0,0,0,0,0.0,0.0,0.73,True,0,True,0.25,0.35,0.039,stable,0.019,1
PM-SYN-066,2026-08-19T06:59:00+08:00,15m,20,25,normal_update,fresh,medium,clear,0.6,caution,True,low,0,none,0.0,0.0,20.67,22.27,22.0,1.5,-2.0,0,0,0,0,0.0,0.0,0.77,True,2,True,0.25,0.35,0.019,stable,0.058,1
PM-SYN-066,2026-08-19T07:01:00+08:00,15m,24,25,normal_update,fresh,medium,clear,0.6,caution,True,low,0,none,0.0,0.0,21.33,22.73,24.0,1.79,4.0,0,0,0,0,0.0,0.0,0.8,False,4,True,0.25,0.35,0.058,decreasing,0.017,1
PM-SYN-066,2026-08-19T07:03:00+08:00,15m,23,25,normal_update,fresh,medium,clear,0.6,caution,True,low,0,none,0.0,0.0,22.33,22.73,24.0,1.6,3.0,0,0,0,0,0.0,0.0,0.83,False,6,True,0.25,0.35,0.017,stable,0.04,1
PM-SYN-066,2026-08-19T07:05:00+08:00,15m,22,25,normal_update,fresh,medium,clear,0.6,caution,True,low,0,none,0.0,0.0,23.0,22.73,24.0,1.6,-2.0,0,0,0,0,0.0,0.0,0.87,False,8,True,0.25,0.35,0.04,decreasing,0.039,1
PM-SYN-066,2026-08-19T07:07:00+08:00,15m,24,25,normal_update,fresh,medium,clear,0.6,caution,True,low,0,none,0.0,0.0,23.0,22.93,24.0,1.5,1.0,0,0,0,0,0.0,0.0,0.9,False,10,True,0.25,0.35,0.039,stable,0.024,1
PM-SYN-066,2026-08-19T07:09:00+08:00,15m,33,25,normal_update,fresh,medium,clear,0.6,caution,True,low,8,minor,0.333,0.2,26.33,23.53,33.0,3.97,11.0,0,0,0,0,0.0,0.296,0.93,False,12,True,0.25,0.35,0.024,increasing,0.032,0
PM-SYN-066,2026-08-19T07:11:00+08:00,15m,30,25,normal_update,fresh,medium,clear,0.6,caution,True,low,5,minor,0.667,0.4,29.0,24.0,33.0,4.32,6.0,0,0,0,0,0.0,0.168,0.97,False,14,False,0.25,0.35,0.032,increasing,0.02,0
PM-SYN-066,2026-08-19T07:13:00+08:00,15m,30,25,speeding,fresh,medium,clear,0.6,caution,True,low,5,minor,1.0,0.6,31.0,24.53,33.0,4.12,-3.0,0,0,0,0,2.0,0.18,1.0,False,16,False,0.25,0.35,0.02,increasing,0.038,0
PM-SYN-066,2026-08-19T07:15:00+08:00,15m,30,25,normal_update,fresh,medium,clear,0.6,caution,True,low,5,minor,1.0,0.8,30.0,25.13,30.0,2.94,0.0,0,0,0,0,2.0,0.162,1.03,False,18,False,0.25,0.35,0.038,increasing,0.031,0
PM-SYN-066,2026-08-19T07:17:00+08:00,15m,21,25,normal_update,fresh,medium,clear,0.6,caution,True,low,0,none,0.667,0.8,27.0,24.53,30.0,4.07,-9.0,0,0,0,0,2.0,0.0,1.07,False,20,False,0.25,0.35,0.031,stable,0.059,0
PM-SYN-066,2026-08-19T07:19:00+08:00,15m,22,25,normal_update,fresh,medium,clear,0.6,caution,True,low,0,none,0.333,0.6,24.33,24.4,30.0,4.18,-8.0,0,0,0,0,2.0,0.0,1.1,False,22,False,0.25,0.35,0.059,decreasing,0.033,0
PM-SYN-066,2026-08-19T07:21:00+08:00,15m,27,25,normal_update,stale,medium,clear,0.6,caution,True,low,2,minor,0.333,0.6,23.33,24.8,27.0,3.85,6.0,0,0,0,0,2.0,0.047,1.13,False,24,False,0.25,0.35,0.033,increasing,0.03,0
PM-SYN-066,2026-08-19T07:23:00+08:00,15m,21,25,normal_update,fresh,medium,clear,0.6,caution,True,low,0,none,0.333,0.4,23.33,24.6,27.0,3.66,-1.0,0,0,0,0,2.0,0.0,1.17,False,26,False,0.25,0.35,0.03,stable,0.044,0
PM-SYN-066,2026-08-19T07:25:00+08:00,15m,25,25,normal_update,fresh,medium,clear,0.6,caution,True,low,0,none,0.333,0.2,24.33,24.8,27.0,2.4,-2.0,0,0,0,0,2.0,0.0,1.2,False,28,False,0.25,0.35,0.044,decreasing,0.015,0
PM-SYN-066,2026-08-19T07:27:00+08:00,15m,26,25,normal_update,stale,medium,clear,0.6,caution,True,low,1,minor,0.333,0.4,24.0,25.2,26.0,2.32,5.0,0,0,0,0,2.0,0.025,1.23,False,30,False,0.25,0.35,0.015,stable,0.018,0
PM-SYN-066,2026-08-19T07:29:00+08:00,15m,19,25,normal_update,fresh,medium,clear,0.6,caution,True,low,0,none,0.333,0.4,23.33,25.13,26.0,3.07,-6.0,0,0,0,0,2.0,0.0,1.27,False,32,False,0.25,0.35,0.018,stable,0.031,0
PM-SYN-066,2026-08-19T07:31:00+08:00,15m,30,25,normal_update,fresh,medium,clear,0.6,caution,True,low,5,minor,0.667,0.4,25.0,25.53,30.0,3.87,4.0,0,0,0,0,2.0,0.169,1.3,False,34,False,0.25,0.35,0.031,increasing,0.06,0
PM-SYN-066,2026-08-19T07:33:00+08:00,15m,34,25,normal_update,fresh,medium,clear,0.6,caution,True,low,9,minor,0.667,0.6,27.67,26.27,34.0,5.04,15.0,0,0,0,0,2.0,0.3,1.33,False,36,False,0.25,0.35,0.06,increasing,0.053,0
PM-SYN-066,2026-08-19T07:35:00+08:00,15m,18,25,normal_update,fresh,medium,clear,0.6,caution,True,low,0,none,0.667,0.6,27.33,26.0,34.0,6.18,-12.0,0,0,0,0,2.0,0.0,1.37,False,38,False,0.25,0.35,0.053,decreasing,0.052,0
PM-SYN-066,2026-08-19T07:37:00+08:00,15m,23,25,normal_update,fresh,medium,clear,0.6,caution,True,low,0,none,0.333,0.4,25.0,25.93,34.0,6.24,-11.0,0,0,0,0,2.0,0.0,1.4,False,40,False,0.25,0.35,0.052,decreasing,0.03,0
PM-SYN-066,2026-08-19T07:39:00+08:00,15m,24,25,sharp_turn,fresh,medium,clear,0.6,caution,True,low,0,none,0.0,0.4,21.67,25.33,24.0,5.6,6.0,0,1,0,1,4.0,0.05,1.43,False,42,False,0.25,0.35,0.03,increasing,0.061,0
PM-SYN-066,2026-08-19T07:41:00+08:00,15m,27,25,normal_update,fresh,medium,clear,0.6,caution,True,low,2,minor,0.333,0.4,24.67,25.13,27.0,5.27,4.0,0,1,0,1,4.0,0.099,1.47,False,44,False,0.25,0.35,0.061,increasing,0.063,0
PM-SYN-066,2026-08-19T07:43:00+08:00,15m,27,25,normal_update,delayed,medium,clear,0.6,caution,True,low,2,minor,0.667,0.4,26.0,24.93,27.0,3.31,3.0,0,1,0,1,2.0,0.097,1.5,False,46,False,0.25,0.35,0.063,increasing,0.06,0
PM-SYN-066,2026-08-19T07:45:00+08:00,15m,33,25,normal_update,fresh,medium,clear,0.6,caution,True,low,8,minor,1.0,0.6,29.0,25.13,33.0,3.49,6.0,0,1,0,1,2.0,0.34,1.53,False,48,False,0.25,0.35,0.06,increasing,0.062,0
PM-SYN-066,2026-08-19T07:47:00+08:00,15m,17,25,normal_update,fresh,medium,clear,0.6,caution,True,low,0,none,0.667,0.6,25.67,24.87,33.0,5.2,-10.0,0,1,0,1,2.0,0.018,1.57,False,50,False,0.25,0.35,0.062,stable,0.037,0
PM-SYN-066,2026-08-19T07:49:00+08:00,15m,21,25,normal_update,fresh,medium,clear,0.6,caution,True,low,0,none,0.333,0.6,23.67,24.8,33.0,5.51,-12.0,0,0,0,0,2.0,0.0,1.6,False,52,False,0.25,0.35,0.037,stable,0.062,0
PM-SYN-066,2026-08-19T07:51:00+08:00,15m,24,25,normal_update,fresh,medium,clear,0.6,caution,True,low,0,none,0.0,0.4,20.67,24.6,24.0,5.43,7.0,0,0,0,0,2.0,0.0,1.63,False,54,False,0.25,0.35,0.062,decreasing,0.05,0
PM-SYN-066,2026-08-19T07:53:00+08:00,15m,21,25,normal_update,fresh,medium,clear,0.6,caution,True,low,0,none,0.0,0.2,22.0,24.6,24.0,5.38,0.0,0,0,0,0,2.0,0.0,1.67,False,56,False,0.25,0.35,0.05,decreasing,0.026,0
PM-SYN-066,2026-08-19T07:55:00+08:00,15m,23,25,normal_update,fresh,medium,clear,0.6,caution,True,low,0,none,0.0,0.0,22.67,24.47,24.0,2.4,-1.0,0,0,0,0,2.0,0.0,1.7,False,58,False,0.25,0.35,0.026,stable,0.01,0
PM-SYN-066,2026-08-19T07:57:00+08:00,15m,21,25,normal_update,delayed,medium,clear,0.6,caution,True,low,0,none,0.0,0.0,21.67,24.13,23.0,1.26,0.0,0,0,0,0,2.0,0.0,1.73,False,60,False,0.25,0.35,0.01,stable,0.033,0
PM-SYN-066,2026-08-19T07:59:00+08:00,15m,23,25,normal_update,fresh,medium,clear,0.6,caution,True,low,0,none,0.0,0.0,22.33,24.4,23.0,1.2,0.0,0,0,0,0,2.0,0.0,1.77,False,62,False,0.25,0.35,0.033,stable,0.01,0
PM-SYN-066,2026-08-19T08:01:00+08:00,15m,21,25,normal_update,delayed,medium,clear,0.6,caution,True,low,0,none,0.0,0.0,21.67,23.8,23.0,0.98,0.0,0,0,0,0,2.0,0.0,1.8,False,64,False,0.25,0.35,0.01,stable,0.032,0
PM-SYN-066,2026-08-19T08:03:00+08:00,15m,35,25,speeding,fresh,medium,clear,0.6,caution,True,low,10,minor,0.333,0.2,26.33,23.87,35.0,5.28,12.0,0,0,0,0,4.0,0.368,1.83,False,66,False,0.25,0.35,0.032,increasing,0.061,0
PM-SYN-066,2026-08-19T08:05:00+08:00,15m,21,25,normal_update,fresh,medium,clear,0.6,caution,True,low,0,none,0.333,0.2,25.67,24.07,35.0,5.46,0.0,0,0,0,0,4.0,0.0,1.87,False,68,False,0.25,0.35,0.061,decreasing,0.015,0
PM-SYN-066,2026-08-19T08:07:00+08:00,15m,24,25,normal_update,fresh,medium,clear,0.6,caution,True,low,0,none,0.333,0.2,26.67,24.13,35.0,5.23,-11.0,0,0,0,0,4.0,0.0,1.9,False,70,False,0.25,0.35,0.015,stable,0.025,0
PM-SYN-066,2026-08-19T08:09:00+08:00,15m,22,25,stale_gps,stale,medium,clear,0.6,caution,True,low,0,none,0.0,0.2,22.33,24.0,24.0,5.31,1.0,0,0,0,0,4.0,0.0,1.93,False,72,False,0.25,0.35,0.025,stable,0.032,0
PM-SYN-066,2026-08-19T08:11:00+08:00,15m,23,25,normal_update,fresh,medium,clear,0.6,caution,True,low,0,none,0.0,0.2,23.0,23.73,24.0,5.1,-1.0,0,0,0,0,4.0,0.0,1.97,False,74,False,0.25,0.35,0.032,stable,0.049,0
PM-SYN-066,2026-08-19T08:13:00+08:00,15m,32,25,speeding,fresh,medium,clear,0.6,caution,True,low,7,minor,0.333,0.2,25.67,24.07,32.0,3.93,10.0,0,0,0,0,6.0,0.231,2.0,False,76,False,0.25,0.35,0.049,increasing,0.032,1
PM-SYN-066,2026-08-19T08:15:00+08:00,15m,22,25,normal_update,fresh,medium,clear,0.6,caution,True,low,0,none,0.333,0.2,25.67,23.33,32.0,3.77,-1.0,0,0,0,0,6.0,0.0,2.03,False,0,False,0.25,0.35,0.032,stable,0.041,1
PM-SYN-066,2026-08-19T08:17:00+08:00,15m,26,25,sharp_turn,fresh,medium,clear,0.6,caution,True,low,1,minor,0.667,0.4,26.67,23.93,32.0,3.79,-6.0,0,1,0,1,8.0,0.079,2.07,False,2,False,0.25,0.35,0.041,increasing,0.026,1
PM-SYN-066,2026-08-19T08:19:00+08:00,15m,24,25,normal_update,fresh,medium,clear,0.6,caution,True,low,0,none,0.333,0.4,24.0,24.13,26.0,3.56,2.0,0,1,0,1,8.0,0.054,2.1,False,4,False,0.25,0.35,0.026,increasing,0.026,0
PM-SYN-066,2026-08-19T08:21:00+08:00,15m,22,25,sharp_turn,fresh,medium,clear,0.6,caution,True,low,0,none,0.333,0.4,24.0,24.0,26.0,3.71,-4.0,0,2,0,2,10.0,0.134,2.13,False,6,False,0.25,0.35,0.026,increasing,0.094,0
PM-SYN-066,2026-08-19T08:23:00+08:00,15m,18,25,normal_update,fresh,medium,clear,0.6,caution,True,low,0,none,0.0,0.2,21.33,23.8,24.0,2.65,-6.0,0,2,0,2,10.0,0.066,2.17,False,8,False,0.25,0.35,0.094,increasing,0.043,0
PM-SYN-066,2026-08-19T08:25:00+08:00,15m,24,25,normal_update,fresh,medium,clear,0.6,caution,True,low,0,none,0.0,0.2,21.33,23.87,24.0,2.71,2.0,0,2,0,2,10.0,0.117,2.2,False,10,False,0.25,0.35,0.043,increasing,0.03,0
PM-SYN-066,2026-08-19T08:27:00+08:00,15m,34,25,speeding,fresh,medium,clear,0.6,caution,True,low,9,minor,0.333,0.2,25.33,24.73,34.0,5.28,16.0,0,1,0,1,12.0,0.41,2.23,False,12,False,0.25,0.35,0.03,increasing,0.079,0
PM-SYN-066,2026-08-19T08:29:00+08:00,15m,33,25,normal_update,fresh,medium,clear,0.6,caution,True,low,8,minor,0.667,0.4,30.33,25.4,34.0,6.27,9.0,0,1,0,1,12.0,0.321,2.27,False,14,False,0.25,0.35,0.079,increasing,0.052,0
PM-SYN-066,2026-08-19T08:31:00+08:00,15m,20,25,normal_update,fresh,medium,clear,0.6,caution,True,low,0,none,0.667,0.4,29.0,25.33,34.0,6.58,-14.0,0,0,0,0,12.0,0.0,2.3,False,16,False,0.25,0.35,0.052,decreasing,0.032,0
PM-SYN-066,2026-08-19T08:33:00+08:00,15m,30,25,normal_update,fresh,medium,clear,0.6,caution,True,low,5,minor,0.667,0.6,27.67,25.0,33.0,5.38,-3.0,0,0,0,0,10.0,0.168,2.33,False,18,False,0.25,0.35,0.032,increasing,0.041,0
PM-SYN-066,2026-08-19T08:35:00+08:00,15m,24,25,normal_update,stale,medium,clear,0.6,caution,True,low,0,none,0.333,0.6,24.67,25.2,30.0,5.38,4.0,0,0,0,0,10.0,0.0,2.37,False,20,False,0.25,0.35,0.041,decreasing,0.041,0
PM-SYN-067,2026-08-19T06:33:00+08:00,15m,12,15,normal_update,delayed,medium,clear,0.6,caution,True,low,0,none,0.0,0.0,12.67,12.93,15.0,2.87,1.0,0,1,0,1,6.0,0.0,0.5,True,999.0,False,0.25,0.35,0.138,decreasing,0.033,0
PM-SYN-067,2026-08-19T06:35:00+08:00,15m,15,15,normal_update,fresh,medium,clear,0.6,caution,True,low,0,none,0.0,0.0,14.0,13.2,15.0,2.97,0.0,0,0,0,0,6.0,0.0,0.53,True,999.0,False,0.25,0.35,0.033,stable,0.04,0
PM-SYN-067,2026-08-19T06:37:00+08:00,15m,12,15,normal_update,fresh,medium,clear,0.6,caution,True,low,0,none,0.0,0.0,13.0,13.13,15.0,1.67,0.0,0,0,0,0,6.0,0.0,0.57,True,999.0,False,0.25,0.35,0.04,decreasing,0.032,0
PM-SYN-067,2026-08-19T06:39:00+08:00,15m,27,15,normal_update,delayed,medium,clear,0.6,caution,True,low,12,moderate,0.333,0.2,18.0,14.0,27.0,5.56,12.0,0,0,0,0,6.0,0.448,0.6,True,999.0,False,0.25,0.35,0.032,increasing,0.057,1
PM-SYN-067,2026-08-19T06:41:00+08:00,15m,13,15,normal_update,delayed,medium,clear,0.6,caution,True,low,0,none,0.333,0.2,17.33,13.93,27.0,5.71,1.0,0,0,0,0,6.0,0.0,0.63,True,0,False,0.25,0.35,0.057,decreasing,0.019,1
PM-SYN-067,2026-08-19T06:43:00+08:00,15m,11,15,normal_update,delayed,medium,clear,0.6,caution,True,low,0,none,0.333,0.2,17.0,13.47,27.0,5.85,-16.0,0,0,0,0,6.0,0.0,0.67,True,2,False,0.25,0.35,0.019,stable,0.041,0
PM-SYN-067,2026-08-19T06:45:00+08:00,15m,26,15,normal_update,fresh,medium,clear,0.6,caution,True,low,11,moderate,0.333,0.4,16.67,14.6,26.0,7.14,13.0,0,0,0,0,4.0,0.399,0.7,True,4,False,0.25,0.35,0.041,increasing,0.061,0
PM-SYN-067,2026-08-19T06:47:00+08:00,15m,11,15,stale_gps,stale,medium,clear,0.6,caution,True,low,0,none,0.333,0.4,16.0,14.27,26.0,7.31,0.0,0,0,0,0,6.0,0.0,0.73,True,6,False,0.25,0.35,0.061,decreasing,0.041,0
PM-SYN-067,2026-08-19T06:49:00+08:00,15m,7,15,sharp_turn,fresh,medium,clear,0.6,caution,True,low,0,none,0.333,0.2,14.67,13.93,26.0,6.5,-19.0,0,1,0,1,8.0,0.039,0.77,True,8,False,0.25,0.35,0.041,stable,0.071,0
PM-SYN-067,2026-08-19T06:51:00+08:00,15m,13,15,normal_update,fresh,medium,clear,0.6,caution,True,low,0,none,0.0,0.2,10.33,13.87,13.0,6.5,2.0,0,1,0,1,8.0,0.009,0.8,True,10,False,0.25,0.35,0.071,stable,0.026,0
PM-SYN-067,2026-08-19T06:53:00+08:00,15m,21,15,stale_gps,stale,medium,clear,0.6,caution,True,low,6,minor,0.333,0.4,13.67,13.93,21.0,6.92,14.0,0,1,0,1,8.0,0.294,0.83,True,12,False,0.25,0.35,0.026,increasing,0.058,0
PM-SYN-067,2026-08-19T06:55:00+08:00,15m,14,15,normal_update,fresh,medium,clear,0.6,caution,True,low,0,none,0.333,0.2,16.0,14.33,21.0,4.58,1.0,0,1,0,1,6.0,0.022,0.87,True,14,False,0.25,0.35,0.058,stable,0.058,0
PM-SYN-067,2026-08-19T06:57:00+08:00,15m,10,15,normal_update,delayed,medium,clear,0.6,caution,True,low,0,none,0.333,0.2,15.0,14.53,21.0,4.69,-11.0,0,1,0,1,6.0,0.022,0.9,True,16,False,0.25,0.35,0.058,stable,0.072,0
PM-SYN-067,2026-08-19T06:59:00+08:00,15m,17,15,normal_update,fresh,medium,clear,0.6,caution,True,low,2,minor,0.333,0.4,13.67,14.93,17.0,3.74,3.0,0,0,0,0,6.0,0.008,0.93,True,18,False,0.25,0.35,0.072,stable,0.057,0
PM-SYN-067,2026-08-19T07:01:00+08:00,15m,10,15,normal_update,fresh,medium,clear,0.6,caution,True,low,0,none,0.333,0.4,12.33,14.6,17.0,4.22,0.0,0,0,0,0,6.0,0.0,0.97,False,20,False,0.25,0.35,0.057,decreasing,0.02,0
PM-SYN-067,2026-08-19T07:03:00+08:00,15m,15,15,normal_update,delayed,medium,clear,0.6,caution,True,low,0,none,0.333,0.2,14.0,14.8,17.0,2.79,-2.0,0,0,0,0,6.0,0.0,1.0,False,22,False,0.25,0.35,0.02,stable,0.023,0
PM-SYN-067,2026-08-19T07:05:00+08:00,15m,18,15,normal_update,fresh,medium,clear,0.6,caution,True,low,3,minor,0.333,0.4,14.33,15.0,18.0,3.41,8.0,0,0,0,0,6.0,0.097,1.03,False,24,False,0.25,0.35,0.023,increasing,0.031,0
PM-SYN-067,2026-08-19T07:07:00+08:00,15m,13,15,normal_update,fresh,medium,clear,0.6,caution,True,low,0,none,0.333,0.4,15.33,15.07,18.0,2.87,-2.0,0,0,0,0,6.0,0.0,1.07,False,26,False,0.25,0.35,0.031,stable,0.052,0
PM-SYN-067,2026-08-19T07:09:00+08:00,15m,17,15,normal_update,fresh,medium,clear,0.6,caution,True,low,2,minor,0.667,0.4,16.0,14.4,18.0,2.87,-1.0,0,0,0,0,6.0,0.028,1.1,False,28,False,0.25,0.35,0.052,stable,0.035,0
PM-SYN-067,2026-08-19T07:11:00+08:00,15m,16,15,sharp_turn,fresh,medium,clear,0.6,caution,True,low,1,minor,0.667,0.6,15.33,14.6,17.0,1.72,3.0,0,1,0,1,8.0,0.085,1.13,False,30,False,0.25,0.35,0.035,increasing,0.057,0
PM-SYN-067,2026-08-19T07:13:00+08:00,15m,21,15,normal_update,delayed,medium,clear,0.6,caution,True,low,6,minor,1.0,0.8,18.0,15.27,21.0,2.61,4.0,0,1,0,1,8.0,0.263,1.17,False,32,False,0.25,0.35,0.057,increasing,0.083,0
PM-SYN-067,2026-08-19T07:15:00+08:00,15m,21,15,normal_update,fresh,medium,clear,0.6,caution,True,low,6,minor,1.0,0.8,19.33,14.93,21.0,3.07,5.0,0,1,0,1,8.0,0.237,1.2,False,34,False,0.25,0.35,0.083,increasing,0.073,0
PM-SYN-067,2026-08-19T07:17:00+08:00,15m,24,15,speeding,fresh,medium,clear,0.6,caution,True,low,9,minor,1.0,1.0,22.0,15.8,24.0,2.93,3.0,0,1,0,1,8.0,0.367,1.23,False,36,False,0.25,0.35,0.073,increasing,0.142,0
PM-SYN-067,2026-08-19T07:19:00+08:00,15m,19,15,normal_update,fresh,medium,clear,0.6,caution,True,low,4,minor,1.0,1.0,21.33,16.6,24.0,2.64,-2.0,0,1,0,1,6.0,0.098,1.27,False,38,False,0.25,0.35,0.142,increasing,0.074,0
PM-SYN-067,2026-08-19T07:21:00+08:00,15m,13,15,normal_update,fresh,medium,clear,0.6,caution,True,low,0,none,0.667,0.8,18.67,16.6,24.0,3.67,-11.0,0,0,0,0,6.0,0.0,1.3,False,40,False,0.25,0.35,0.074,decreasing,0.036,0
PM-SYN-067,2026-08-19T07:23:00+08:00,15m,13,15,normal_update,fresh,medium,clear,0.6,caution,True,low,0,none,0.333,0.6,15.0,16.07,19.0,4.38,-6.0,0,0,0,0,4.0,0.0,1.33,False,42,False,0.25,0.35,0.036,stable,0.047,0
PM-SYN-067,2026-08-19T07:25:00+08:00,15m,15,15,normal_update,fresh,medium,clear,0.6,caution,True,low,0,none,0.0,0.4,13.67,16.13,15.0,4.21,2.0,0,0,0,0,4.0,0.0,1.37,False,44,False,0.25,0.35,0.047,decreasing,0.032,1
PM-SYN-067,2026-08-19T07:27:00+08:00,15m,11,15,normal_update,delayed,medium,clear,0.6,caution,True,low,0,none,0.0,0.2,13.0,16.2,15.0,2.71,-2.0,0,0,0,0,4.0,0.0,1.4,False,0,False,0.25,0.35,0.032,stable,0.025,1
PM-SYN-067,2026-08-19T07:29:00+08:00,15m,14,15,normal_update,fresh,medium,clear,0.6,caution,True,low,0,none,0.0,0.0,13.33,16.0,15.0,1.33,-1.0,0,0,0,0,4.0,0.0,1.43,False,2,False,0.25,0.35,0.025,stable,0.012,1
PM-SYN-067,2026-08-19T07:31:00+08:00,15m,11,15,normal_update,fresh,medium,clear,0.6,caution,True,low,0,none,0.0,0.0,12.0,16.07,14.0,1.6,0.0,0,0,0,0,4.0,0.0,1.47,False,4,False,0.25,0.35,0.012,stable,0.024,1
PM-SYN-067,2026-08-19T07:33:00+08:00,15m,11,15,normal_update,fresh,medium,clear,0.6,caution,True,low,0,none,0.0,0.0,12.0,15.8,14.0,1.74,-3.0,0,0,0,0,4.0,0.0,1.5,False,6,False,0.25,0.35,0.024,stable,0.016,1
PM-SYN-067,2026-08-19T07:35:00+08:00,15m,11,15,normal_update,delayed,medium,clear,0.6,caution,True,low,0,none,0.0,0.0,11.0,15.33,11.0,1.2,0.0,0,0,0,0,4.0,0.0,1.53,False,8,False,0.25,0.35,0.016,stable,0.018,0
PM-SYN-067,2026-08-19T07:37:00+08:00,15m,17,15,normal_update,fresh,medium,clear,0.6,caution,True,low,2,minor,0.333,0.2,13.0,15.6,17.0,2.4,6.0,0,0,0,0,4.0,0.062,1.57,False,10,False,0.25,0.35,0.018,increasing,0.045,0
PM-SYN-067,2026-08-19T07:39:00+08:00,15m,12,15,normal_update,fresh,medium,clear,0.6,caution,True,low,0,none,0.333,0.2,13.33,15.27,17.0,2.33,1.0,0,0,0,0,4.0,0.0,1.6,False,12,False,0.25,0.35,0.045,decreasing,0.018,0
PM-SYN-067,2026-08-19T07:41:00+08:00,15m,11,15,normal_update,fresh,medium,clear,0.6,caution,True,low,0,none,0.333,0.2,13.33,14.93,17.0,2.33,-6.0,0,0,0,0,2.0,0.0,1.63,False,14,False,0.25,0.35,0.018,stable,0.039,0
PM-SYN-067,2026-08-19T07:43:00+08:00,15m,10,15,normal_update,fresh,medium,clear,0.6,caution,True,low,0,none,0.0,0.2,11.0,14.2,12.0,2.48,-2.0,0,0,0,0,2.0,0.0,1.67,False,16,False,0.25,0.35,0.039,stable,0.039,0
PM-SYN-067,2026-08-19T07:45:00+08:00,15m,21,15,speeding,fresh,medium,clear,0.6,caution,True,low,6,minor,0.333,0.4,14.0,14.2,21.0,4.17,10.0,0,0,0,0,4.0,0.201,1.7,False,18,False,0.25,0.35,0.039,increasing,0.026,0
PM-SYN-067,2026-08-19T07:47:00+08:00,15m,20,15,sharp_turn,fresh,medium,clear,0.6,caution,True,low,5,minor,0.667,0.4,17.0,13.93,21.0,4.71,10.0,0,1,0,1,4.0,0.254,1.73,False,20,False,0.25,0.35,0.026,increasing,0.037,0
PM-SYN-067,2026-08-19T07:49:00+08:00,15m,14,15,normal_update,fresh,medium,clear,0.6,caution,True,low,0,none,0.667,0.4,18.33,13.6,21.0,4.53,-7.0,0,1,0,1,4.0,0.043,1.77,False,22,False,0.25,0.35,0.037,increasing,0.053,0
PM-SYN-067,2026-08-19T07:51:00+08:00,15m,11,15,normal_update,fresh,medium,clear,0.6,caution,True,low,0,none,0.333,0.4,15.0,13.47,20.0,4.53,-9.0,0,1,0,1,4.0,0.027,1.8,False,24,False,0.25,0.35,0.053,stable,0.064,0
PM-SYN-067,2026-08-19T07:53:00+08:00,15m,17,15,normal_update,fresh,medium,clear,0.6,caution,True,low,2,minor,0.333,0.6,14.0,13.73,17.0,3.72,3.0,0,1,0,1,4.0,0.096,1.83,False,26,False,0.25,0.35,0.064,increasing,0.055,0
PM-SYN-067,2026-08-19T07:55:00+08:00,15m,9,15,stale_gps,stale,medium,clear,0.6,caution,True,low,0,none,0.333,0.4,12.33,13.33,17.0,3.97,-2.0,0,1,0,1,6.0,0.025,1.87,False,28,False,0.25,0.35,0.055,stable,0.059,0
PM-SYN-067,2026-08-19T07:57:00+08:00,15m,14,15,normal_update,delayed,medium,clear,0.6,caution,True,low,0,none,0.333,0.2,13.33,13.53,17.0,2.76,-3.0,0,0,0,0,6.0,0.0,1.9,False,30,False,0.25,0.35,0.059,decreasing,0.018,0
PM-SYN-067,2026-08-19T07:59:00+08:00,15m,9,15,normal_update,fresh,medium,clear,0.6,caution,True,low,0,none,0.0,0.2,10.67,13.2,14.0,3.1,0.0,0,0,0,0,6.0,0.0,1.93,False,32,False,0.25,0.35,0.018,stable,0.023,0
PM-SYN-067,2026-08-19T08:01:00+08:00,15m,21,15,normal_update,fresh,medium,clear,0.6,caution,True,low,6,minor,0.333,0.4,14.67,13.87,21.0,4.65,7.0,0,0,0,0,6.0,0.217,1.97,False,34,False,0.25,0.35,0.023,increasing,0.035,0
PM-SYN-067,2026-08-19T08:03:00+08:00,15m,12,15,normal_update,delayed,medium,clear,0.6,caution,True,low,0,none,0.333,0.2,14.0,13.93,21.0,4.43,3.0,0,0,0,0,6.0,0.0,2.0,False,36,False,0.25,0.35,0.035,stable,0.031,0
PM-SYN-067,2026-08-19T08:05:00+08:00,15m,25,15,normal_update,fresh,medium,clear,0.6,caution,True,low,10,minor,0.667,0.4,19.33,14.87,25.0,5.91,4.0,0,0,0,0,6.0,0.369,2.03,False,38,False,0.25,0.35,0.031,increasing,0.054,0
PM-SYN-067,2026-08-19T08:07:00+08:00,15m,13,15,normal_update,fresh,medium,clear,0.6,caution,True,low,0,none,0.333,0.4,16.67,14.6,25.0,6.0,1.0,0,0,0,0,6.0,0.0,2.07,False,40,False,0.25,0.35,0.054,decreasing,0.027,0
PM-SYN-067,2026-08-19T08:09:00+08:00,15m,12,15,normal_update,fresh,medium,clear,0.6,caution,True,low,0,none,0.333,0.4,16.67,14.6,25.0,5.39,-13.0,0,0,0,0,6.0,0.0,2.1,False,42,False,0.25,0.35,0.027,stable,0.031,0
PM-SYN-067,2026-08-19T08:11:00+08:00,15m,23,15,normal_update,fresh,medium,clear,0.6,caution,True,low,8,minor,0.333,0.4,16.0,15.4,23.0,5.76,10.0,0,0,0,0,6.0,0.289,2.13,False,44,False,0.25,0.35,0.031,increasing,0.039,0
PM-SYN-067,2026-08-19T08:13:00+08:00,15m,21,15,speeding,fresh,medium,clear,0.6,caution,True,low,6,minor,0.667,0.6,18.67,16.13,23.0,5.31,9.0,0,0,0,0,8.0,0.201,2.17,False,46,False,0.25,0.35,0.039,increasing,0.044,0
PM-SYN-067,2026-08-19T08:15:00+08:00,15m,16,15,stale_gps,stale,medium,clear,0.6,caution,True,low,1,minor,1.0,0.6,20.0,15.8,23.0,4.34,-7.0,0,0,0,0,8.0,0.0,2.2,False,48,False,0.25,0.35,0.044,stable,0.044,0
PM-SYN-067,2026-08-19T08:17:00+08:00,15m,17,15,sharp_turn,fresh,medium,clear,0.6,caution,True,low,2,minor,1.0,0.8,18.0,15.6,21.0,3.87,-4.0,0,1,0,1,8.0,0.116,2.23,False,50,False,0.25,0.35,0.044,increasing,0.082,0
PM-SYN-067,2026-08-19T08:19:00+08:00,15m,15,15,normal_update,delayed,medium,clear,0.6,caution,True,low,0,none,0.667,0.8,16.0,15.67,17.0,3.07,-1.0,0,1,0,1,8.0,0.0,2.27,False,52,False,0.25,0.35,0.082,stable,0.056,0
PM-SYN-067,2026-08-19T08:21:00+08:00,15m,16,15,normal_update,fresh,medium,clear,0.6,caution,True,low,1,minor,0.667,0.8,16.0,16.0,17.0,2.1,-1.0,0,1,0,1,8.0,0.064,2.3,False,54,False,0.25,0.35,0.056,increasing,0.049,0
PM-SYN-067,2026-08-19T08:23:00+08:00,15m,12,15,normal_update,fresh,medium,clear,0.6,caution,True,low,0,none,0.333,0.6,14.33,15.67,16.0,1.72,-3.0,0,1,0,1,8.0,0.031,2.33,False,56,False,0.25,0.35,0.049,stable,0.074,0
PM-SYN-067,2026-08-19T08:25:00+08:00,15m,22,15,normal_update,fresh,medium,clear,0.6,caution,True,low,7,minor,0.667,0.6,16.67,16.53,22.0,3.26,6.0,0,1,0,1,6.0,0.286,2.37,False,58,False,0.25,0.35,0.074,increasing,0.04,0
PM-SYN-068,2026-08-19T07:04:00+08:00,15m,23,25,normal_update,fresh,medium,clear,0.6,caution,True,low,0,none,0.333,0.2,24.33,24.4,30.0,3.29,-7.0,0,1,0,1,4.0,0.0,0.5,False,999.0,False,0.25,0.35,0.222,decreasing,0.018,0
PM-SYN-068,2026-08-19T07:06:00+08:00,15m,31,25,speeding,delayed,medium,clear,0.6,caution,True,low,6,minor,0.333,0.4,24.67,25.0,31.0,4.32,11.0,0,1,0,1,6.0,0.302,0.53,False,999.0,False,0.25,0.35,0.018,increasing,0.032,0
PM-SYN-068,2026-08-19T07:08:00+08:00,15m,22,25,sharp_turn,fresh,medium,clear,0.6,caution,True,low,0,none,0.333,0.4,25.33,25.07,31.0,4.45,-1.0,0,1,0,1,8.0,0.048,0.57,False,999.0,False,0.25,0.35,0.032,increasing,0.042,0
PM-SYN-068,2026-08-19T07:10:00+08:00,15m,25,25,normal_update,fresh,medium,clear,0.6,caution,True,low,0,none,0.333,0.2,26.0,25.2,31.0,3.76,-6.0,0,1,0,1,8.0,0.038,0.6,False,999.0,False,0.25,0.35,0.042,stable,0.045,0
PM-SYN-068,2026-08-19T07:12:00+08:00,15m,26,25,sharp_turn,fresh,medium,clear,0.6,caution,True,low,1,minor,0.333,0.4,24.33,25.73,26.0,3.14,4.0,0,2,0,2,10.0,0.155,0.63,False,999.0,False,0.25,0.35,0.045,increasing,0.033,0
PM-SYN-068,2026-08-19T07:14:00+08:00,15m,32,25,normal_update,fresh,medium,clear,0.6,caution,True,low,7,minor,0.667,0.6,27.67,25.87,32.0,3.76,7.0,0,2,0,2,10.0,0.407,0.67,False,999.0,False,0.25,0.35,0.033,increasing,0.072,0
PM-SYN-068,2026-08-19T07:16:00+08:00,15m,22,25,normal_update,fresh,medium,clear,0.6,caution,True,low,0,none,0.667,0.4,26.67,25.53,32.0,3.67,-4.0,0,2,0,2,10.0,0.088,0.7,False,999.0,False,0.25,0.35,0.072,increasing,0.039,0
PM-SYN-068,2026-08-19T07:18:00+08:00,15m,25,25,normal_update,fresh,medium,clear,0.6,caution,True,low,0,none,0.333,0.4,26.33,25.8,32.0,3.29,-7.0,0,1,0,1,10.0,0.041,0.73,False,999.0,False,0.25,0.35,0.039,increasing,0.074,0
PM-SYN-068,2026-08-19T07:20:00+08:00,15m,18,25,normal_update,fresh,medium,clear,0.6,caution,True,low,0,none,0.0,0.4,21.67,24.73,25.0,4.63,-4.0,0,1,0,1,8.0,0.006,0.77,False,999.0,False,0.25,0.35,0.074,stable,0.058,1
PM-SYN-068,2026-08-19T07:22:00+08:00,15m,23,25,normal_update,fresh,medium,clear,0.6,caution,True,low,0,none,0.0,0.2,22.0,24.73,25.0,4.6,-2.0,0,0,0,0,8.0,0.0,0.8,False,0,False,0.25,0.35,0.058,decreasing,0.033,1
PM-SYN-068,2026-08-19T07:24:00+08:00,15m,22,25,normal_update,fresh,medium,clear,0.6,caution,True,low,0,none,0.0,0.0,21.0,24.4,23.0,2.28,4.0,0,0,0,0,8.0,0.0,0.83,False,2,False,0.25,0.35,0.033,stable,0.025,1
PM-SYN-068,2026-08-19T07:26:00+08:00,15m,23,25,normal_update,delayed,medium,clear,0.6,caution,True,low,0,none,0.0,0.0,22.67,24.33,23.0,2.32,0.0,0,0,0,0,8.0,0.0,0.87,False,4,False,0.25,0.35,0.025,stable,0.023,1
PM-SYN-068,2026-08-19T07:28:00+08:00,15m,20,25,normal_update,fresh,medium,clear,0.6,caution,True,low,0,none,0.0,0.0,21.67,24.13,23.0,1.94,-2.0,0,0,0,0,6.0,0.0,0.9,False,6,False,0.25,0.35,0.023,stable,0.019,0
PM-SYN-068,2026-08-19T07:30:00+08:00,15m,22,25,normal_update,fresh,medium,clear,0.6,caution,True,low,0,none,0.0,0.0,21.67,23.6,23.0,1.1,-1.0,0,0,0,0,6.0,0.0,0.93,False,8,False,0.25,0.35,0.019,stable,0.019,0
PM-SYN-068,2026-08-19T07:32:00+08:00,15m,20,25,normal_update,delayed,medium,clear,0.6,caution,True,low,0,none,0.0,0.0,20.67,23.6,22.0,1.2,0.0,0,0,0,0,6.0,0.0,0.97,False,10,False,0.25,0.35,0.019,stable,0.01,0
PM-SYN-068,2026-08-19T07:34:00+08:00,15m,31,25,speeding,delayed,medium,clear,0.6,caution,True,low,6,minor,0.333,0.2,24.33,24.13,31.0,4.07,9.0,0,0,0,0,8.0,0.23,1.0,False,12,False,0.25,0.35,0.01,increasing,0.025,0
PM-SYN-068,2026-08-19T07:36:00+08:00,15m,18,25,normal_update,delayed,medium,clear,0.6,caution,True,low,0,none,0.333,0.2,23.0,23.27,31.0,4.58,-2.0,0,0,0,0,6.0,0.0,1.03,False,14,False,0.25,0.35,0.025,stable,0.025,0
PM-SYN-068,2026-08-19T07:38:00+08:00,15m,23,25,normal_update,fresh,medium,clear,0.6,caution,True,low,0,none,0.333,0.2,24.0,23.33,31.0,4.45,-8.0,0,0,0,0,4.0,0.0,1.07,False,16,False,0.25,0.35,0.025,stable,0.045,0
PM-SYN-068,2026-08-19T07:40:00+08:00,15m,20,25,normal_update,delayed,medium,clear,0.6,caution,True,low,0,none,0.0,0.2,20.33,23.0,23.0,4.59,2.0,0,0,0,0,4.0,0.0,1.1,False,18,False,0.25,0.35,0.045,decreasing,0.015,0
PM-SYN-068,2026-08-19T07:42:00+08:00,15m,24,25,normal_update,fresh,medium,clear,0.6,caution,True,low,0,none,0.0,0.2,22.33,22.87,24.0,4.45,1.0,0,0,0,0,2.0,0.0,1.13,False,20,False,0.25,0.35,0.015,stable,0.045,0
PM-SYN-068,2026-08-19T07:44:00+08:00,15m,24,25,normal_update,fresh,medium,clear,0.6,caution,True,low,0,none,0.0,0.0,22.67,22.33,24.0,2.4,4.0,0,0,0,0,2.0,0.0,1.17,False,22,False,0.25,0.35,0.045,decreasing,0.01,0
PM-SYN-068,2026-08-19T07:46:00+08:00,15m,24,25,normal_update,fresh,medium,clear,0.6,caution,True,low,0,none,0.0,0.0,24.0,22.47,24.0,1.55,0.0,0,0,0,0,2.0,0.0,1.2,False,24,False,0.25,0.35,0.01,stable,0.032,0
PM-SYN-068,2026-08-19T07:48:00+08:00,15m,21,25,normal_update,delayed,medium,clear,0.6,caution,True,low,0,none,0.0,0.0,23.0,22.2,24.0,1.74,-3.0,0,0,0,0,2.0,0.0,1.23,False,26,False,0.25,0.35,0.032,stable,0.018,0
PM-SYN-068,2026-08-19T07:50:00+08:00,15m,21,25,normal_update,fresh,medium,clear,0.6,caution,True,low,0,none,0.0,0.0,22.0,22.4,24.0,1.47,-3.0,0,0,0,0,2.0,0.0,1.27,False,28,False,0.25,0.35,0.018,stable,0.028,0
PM-SYN-068,2026-08-19T07:52:00+08:00,15m,30,25,speeding,fresh,medium,clear,0.6,caution,True,low,5,minor,0.333,0.2,24.0,22.87,30.0,3.29,9.0,0,0,0,0,4.0,0.172,1.3,False,30,False,0.25,0.35,0.028,increasing,0.046,0
PM-SYN-068,2026-08-19T07:54:00+08:00,15m,20,25,normal_update,fresh,medium,clear,0.6,caution,True,low,0,none,0.333,0.2,23.67,22.73,30.0,3.66,-1.0,0,0,0,0,4.0,0.0,1.33,False,32,False,0.25,0.35,0.046,decreasing,0.017,0
PM-SYN-068,2026-08-19T07:56:00+08:00,15m,30,25,normal_update,fresh,medium,clear,0.6,caution,True,low,5,minor,0.667,0.4,26.67,23.2,30.0,4.59,0.0,0,0,0,0,4.0,0.183,1.37,False,34,False,0.25,0.35,0.017,increasing,0.061,0
PM-SYN-068,2026-08-19T07:58:00+08:00,15m,30,25,normal_update,fresh,medium,clear,0.6,caution,True,low,5,minor,0.667,0.6,26.67,23.87,30.0,4.66,10.0,0,0,0,0,4.0,0.139,1.4,False,36,False,0.25,0.35,0.061,increasing,0.043,0
PM-SYN-068,2026-08-19T08:00:00+08:00,15m,29,25,normal_update,fresh,medium,clear,0.6,caution,True,low,4,minor,1.0,0.8,29.67,24.33,30.0,3.92,-1.0,0,0,0,0,4.0,0.117,1.43,False,38,False,0.25,0.35,0.043,increasing,0.043,0
PM-SYN-068,2026-08-19T08:02:00+08:00,15m,21,25,normal_update,delayed,medium,clear,0.6,caution,True,low,0,none,0.667,0.6,26.67,24.4,30.0,4.52,-9.0,0,0,0,0,4.0,0.0,1.47,False,40,False,0.25,0.35,0.043,decreasing,0.055,0
PM-SYN-068,2026-08-19T08:04:00+08:00,15m,32,25,speeding,fresh,medium,clear,0.6,caution,True,low,7,minor,0.667,0.8,27.33,24.47,32.0,3.83,3.0,0,0,0,0,4.0,0.225,1.5,False,42,False,0.25,0.35,0.055,increasing,0.083,0
PM-SYN-068,2026-08-19T08:06:00+08:00,15m,25,25,normal_update,delayed,medium,clear,0.6,caution,True,low,0,none,0.333,0.6,26.0,24.93,32.0,3.93,4.0,0,0,0,0,4.0,0.0,1.53,False,44,False,0.25,0.35,0.083,decreasing,0.038,0
PM-SYN-068,2026-08-19T08:08:00+08:00,15m,17,25,normal_update,fresh,medium,clear,0.6,caution,True,low,0,none,0.333,0.4,24.67,24.53,32.0,5.38,-15.0,0,0,0,0,4.0,0.0,1.57,False,46,False,0.25,0.35,0.038,stable,0.042,0
PM-SYN-068,2026-08-19T08:10:00+08:00,15m,22,25,normal_update,fresh,medium,clear,0.6,caution,True,low,0,none,0.0,0.2,21.33,24.67,25.0,5.0,-3.0,0,0,0,0,4.0,0.0,1.6,False,48,False,0.25,0.35,0.042,decreasing,0.033,0
PM-SYN-068,2026-08-19T08:12:00+08:00,15m,24,25,normal_update,delayed,medium,clear,0.6,caution,True,low,0,none,0.0,0.2,21.0,24.67,24.0,4.86,7.0,0,0,0,0,4.0,0.0,1.63,False,50,False,0.25,0.35,0.033,stable,0.016,0
PM-SYN-068,2026-08-19T08:14:00+08:00,15m,24,25,normal_update,fresh,medium,clear,0.6,caution,True,low,0,none,0.0,0.0,23.33,24.67,24.0,2.87,2.0,0,0,0,0,4.0,0.0,1.67,False,52,False,0.25,0.35,0.016,stable,0.02,0
PM-SYN-068,2026-08-19T08:16:00+08:00,15m,22,25,normal_update,fresh,medium,clear,0.6,caution,True,low,0,none,0.0,0.0,23.33,24.53,24.0,2.56,-2.0,0,0,0,0,4.0,0.0,1.7,False,54,False,0.25,0.35,0.02,stable,0.027,0
PM-SYN-068,2026-08-19T08:18:00+08:00,15m,34,25,speeding,delayed,medium,clear,0.6,caution,True,low,9,minor,0.333,0.2,26.67,25.4,34.0,4.49,10.0,0,0,0,0,6.0,0.333,1.73,False,56,False,0.25,0.35,0.027,increasing,0.025,0
PM-SYN-068,2026-08-19T08:20:00+08:00,15m,30,25,normal_update,fresh,medium,clear,0.6,caution,True,low,5,minor,0.667,0.4,28.67,26.0,34.0,4.49,8.0,0,0,0,0,6.0,0.175,1.77,False,58,False,0.25,0.35,0.025,increasing,0.059,0
PM-SYN-068,2026-08-19T08:22:00+08:00,15m,21,25,normal_update,fresh,medium,clear,0.6,caution,True,low,0,none,0.667,0.4,28.33,25.4,34.0,5.0,-13.0,0,0,0,0,4.0,0.0,1.8,False,60,False,0.25,0.35,0.059,decreasing,0.034,0
PM-SYN-068,2026-08-19T08:24:00+08:00,15m,19,25,normal_update,fresh,medium,clear,0.6,caution,True,low,0,none,0.333,0.4,23.33,25.33,30.0,5.78,-11.0,0,0,0,0,4.0,0.0,1.83,False,62,False,0.25,0.35,0.034,stable,0.035,0
PM-SYN-068,2026-08-19T08:26:00+08:00,15m,30,25,normal_update,fresh,medium,clear,0.6,caution,True,low,5,minor,0.333,0.6,23.33,25.33,30.0,5.78,9.0,0,0,0,0,4.0,0.165,1.87,False,64,False,0.25,0.35,0.035,increasing,0.068,0
PM-SYN-068,2026-08-19T08:28:00+08:00,15m,21,25,normal_update,fresh,medium,clear,0.6,caution,True,low,0,none,0.333,0.4,23.33,24.73,30.0,4.79,2.0,0,0,0,0,4.0,0.0,1.9,False,66,False,0.25,0.35,0.068,decreasing,0.018,0
PM-SYN-068,2026-08-19T08:30:00+08:00,15m,22,25,normal_update,fresh,medium,clear,0.6,caution,True,low,0,none,0.333,0.2,24.33,24.27,30.0,3.83,-8.0,0,0,0,0,4.0,0.0,1.93,False,68,False,0.25,0.35,0.018,stable,0.021,0
PM-SYN-068,2026-08-19T08:32:00+08:00,15m,19,25,normal_update,fresh,medium,clear,0.6,caution,True,low,0,none,0.0,0.2,20.67,24.13,22.0,4.07,-2.0,0,0,0,0,4.0,0.0,1.97,False,70,False,0.25,0.35,0.021,stable,0.024,0
PM-SYN-068,2026-08-19T08:34:00+08:00,15m,21,25,normal_update,stale,medium,clear,0.6,caution,True,low,0,none,0.0,0.2,20.67,23.4,22.0,3.83,-1.0,0,0,0,0,2.0,0.0,2.0,False,72,False,0.25,0.35,0.024,stable,0.03,0
PM-SYN-068,2026-08-19T08:36:00+08:00,15m,26,25,normal_update,fresh,medium,clear,0.6,caution,True,low,1,minor,0.333,0.2,22.0,23.47,26.0,2.32,7.0,0,0,0,0,2.0,0.01,2.03,False,74,False,0.25,0.35,0.03,stable,0.038,1
PM-SYN-068,2026-08-19T08:38:00+08:00,15m,32,25,sharp_turn,fresh,medium,clear,0.6,caution,True,low,7,minor,0.667,0.4,26.33,24.47,32.0,4.6,11.0,0,1,0,1,4.0,0.322,2.07,False,0,False,0.25,0.35,0.038,increasing,0.094,1
PM-SYN-068,2026-08-19T08:40:00+08:00,15m,27,25,normal_update,fresh,medium,clear,0.6,caution,True,low,2,minor,1.0,0.6,28.33,24.8,32.0,4.6,1.0,0,1,0,1,4.0,0.066,2.1,False,2,False,0.25,0.35,0.094,increasing,0.036,1
PM-SYN-068,2026-08-19T08:42:00+08:00,15m,25,25,normal_update,fresh,medium,clear,0.6,caution,True,low,0,none,0.667,0.6,28.0,24.87,32.0,3.54,-7.0,0,1,0,1,4.0,0.044,2.13,False,4,False,0.25,0.35,0.036,increasing,0.057,1
PM-SYN-068,2026-08-19T08:44:00+08:00,15m,25,25,normal_update,fresh,medium,clear,0.6,caution,True,low,0,none,0.333,0.6,25.67,24.93,27.0,2.61,-2.0,0,1,0,1,4.0,0.023,2.17,False,6,False,0.25,0.35,0.057,stable,0.032,1
PM-SYN-068,2026-08-19T08:46:00+08:00,15m,22,25,stale_gps,stale,medium,clear,0.6,caution,True,low,0,none,0.0,0.4,24.0,24.93,25.0,3.31,-3.0,0,1,0,1,6.0,0.048,2.2,False,0,False,0.25,0.35,0.032,increasing,0.028,1
PM-SYN-068,2026-08-19T08:48:00+08:00,15m,23,25,normal_update,fresh,medium,clear,0.6,caution,True,low,0,none,0.0,0.2,23.33,24.2,25.0,1.74,-2.0,0,0,0,0,4.0,0.0,2.23,False,2,False,0.25,0.35,0.028,stable,0.015,1
PM-SYN-068,2026-08-19T08:50:00+08:00,15m,26,25,normal_update,fresh,medium,clear,0.6,caution,True,low,1,minor,0.333,0.2,23.67,23.93,26.0,1.47,4.0,0,0,0,0,4.0,0.025,2.27,False,4,False,0.25,0.35,0.015,stable,0.023,1
PM-SYN-068,2026-08-19T08:52:00+08:00,15m,23,25,sharp_turn,fresh,medium,clear,0.6,caution,True,low,0,none,0.333,0.2,24.0,24.07,26.0,1.47,0.0,0,1,0,1,6.0,0.057,2.3,False,6,False,0.25,0.35,0.023,increasing,0.022,1
PM-SYN-068,2026-08-19T08:54:00+08:00,15m,29,25,normal_update,fresh,medium,clear,0.6,caution,True,low,4,minor,0.667,0.4,26.0,24.73,29.0,2.58,3.0,0,1,0,1,6.0,0.218,2.33,False,8,False,0.25,0.35,0.022,increasing,0.043,1
PM-SYN-068,2026-08-19T08:56:00+08:00,15m,25,25,normal_update,stale,medium,clear,0.6,caution,True,low,0,none,0.333,0.4,25.67,24.4,29.0,2.23,2.0,0,1,0,1,6.0,0.037,2.37,False,10,False,0.25,0.35,0.043,stable,0.025,1
PM-SYN-069,2026-08-19T09:14:00+08:00,15m,31,25,speeding,fresh,medium,clear,0.78,wharf,False,high,6,minor,0.667,0.6,28.0,25.27,31.0,4.96,8.0,0,0,0,0,4.0,0.0,0.5,False,999.0,False,0.25,1.0,0.292,decreasing,0.19,0
PM-SYN-069,2026-08-19T09:16:00+08:00,15m,26,25,normal_update,fresh,medium,clear,0.78,wharf,False,high,1,minor,1.0,0.8,29.0,25.6,31.0,4.15,-4.0,0,0,0,0,4.0,0.0,0.53,False,999.0,False,0.25,1.0,0.19,decreasing,0.192,0
PM-SYN-069,2026-08-19T09:18:00+08:00,15m,23,25,normal_update,fresh,medium,clear,0.78,wharf,False,high,0,none,0.667,0.6,26.67,25.47,31.0,3.38,-8.0,0,0,0,0,4.0,0.0,0.57,False,999.0,False,0.25,1.0,0.192,decreasing,0.057,0
PM-SYN-069,2026-08-19T09:20:00+08:00,15m,22,25,normal_update,delayed,medium,clear,0.78,wharf,False,high,0,none,0.333,0.6,23.67,25.53,26.0,3.61,-4.0,0,0,0,0,4.0,0.0,0.6,False,999.0,False,0.25,1.0,0.057,decreasing,0.109,1
PM-SYN-069,2026-08-19T09:22:00+08:00,15m,25,25,normal_update,fresh,medium,clear,0.78,wharf,False,high,0,none,0.0,0.4,23.33,25.47,25.0,3.14,2.0,0,0,0,0,4.0,0.0,0.63,False,0,True,0.25,1.0,0.109,decreasing,0.173,1
PM-SYN-069,2026-08-19T09:24:00+08:00,15m,24,25,sharp_turn,delayed,medium,clear,0.78,wharf,False,high,0,none,0.0,0.2,23.67,25.4,25.0,1.41,2.0,0,1,0,1,6.0,0.0,0.67,False,2,True,0.25,1.0,0.173,decreasing,0.089,1
PM-SYN-069,2026-08-19T09:26:00+08:00,15m,23,25,normal_update,fresh,medium,clear,0.78,wharf,False,high,0,none,0.0,0.0,24.0,25.13,25.0,1.02,-2.0,0,1,0,1,6.0,0.0,0.7,False,4,True,0.25,1.0,0.089,stable,0.139,1
PM-SYN-069,2026-08-19T09:28:00+08:00,15m,27,25,normal_update,fresh,medium,clear,0.78,wharf,False,high,2,minor,0.333,0.2,24.67,25.2,27.0,1.72,3.0,0,1,0,1,6.0,0.021,0.73,False,6,True,0.25,1.0,0.139,stable,0.159,1
PM-SYN-069,2026-08-19T09:30:00+08:00,15m,22,25,normal_update,fresh,medium,clear,0.78,wharf,False,high,0,none,0.333,0.2,24.0,25.13,27.0,1.72,-1.0,0,1,0,1,6.0,0.0,0.77,False,8,True,0.25,1.0,0.159,decreasing,0.144,1
PM-SYN-069,2026-08-19T09:32:00+08:00,15m,22,25,normal_update,fresh,medium,clear,0.78,wharf,False,high,0,none,0.333,0.2,23.67,25.33,27.0,1.85,-5.0,0,1,0,1,6.0,0.0,0.8,False,10,True,0.25,1.0,0.144,decreasing,0.113,1
PM-SYN-069,2026-08-19T09:34:00+08:00,15m,22,25,normal_update,fresh,medium,clear,0.78,wharf,False,high,0,none,0.0,0.2,22.0,25.13,22.0,1.94,0.0,0,0,0,0,6.0,0.0,0.83,False,12,True,0.25,1.0,0.113,decreasing,0.073,1
PM-SYN-069,2026-08-19T09:36:00+08:00,15m,26,25,normal_update,fresh,medium,clear,0.78,wharf,False,high,1,minor,0.333,0.4,23.33,25.4,26.0,2.23,4.0,0,0,0,0,6.0,0.0,0.87,False,14,False,0.25,1.0,0.073,stable,0.071,0
PM-SYN-069,2026-08-19T09:38:00+08:00,15m,26,25,normal_update,fresh,medium,clear,0.78,wharf,False,high,1,minor,0.667,0.4,24.67,24.8,26.0,1.96,4.0,0,0,0,0,4.0,0.0,0.9,False,16,False,0.25,1.0,0.071,stable,0.124,1
PM-SYN-069,2026-08-19T09:40:00+08:00,15m,26,25,normal_update,fresh,medium,clear,0.78,wharf,False,high,1,minor,1.0,0.6,26.0,25.0,26.0,1.96,0.0,0,0,0,0,4.0,0.0,0.93,False,0,False,0.25,1.0,0.124,decreasing,0.164,1
PM-SYN-069,2026-08-19T09:42:00+08:00,15m,29,25,normal_update,fresh,medium,clear,0.78,wharf,False,high,4,minor,1.0,0.8,27.0,24.93,29.0,2.23,3.0,0,0,0,0,4.0,0.0,0.97,False,2,False,0.25,1.0,0.164,stable,0.085,1
PM-SYN-069,2026-08-19T09:44:00+08:00,15m,24,25,normal_update,fresh,medium,clear,0.78,wharf,False,high,0,none,0.667,0.8,26.33,24.47,29.0,1.6,-2.0,0,0,0,0,2.0,0.0,1.0,False,4,False,0.25,1.0,0.085,decreasing,0.162,1
PM-SYN-069,2026-08-19T09:46:00+08:00,15m,18,25,normal_update,fresh,medium,clear,0.78,wharf,False,high,0,none,0.333,0.6,23.67,23.93,29.0,3.67,-11.0,0,0,0,0,2.0,0.0,1.03,False,6,False,0.25,1.0,0.162,decreasing,0.109,1
PM-SYN-069,2026-08-19T09:48:00+08:00,15m,23,25,stale_gps,stale,medium,clear,0.78,wharf,False,high,0,none,0.0,0.4,21.67,23.93,24.0,3.63,-1.0,0,0,0,0,4.0,0.0,1.07,False,8,False,0.25,1.0,0.109,decreasing,0.08,1
PM-SYN-069,2026-08-19T09:50:00+08:00,15m,28,25,stale_gps,stale,medium,clear,0.78,wharf,False,high,3,minor,0.333,0.4,23.0,24.33,28.0,3.93,10.0,0,0,0,0,6.0,0.04,1.1,False,10,False,0.25,1.0,0.08,stable,0.092,0
PM-SYN-069,2026-08-19T09:52:00+08:00,15m,28,25,normal_update,fresh,medium,clear,0.78,wharf,False,high,3,minor,0.667,0.4,26.33,24.53,28.0,3.71,5.0,0,0,0,0,6.0,0.028,1.13,False,12,False,0.25,1.0,0.092,stable,0.125,0
PM-SYN-069,2026-08-19T09:54:00+08:00,15m,26,25,normal_update,delayed,medium,clear,0.78,wharf,False,high,1,minor,1.0,0.6,27.33,24.67,28.0,3.77,-2.0,0,0,0,0,4.0,0.0,1.17,False,14,False,0.25,1.0,0.125,decreasing,0.12,1
PM-SYN-069,2026-08-19T09:56:00+08:00,15m,25,25,normal_update,fresh,medium,clear,0.78,wharf,False,high,0,none,0.667,0.6,26.33,24.8,28.0,1.9,-3.0,0,0,0,0,4.0,0.0,1.2,False,0,False,0.25,1.0,0.12,decreasing,0.094,1
PM-SYN-069,2026-08-19T09:58:00+08:00,15m,25,25,normal_update,fresh,medium,clear,0.78,wharf,False,high,0,none,0.333,0.6,25.33,24.67,26.0,1.36,-1.0,0,0,0,0,4.0,0.0,1.23,False,2,False,0.25,1.0,0.094,decreasing,0.052,0
PM-SYN-069,2026-08-19T10:00:00+08:00,15m,27,25,normal_update,delayed,medium,clear,0.78,wharf,False,high,2,minor,0.333,0.6,25.67,25.0,27.0,1.17,2.0,0,0,0,0,4.0,0.028,1.27,False,4,False,0.25,1.0,0.052,stable,0.086,0
PM-SYN-069,2026-08-19T10:02:00+08:00,15m,30,25,normal_update,stale,medium,clear,0.78,wharf,False,high,5,minor,0.667,0.6,27.33,25.53,30.0,1.85,5.0,0,0,0,0,4.0,0.114,1.3,False,6,False,0.25,1.0,0.086,increasing,0.109,1
PM-SYN-069,2026-08-19T10:04:00+08:00,15m,19,25,normal_update,stale,medium,clear,0.78,wharf,False,high,0,none,0.667,0.4,25.33,25.33,30.0,3.6,-8.0,0,0,0,0,4.0,0.0,1.33,False,0,False,0.25,1.0,0.109,decreasing,0.097,1
PM-SYN-069,2026-08-19T10:06:00+08:00,15m,24,25,normal_update,fresh,medium,clear,0.78,wharf,False,high,0,none,0.333,0.4,24.33,25.2,30.0,3.63,-6.0,0,0,0,0,4.0,0.0,1.37,False,2,False,0.25,1.0,0.097,decreasing,0.145,1
PM-SYN-069,2026-08-19T10:08:00+08:00,15m,26,25,normal_update,fresh,medium,clear,0.78,wharf,False,high,1,minor,0.333,0.6,23.0,25.2,26.0,3.66,7.0,0,0,0,0,4.0,0.0,1.4,False,0,True,0.25,1.0,0.145,decreasing,0.194,1
PM-SYN-069,2026-08-19T10:10:00+08:00,15m,21,25,normal_update,fresh,medium,clear,0.78,wharf,False,high,0,none,0.333,0.4,23.67,24.87,26.0,3.85,-3.0,0,0,0,0,4.0,0.0,1.43,False,2,True,0.25,1.0,0.194,decreasing,0.182,1
PM-SYN-069,2026-08-19T10:12:00+08:00,15m,27,25,normal_update,fresh,medium,clear,0.78,wharf,False,high,2,minor,0.667,0.4,24.67,24.73,27.0,3.01,1.0,0,0,0,0,4.0,0.0,1.47,False,0,True,0.25,1.0,0.182,decreasing,0.162,1
PM-SYN-069,2026-08-19T10:14:00+08:00,15m,22,25,normal_update,fresh,medium,clear,0.78,wharf,False,high,0,none,0.333,0.4,23.33,24.6,27.0,2.28,1.0,0,0,0,0,4.0,0.0,1.5,False,2,True,0.25,1.0,0.162,decreasing,0.064,1
PM-SYN-069,2026-08-19T10:16:00+08:00,15m,32,25,speeding,delayed,medium,clear,0.78,wharf,False,high,7,minor,0.667,0.6,27.0,25.53,32.0,3.93,5.0,0,0,0,0,6.0,0.216,1.53,False,4,True,0.25,1.0,0.064,increasing,0.165,1
PM-SYN-069,2026-08-19T10:18:00+08:00,15m,37,25,speeding,fresh,medium,clear,0.78,wharf,False,high,12,moderate,0.667,0.6,30.33,26.47,37.0,6.05,15.0,0,0,0,0,6.0,0.315,1.57,False,6,True,0.25,1.0,0.165,increasing,0.178,1
PM-SYN-069,2026-08-19T10:20:00+08:00,15m,18,25,normal_update,delayed,medium,clear,0.78,wharf,False,high,0,none,0.667,0.6,29.0,25.8,37.0,6.79,-14.0,0,0,0,0,4.0,0.0,1.6,False,8,True,0.25,1.0,0.178,decreasing,0.112,1
PM-SYN-069,2026-08-19T10:22:00+08:00,15m,31,25,normal_update,fresh,medium,clear,0.78,wharf,False,high,6,minor,0.667,0.6,28.67,26.0,37.0,6.96,-6.0,0,0,0,0,4.0,0.128,1.63,False,10,True,0.25,1.0,0.112,increasing,0.115,0
PM-SYN-069,2026-08-19T10:24:00+08:00,15m,31,25,normal_update,delayed,medium,clear,0.78,wharf,False,high,6,minor,0.667,0.8,26.67,26.33,31.0,6.31,13.0,0,0,0,0,4.0,0.125,1.67,False,12,True,0.25,1.0,0.115,increasing,0.191,0
PM-SYN-069,2026-08-19T10:26:00+08:00,15m,23,25,normal_update,fresh,medium,clear,0.78,wharf,False,high,0,none,0.667,0.6,28.33,26.2,31.0,6.69,-8.0,0,0,0,0,4.0,0.0,1.7,False,14,False,0.25,1.0,0.191,decreasing,0.074,0
PM-SYN-069,2026-08-19T10:28:00+08:00,15m,24,25,normal_update,fresh,medium,clear,0.78,wharf,False,high,0,none,0.333,0.4,26.0,26.13,31.0,5.0,-7.0,0,0,0,0,4.0,0.0,1.73,False,16,False,0.25,1.0,0.074,decreasing,0.052,0
PM-SYN-069,2026-08-19T10:30:00+08:00,15m,25,25,normal_update,fresh,medium,clear,0.78,wharf,False,high,0,none,0.0,0.4,24.0,26.0,25.0,3.49,2.0,0,0,0,0,4.0,0.0,1.77,False,18,False,0.25,1.0,0.052,decreasing,0.107,0
PM-SYN-069,2026-08-19T10:32:00+08:00,15m,26,25,normal_update,delayed,medium,clear,0.78,wharf,False,high,1,minor,0.333,0.4,25.0,25.73,26.0,2.79,2.0,0,0,0,0,4.0,0.0,1.8,False,20,False,0.25,1.0,0.107,decreasing,0.1,0
PM-SYN-069,2026-08-19T10:34:00+08:00,15m,20,25,normal_update,fresh,medium,clear,0.78,wharf,False,high,0,none,0.333,0.2,23.67,25.8,26.0,2.06,-5.0,0,0,0,0,4.0,0.0,1.83,False,22,False,0.25,1.0,0.1,decreasing,0.036,0
PM-SYN-069,2026-08-19T10:36:00+08:00,15m,31,25,speeding,delayed,medium,clear,0.78,wharf,False,high,6,minor,0.667,0.4,25.67,26.27,31.0,3.54,5.0,0,0,0,0,6.0,0.204,1.87,False,24,False,0.25,1.0,0.036,increasing,0.105,0
PM-SYN-069,2026-08-19T10:38:00+08:00,15m,23,25,normal_update,fresh,medium,clear,0.78,wharf,False,high,0,none,0.333,0.4,24.67,26.07,31.0,3.63,3.0,0,0,0,0,6.0,0.0,1.9,False,26,False,0.25,1.0,0.105,decreasing,0.05,0
PM-SYN-069,2026-08-19T10:40:00+08:00,15m,30,25,normal_update,fresh,medium,clear,0.78,wharf,False,high,5,minor,0.667,0.6,28.0,26.67,31.0,4.15,-1.0,0,0,0,0,6.0,0.15,1.93,False,28,False,0.25,1.0,0.05,increasing,0.109,0
PM-SYN-069,2026-08-19T10:42:00+08:00,15m,24,25,normal_update,fresh,medium,clear,0.78,wharf,False,high,0,none,0.333,0.4,25.67,26.47,30.0,4.22,1.0,0,0,0,0,6.0,0.0,1.97,False,30,False,0.25,1.0,0.109,decreasing,0.118,0
PM-SYN-069,2026-08-19T10:44:00+08:00,15m,19,25,normal_update,fresh,medium,clear,0.78,wharf,False,high,0,none,0.333,0.4,24.33,26.27,30.0,4.5,-11.0,0,0,0,0,6.0,0.0,2.0,False,32,False,0.25,1.0,0.118,decreasing,0.127,0
PM-SYN-069,2026-08-19T10:46:00+08:00,15m,17,25,normal_update,delayed,medium,clear,0.78,wharf,False,high,0,none,0.0,0.2,20.0,25.27,24.0,4.5,-7.0,0,0,0,0,4.0,0.0,2.03,False,34,False,0.25,1.0,0.127,decreasing,0.054,0
PM-SYN-069,2026-08-19T10:48:00+08:00,15m,27,25,normal_update,delayed,medium,clear,0.78,wharf,False,high,2,minor,0.333,0.4,21.0,24.6,27.0,4.84,8.0,0,0,0,0,2.0,0.026,2.07,False,36,False,0.25,1.0,0.054,stable,0.058,0
PM-SYN-069,2026-08-19T10:50:00+08:00,15m,23,25,normal_update,fresh,medium,clear,0.78,wharf,False,high,0,none,0.333,0.2,22.33,24.93,27.0,3.58,6.0,0,0,0,0,2.0,0.0,2.1,False,38,False,0.25,1.0,0.058,decreasing,0.078,0
PM-SYN-069,2026-08-19T10:52:00+08:00,15m,25,25,normal_update,fresh,medium,clear,0.78,wharf,False,high,0,none,0.333,0.2,25.0,24.53,27.0,3.71,-2.0,0,0,0,0,2.0,0.0,2.13,False,40,False,0.25,1.0,0.078,decreasing,0.06,0
PM-SYN-069,2026-08-19T10:54:00+08:00,15m,18,25,sharp_turn,fresh,medium,clear,0.78,wharf,False,high,0,none,0.0,0.2,22.0,23.67,25.0,3.9,-5.0,0,1,0,1,4.0,0.02,2.17,False,42,False,0.25,1.0,0.06,stable,0.062,0
PM-SYN-069,2026-08-19T10:56:00+08:00,15m,29,25,normal_update,fresh,medium,clear,0.78,wharf,False,high,4,minor,0.333,0.4,24.0,24.07,29.0,3.77,4.0,0,1,0,1,4.0,0.178,2.2,False,44,False,0.25,1.0,0.062,increasing,0.074,0
PM-SYN-069,2026-08-19T10:58:00+08:00,15m,33,25,normal_update,fresh,medium,clear,0.78,wharf,False,high,8,minor,0.667,0.4,26.67,24.67,33.0,5.12,15.0,0,1,0,1,4.0,0.326,2.23,False,46,False,0.25,1.0,0.074,increasing,0.176,0
PM-SYN-069,2026-08-19T11:00:00+08:00,15m,25,25,normal_update,fresh,medium,clear,0.78,wharf,False,high,0,none,0.667,0.4,29.0,24.67,33.0,4.98,-4.0,0,1,0,1,4.0,0.0,2.27,False,48,False,0.25,1.0,0.176,decreasing,0.094,0
PM-SYN-069,2026-08-19T11:02:00+08:00,15m,24,25,normal_update,fresh,medium,clear,0.78,wharf,False,high,0,none,0.333,0.4,27.33,24.53,33.0,5.04,-9.0,0,1,0,1,4.0,0.0,2.3,False,50,False,0.25,1.0,0.094,stable,0.101,0
PM-SYN-069,2026-08-19T11:04:00+08:00,15m,23,25,normal_update,fresh,medium,clear,0.78,wharf,False,high,0,none,0.0,0.4,24.0,24.73,25.0,3.71,-2.0,0,0,0,0,4.0,0.0,2.33,False,52,False,0.25,1.0,0.101,decreasing,0.067,0
PM-SYN-069,2026-08-19T11:06:00+08:00,15m,22,25,normal_update,fresh,medium,clear,0.78,wharf,False,high,0,none,0.0,0.2,23.0,24.13,24.0,3.93,-2.0,0,0,0,0,2.0,0.0,2.37,False,54,False,0.25,1.0,0.067,decreasing,0.106,0
PM-SYN-070,2026-08-19T06:41:00+08:00,15m,41,40,normal_update,fresh,high,rain,0.66,restricted,False,medium,1,minor,0.333,0.2,36.33,37.0,41.0,2.83,8.0,0,0,0,0,6.0,0.0,0.5,True,999.0,False,0.75,0.7,0.248,decreasing,0.084,0
PM-SYN-070,2026-08-19T06:43:00+08:00,15m,34,40,harsh_brake,fresh,high,rain,0.66,restricted,False,medium,0,none,0.333,0.2,36.67,36.8,41.0,2.87,-1.0,1,0,1,0,6.0,0.0,0.53,True,999.0,False,0.75,0.7,0.084,stable,0.081,0
PM-SYN-070,2026-08-19T06:45:00+08:00,15m,37,40,sharp_turn,fresh,high,rain,0.66,restricted,False,medium,0,none,0.333,0.2,37.33,36.73,41.0,2.83,-4.0,1,1,1,1,8.0,0.079,0.57,True,999.0,False,0.75,0.7,0.081,increasing,0.069,0
PM-SYN-070,2026-08-19T06:47:00+08:00,15m,35,40,normal_update,fresh,high,rain,0.66,restricted,False,medium,0,none,0.0,0.2,35.33,36.8,37.0,2.5,1.0,1,1,1,1,8.0,0.091,0.6,True,999.0,False,0.75,0.7,0.069,increasing,0.079,0
PM-SYN-070,2026-08-19T06:49:00+08:00,15m,38,40,normal_update,fresh,high,rain,0.66,restricted,False,medium,0,none,0.0,0.2,36.67,36.87,38.0,2.45,1.0,1,1,1,1,8.0,0.081,0.63,True,999.0,False,0.75,0.7,0.079,increasing,0.07,0
PM-SYN-070,2026-08-19T06:51:00+08:00,15m,36,40,normal_update,fresh,high,rain,0.66,restricted,False,medium,0,none,0.0,0.0,36.33,36.8,38.0,1.41,1.0,1,1,1,1,6.0,0.09,0.67,True,999.0,False,0.75,0.7,0.07,increasing,0.131,0
PM-SYN-070,2026-08-19T06:53:00+08:00,15m,42,40,normal_update,fresh,high,rain,0.66,restricted,False,medium,2,minor,0.333,0.2,38.67,37.33,42.0,2.42,4.0,0,1,0,1,4.0,0.029,0.7,True,999.0,False,0.75,0.7,0.131,stable,0.051,0
PM-SYN-070,2026-08-19T06:55:00+08:00,15m,40,40,normal_update,fresh,high,rain,0.66,restricted,False,medium,0,none,0.333,0.2,39.33,37.47,42.0,2.56,4.0,0,0,0,0,4.0,0.0,0.73,True,999.0,False,0.75,0.7,0.051,decreasing,0.072,0
PM-SYN-070,2026-08-19T06:57:00+08:00,15m,39,40,stale_gps,stale,high,rain,0.66,restricted,False,medium,0,none,0.333,0.2,40.33,37.27,42.0,2.0,-3.0,0,0,0,0,6.0,0.0,0.77,True,999.0,False,0.75,0.7,0.072,decreasing,0.046,0
PM-SYN-070,2026-08-19T06:59:00+08:00,15m,35,40,normal_update,fresh,high,rain,0.66,restricted,False,medium,0,none,0.0,0.2,38.0,37.07,40.0,2.58,-5.0,0,0,0,0,6.0,0.0,0.8,True,999.0,False,0.75,0.7,0.046,decreasing,0.089,0
PM-SYN-070,2026-08-19T07:01:00+08:00,15m,36,40,normal_update,fresh,high,rain,0.66,restricted,False,medium,0,none,0.0,0.2,36.67,36.8,39.0,2.58,-3.0,0,0,0,0,6.0,0.0,0.83,False,999.0,False,0.75,0.7,0.089,decreasing,0.057,0
PM-SYN-070,2026-08-19T07:03:00+08:00,15m,44,40,normal_update,fresh,high,rain,0.66,restricted,False,medium,4,minor,0.333,0.2,38.33,37.27,44.0,3.19,9.0,0,0,0,0,6.0,0.103,0.87,False,999.0,False,0.75,0.7,0.057,increasing,0.035,0
PM-SYN-070,2026-08-19T07:05:00+08:00,15m,37,40,normal_update,fresh,high,rain,0.66,restricted,False,medium,0,none,0.333,0.2,39.0,37.47,44.0,3.19,1.0,0,0,0,0,6.0,0.0,0.9,False,999.0,False,0.75,0.7,0.035,stable,0.036,0
PM-SYN-070,2026-08-19T07:07:00+08:00,15m,44,40,normal_update,fresh,high,rain,0.66,restricted,False,medium,4,minor,0.667,0.4,41.67,38.2,44.0,3.97,0.0,0,0,0,0,6.0,0.124,0.93,False,999.0,False,0.75,0.7,0.036,increasing,0.133,0
PM-SYN-070,2026-08-19T07:09:00+08:00,15m,37,40,normal_update,delayed,high,rain,0.66,restricted,False,medium,0,none,0.333,0.4,39.33,38.33,44.0,3.61,0.0,0,0,0,0,6.0,0.0,0.97,False,999.0,False,0.75,0.7,0.133,decreasing,0.109,1
PM-SYN-070,2026-08-19T07:11:00+08:00,15m,36,40,normal_update,fresh,high,rain,0.66,restricted,False,medium,0,none,0.333,0.4,39.0,38.0,44.0,3.61,-8.0,0,0,0,0,6.0,0.0,1.0,False,0,False,0.75,0.7,0.109,decreasing,0.082,1
PM-SYN-070,2026-08-19T07:13:00+08:00,15m,41,40,normal_update,fresh,high,rain,0.66,restricted,False,medium,1,minor,0.333,0.4,38.0,38.47,41.0,3.03,4.0,0,0,0,0,4.0,0.0,1.03,False,0,False,0.75,0.7,0.082,decreasing,0.043,1
PM-SYN-070,2026-08-19T07:15:00+08:00,15m,49,40,speeding,fresh,high,rain,0.66,restricted,False,medium,9,minor,0.667,0.6,42.0,39.27,49.0,4.76,13.0,0,0,0,0,4.0,0.317,1.07,False,2,False,0.75,0.7,0.043,increasing,0.178,0
PM-SYN-070,2026-08-19T07:17:00+08:00,15m,42,40,normal_update,delayed,high,rain,0.66,restricted,False,medium,2,minor,1.0,0.6,44.0,39.73,49.0,4.6,1.0,0,0,0,0,4.0,0.0,1.1,False,4,False,0.75,0.7,0.178,decreasing,0.089,0
PM-SYN-070,2026-08-19T07:19:00+08:00,15m,35,40,normal_update,fresh,high,rain,0.66,restricted,False,medium,0,none,0.667,0.6,42.0,39.53,49.0,5.0,-14.0,0,0,0,0,4.0,0.0,1.13,False,6,False,0.75,0.7,0.089,decreasing,0.077,0
PM-SYN-070,2026-08-19T07:21:00+08:00,15m,40,40,normal_update,fresh,high,rain,0.66,restricted,False,medium,0,none,0.333,0.6,39.0,39.8,42.0,4.5,-2.0,0,0,0,0,4.0,0.0,1.17,False,8,False,0.75,0.7,0.077,decreasing,0.094,0
PM-SYN-070,2026-08-19T07:23:00+08:00,15m,33,40,normal_update,delayed,high,rain,0.66,restricted,False,medium,0,none,0.0,0.4,36.0,39.2,40.0,5.64,-2.0,0,0,0,0,4.0,0.0,1.2,False,10,False,0.75,0.7,0.094,decreasing,0.101,0
PM-SYN-070,2026-08-19T07:25:00+08:00,15m,45,40,speeding,fresh,high,rain,0.66,restricted,False,medium,5,minor,0.333,0.4,39.33,39.53,45.0,4.43,5.0,0,0,0,0,6.0,0.099,1.23,False,12,False,0.75,0.7,0.101,increasing,0.079,0
PM-SYN-070,2026-08-19T07:27:00+08:00,15m,40,40,normal_update,stale,high,rain,0.66,restricted,False,medium,0,none,0.333,0.2,39.33,39.6,45.0,4.22,7.0,0,0,0,0,4.0,0.0,1.27,False,14,False,0.75,0.7,0.079,decreasing,0.042,0
PM-SYN-070,2026-08-19T07:29:00+08:00,15m,46,40,speeding,fresh,high,rain,0.66,restricted,False,medium,6,minor,0.667,0.4,43.67,40.33,46.0,4.62,1.0,0,0,0,0,6.0,0.198,1.3,False,16,False,0.75,0.7,0.042,increasing,0.124,0
PM-SYN-070,2026-08-19T07:31:00+08:00,15m,33,40,normal_update,stale,high,rain,0.66,restricted,False,medium,0,none,0.333,0.4,39.67,40.13,46.0,5.61,-7.0,0,0,0,0,6.0,0.0,1.33,False,18,False,0.75,0.7,0.124,decreasing,0.07,0
PM-SYN-070,2026-08-19T07:33:00+08:00,15m,37,40,normal_update,fresh,high,rain,0.66,restricted,False,medium,0,none,0.333,0.4,38.67,39.67,46.0,4.87,-9.0,0,0,0,0,6.0,0.0,1.37,False,20,False,0.75,0.7,0.07,decreasing,0.09,0
PM-SYN-070,2026-08-19T07:35:00+08:00,15m,50,40,harsh_brake,fresh,high,rain,0.66,restricted,False,medium,10,minor,0.333,0.4,40.0,40.53,50.0,6.11,17.0,1,0,1,0,8.0,0.39,1.4,False,22,False,0.75,0.7,0.09,increasing,0.141,0
PM-SYN-070,2026-08-19T07:37:00+08:00,15m,36,40,normal_update,delayed,high,rain,0.66,restricted,False,medium,0,none,0.333,0.4,41.0,40.0,50.0,6.47,-1.0,1,0,1,0,8.0,0.0,1.43,False,24,False,0.75,0.7,0.141,decreasing,0.134,0
PM-SYN-070,2026-08-19T07:39:00+08:00,15m,40,40,harsh_brake,fresh,high,rain,0.66,restricted,False,medium,0,none,0.333,0.2,42.0,40.2,50.0,5.84,-10.0,2,0,2,0,10.0,0.026,1.47,False,26,False,0.75,0.7,0.134,stable,0.183,0
PM-SYN-070,2026-08-19T07:41:00+08:00,15m,37,40,normal_update,delayed,high,rain,0.66,restricted,False,medium,0,none,0.0,0.2,37.67,40.27,40.0,5.18,1.0,2,0,2,0,10.0,0.0,1.5,False,28,False,0.75,0.7,0.183,stable,0.104,0
PM-SYN-070,2026-08-19T07:43:00+08:00,15m,35,40,normal_update,delayed,high,rain,0.66,restricted,False,medium,0,none,0.0,0.2,37.33,39.87,40.0,5.46,-5.0,2,0,2,0,10.0,0.056,1.53,False,30,False,0.75,0.7,0.104,increasing,0.073,0
PM-SYN-070,2026-08-19T07:45:00+08:00,15m,38,40,normal_update,fresh,high,rain,0.66,restricted,False,medium,0,none,0.0,0.0,36.67,39.13,38.0,1.72,1.0,1,0,1,0,8.0,0.007,1.57,False,32,False,0.75,0.7,0.073,stable,0.061,0
PM-SYN-070,2026-08-19T07:47:00+08:00,15m,38,40,normal_update,delayed,high,rain,0.66,restricted,False,medium,0,none,0.0,0.0,37.0,38.87,38.0,1.62,3.0,1,0,1,0,8.0,0.019,1.6,False,34,False,0.75,0.7,0.061,stable,0.036,0
PM-SYN-070,2026-08-19T07:49:00+08:00,15m,40,40,normal_update,delayed,high,rain,0.66,restricted,False,medium,0,none,0.0,0.0,38.67,39.2,40.0,1.62,2.0,0,0,0,0,8.0,0.0,1.63,False,36,False,0.75,0.7,0.036,stable,0.072,1
PM-SYN-070,2026-08-19T07:51:00+08:00,15m,38,40,normal_update,fresh,high,rain,0.66,restricted,False,medium,0,none,0.0,0.0,38.67,39.07,40.0,1.6,0.0,0,0,0,0,8.0,0.0,1.67,False,0,False,0.75,0.7,0.072,decreasing,0.063,1
PM-SYN-070,2026-08-19T07:53:00+08:00,15m,48,40,normal_update,fresh,high,rain,0.66,restricted,False,medium,8,minor,0.333,0.2,42.0,40.07,48.0,3.88,8.0,0,0,0,0,8.0,0.257,1.7,False,2,False,0.75,0.7,0.063,increasing,0.091,0
PM-SYN-070,2026-08-19T07:55:00+08:00,15m,45,40,speeding,fresh,high,rain,0.66,restricted,False,medium,5,minor,0.667,0.4,43.67,40.07,48.0,4.02,7.0,0,0,0,0,8.0,0.109,1.73,False,4,False,0.75,0.7,0.091,increasing,0.049,0
PM-SYN-070,2026-08-19T07:57:00+08:00,15m,33,40,normal_update,fresh,high,rain,0.66,restricted,False,medium,0,none,0.667,0.4,42.0,39.6,48.0,5.27,-15.0,0,0,0,0,8.0,0.0,1.77,False,6,False,0.75,0.7,0.049,decreasing,0.136,1
PM-SYN-070,2026-08-19T07:59:00+08:00,15m,33,40,normal_update,fresh,high,rain,0.66,restricted,False,medium,0,none,0.333,0.4,37.0,38.73,45.0,6.15,-12.0,0,0,0,0,6.0,0.0,1.8,False,0,True,0.75,0.7,0.136,decreasing,0.109,1
PM-SYN-070,2026-08-19T08:01:00+08:00,15m,40,40,normal_update,delayed,high,rain,0.66,restricted,False,medium,0,none,0.0,0.4,35.33,39.2,40.0,6.11,7.0,0,0,0,0,6.0,0.0,1.83,False,2,True,0.75,0.7,0.109,decreasing,0.112,1
PM-SYN-070,2026-08-19T08:03:00+08:00,15m,38,40,normal_update,fresh,high,rain,0.66,restricted,False,medium,0,none,0.0,0.2,37.0,39.27,40.0,4.53,5.0,0,0,0,0,6.0,0.0,1.87,False,4,True,0.75,0.7,0.112,decreasing,0.069,0
PM-SYN-070,2026-08-19T08:05:00+08:00,15m,33,40,normal_update,delayed,high,rain,0.66,restricted,False,medium,0,none,0.0,0.0,37.0,38.13,40.0,3.01,-7.0,0,0,0,0,4.0,0.0,1.9,False,6,True,0.75,0.7,0.069,decreasing,0.096,0
PM-SYN-070,2026-08-19T08:07:00+08:00,15m,36,40,normal_update,fresh,high,rain,0.66,restricted,False,medium,0,none,0.0,0.0,35.67,38.13,38.0,2.76,-2.0,0,0,0,0,4.0,0.0,1.93,False,8,True,0.75,0.7,0.096,decreasing,0.047,0
PM-SYN-070,2026-08-19T08:09:00+08:00,15m,38,40,normal_update,fresh,high,rain,0.66,restricted,False,medium,0,none,0.0,0.0,35.67,38.0,38.0,2.37,5.0,0,0,0,0,2.0,0.0,1.97,False,10,True,0.75,0.7,0.047,decreasing,0.036,0
PM-SYN-070,2026-08-19T08:11:00+08:00,15m,36,40,normal_update,delayed,high,rain,0.66,restricted,False,medium,0,none,0.0,0.0,36.67,37.93,38.0,1.83,0.0,0,0,0,0,2.0,0.0,2.0,False,12,True,0.75,0.7,0.036,stable,0.048,0
PM-SYN-070,2026-08-19T08:13:00+08:00,15m,46,40,normal_update,fresh,high,rain,0.66,restricted,False,medium,6,minor,0.333,0.2,40.0,38.67,46.0,4.4,8.0,0,0,0,0,2.0,0.192,2.03,False,14,False,0.75,0.7,0.048,increasing,0.065,0
PM-SYN-070,2026-08-19T08:15:00+08:00,15m,35,40,harsh_brake,delayed,high,rain,0.66,restricted,False,medium,0,none,0.333,0.2,39.0,38.47,46.0,4.02,-1.0,1,0,1,0,4.0,0.015,2.07,False,16,False,0.75,0.7,0.065,stable,0.079,0
PM-SYN-070,2026-08-19T08:17:00+08:00,15m,44,40,normal_update,delayed,high,rain,0.66,restricted,False,medium,4,minor,0.667,0.4,41.67,38.87,46.0,4.4,-2.0,1,0,1,0,4.0,0.161,2.1,False,18,False,0.75,0.7,0.079,increasing,0.124,0
PM-SYN-070,2026-08-19T08:19:00+08:00,15m,38,40,normal_update,fresh,high,rain,0.66,restricted,False,medium,0,none,0.333,0.4,39.0,38.73,44.0,4.4,3.0,1,0,1,0,4.0,0.0,2.13,False,20,False,0.75,0.7,0.124,decreasing,0.065,0
PM-SYN-070,2026-08-19T08:21:00+08:00,15m,46,40,harsh_brake,fresh,high,rain,0.66,restricted,False,medium,6,minor,0.667,0.6,42.67,39.27,46.0,4.49,2.0,2,0,2,0,6.0,0.335,2.17,False,22,False,0.75,0.7,0.065,increasing,0.164,0
PM-SYN-070,2026-08-19T08:23:00+08:00,15m,42,40,normal_update,fresh,high,rain,0.66,restricted,False,medium,2,minor,0.667,0.6,42.0,38.87,46.0,4.0,4.0,2,0,2,0,6.0,0.076,2.2,False,24,False,0.75,0.7,0.164,increasing,0.145,0
PM-SYN-070,2026-08-19T08:25:00+08:00,15m,48,40,normal_update,fresh,high,rain,0.66,restricted,False,medium,8,minor,1.0,0.8,45.33,39.07,48.0,3.44,2.0,1,0,1,0,4.0,0.255,2.23,False,26,False,0.75,0.7,0.145,increasing,0.158,0
PM-SYN-070,2026-08-19T08:27:00+08:00,15m,40,40,normal_update,fresh,high,rain,0.66,restricted,False,medium,0,none,0.667,0.6,43.33,39.53,48.0,3.71,-2.0,1,0,1,0,4.0,0.0,2.27,False,28,False,0.75,0.7,0.158,decreasing,0.176,0
PM-SYN-070,2026-08-19T08:29:00+08:00,15m,36,40,normal_update,delayed,high,rain,0.66,restricted,False,medium,0,none,0.333,0.6,41.33,39.73,48.0,4.27,-12.0,1,0,1,0,4.0,0.0,2.3,False,30,False,0.75,0.7,0.176,decreasing,0.123,0
PM-SYN-070,2026-08-19T08:31:00+08:00,15m,36,40,sharp_turn,fresh,high,rain,0.66,restricted,False,medium,0,none,0.0,0.4,37.33,39.47,40.0,4.45,-4.0,0,1,0,1,6.0,0.0,2.33,False,32,False,0.75,0.7,0.123,decreasing,0.098,0
PM-SYN-070,2026-08-19T08:33:00+08:00,15m,40,40,normal_update,fresh,high,rain,0.66,restricted,False,medium,0,none,0.0,0.2,37.33,39.6,40.0,4.38,4.0,0,1,0,1,6.0,0.0,2.37,False,34,False,0.75,0.7,0.098,stable,0.051,0
PM-SYN-071,2026-08-19T08:47:00+08:00,15m,21,25,stale_gps,stale,high,rain,0.66,restricted,False,medium,0,none,0.333,0.6,25.0,25.13,33.0,4.45,-12.0,0,1,0,1,8.0,0.0,0.5,False,999.0,False,0.75,0.7,0.324,decreasing,0.126,0
PM-SYN-071,2026-08-19T08:49:00+08:00,15m,30,25,normal_update,fresh,high,rain,0.66,restricted,False,medium,5,minor,0.333,0.6,24.0,25.8,30.0,4.79,9.0,0,1,0,1,8.0,0.154,0.53,False,999.0,False,0.75,0.7,0.126,increasing,0.202,0
PM-SYN-071,2026-08-19T08:51:00+08:00,15m,21,25,normal_update,fresh,high,rain,0.66,restricted,False,medium,0,none,0.333,0.4,24.0,25.73,30.0,5.23,0.0,0,1,0,1,8.0,0.0,0.57,False,999.0,False,0.75,0.7,0.202,decreasing,0.065,0
PM-SYN-071,2026-08-19T08:53:00+08:00,15m,26,25,harsh_brake,fresh,high,rain,0.66,restricted,False,medium,1,minor,0.667,0.4,25.67,25.13,30.0,3.66,-4.0,1,1,1,1,8.0,0.135,0.6,False,999.0,False,0.75,0.7,0.065,increasing,0.078,0
PM-SYN-071,2026-08-19T08:55:00+08:00,15m,29,25,normal_update,fresh,high,rain,0.66,restricted,False,medium,4,minor,0.667,0.6,25.33,25.73,29.0,3.83,8.0,1,0,1,0,8.0,0.162,0.63,False,999.0,False,0.75,0.7,0.078,increasing,0.221,1
PM-SYN-071,2026-08-19T08:57:00+08:00,15m,21,25,normal_update,fresh,high,rain,0.66,restricted,False,medium,0,none,0.667,0.6,25.33,25.4,29.0,3.83,-5.0,1,0,1,0,8.0,0.0,0.67,False,0,False,0.75,0.7,0.221,decreasing,0.148,1
PM-SYN-071,2026-08-19T08:59:00+08:00,15m,25,25,normal_update,fresh,high,rain,0.66,restricted,False,medium,0,none,0.333,0.4,25.0,24.87,29.0,3.07,-4.0,1,0,1,0,8.0,0.0,0.7,False,0,False,0.75,0.7,0.148,decreasing,0.058,1
PM-SYN-071,2026-08-19T09:01:00+08:00,15m,22,25,normal_update,delayed,high,rain,0.66,restricted,False,medium,0,none,0.0,0.4,22.67,24.8,25.0,2.87,1.0,1,0,1,0,8.0,0.022,0.73,False,0,False,0.75,0.7,0.058,stable,0.087,1
PM-SYN-071,2026-08-19T09:03:00+08:00,15m,19,25,stale_gps,stale,high,rain,0.66,restricted,False,medium,0,none,0.0,0.2,22.0,24.53,25.0,3.49,-6.0,0,0,0,0,10.0,0.0,0.77,False,2,False,0.75,0.7,0.087,decreasing,0.037,1
PM-SYN-071,2026-08-19T09:05:00+08:00,15m,24,25,normal_update,fresh,high,rain,0.66,restricted,False,medium,0,none,0.0,0.0,21.67,24.73,24.0,2.14,2.0,0,0,0,0,8.0,0.0,0.8,False,4,False,0.75,0.7,0.037,stable,0.036,1
PM-SYN-071,2026-08-19T09:07:00+08:00,15m,26,25,normal_update,fresh,high,rain,0.66,restricted,False,medium,1,minor,0.333,0.2,23.0,24.73,26.0,2.48,7.0,0,0,0,0,8.0,0.004,0.83,False,6,False,0.75,0.7,0.036,stable,0.081,1
PM-SYN-071,2026-08-19T09:09:00+08:00,15m,18,25,normal_update,delayed,high,rain,0.66,restricted,False,medium,0,none,0.333,0.2,22.67,24.13,26.0,2.99,-6.0,0,0,0,0,8.0,0.0,0.87,False,8,False,0.75,0.7,0.081,decreasing,0.074,1
PM-SYN-071,2026-08-19T09:11:00+08:00,15m,21,25,normal_update,fresh,high,rain,0.66,restricted,False,medium,0,none,0.333,0.2,21.67,23.8,26.0,3.01,-5.0,0,0,0,0,8.0,0.0,0.9,False,10,False,0.75,0.7,0.074,decreasing,0.097,0
PM-SYN-071,2026-08-19T09:13:00+08:00,15m,29,25,sharp_turn,fresh,high,rain,0.66,restricted,False,medium,4,minor,0.333,0.4,22.67,23.53,29.0,3.83,11.0,0,1,0,1,10.0,0.143,0.93,False,12,False,0.75,0.7,0.097,increasing,0.094,1
PM-SYN-071,2026-08-19T09:15:00+08:00,15m,32,25,normal_update,fresh,high,rain,0.66,restricted,False,medium,7,minor,0.667,0.6,27.33,24.27,32.0,5.11,11.0,0,1,0,1,8.0,0.266,0.97,False,0,False,0.75,0.7,0.094,increasing,0.092,1
PM-SYN-071,2026-08-19T09:17:00+08:00,15m,22,25,normal_update,delayed,high,rain,0.66,restricted,False,medium,0,none,0.667,0.4,27.67,24.33,32.0,5.24,-7.0,0,1,0,1,6.0,0.0,1.0,False,0,False,0.75,0.7,0.092,stable,0.113,1
PM-SYN-071,2026-08-19T09:19:00+08:00,15m,17,25,normal_update,fresh,high,rain,0.66,restricted,False,medium,0,none,0.333,0.4,23.67,23.47,32.0,5.49,-15.0,0,1,0,1,6.0,0.0,1.03,False,2,False,0.75,0.7,0.113,stable,0.135,1
PM-SYN-071,2026-08-19T09:21:00+08:00,15m,22,25,normal_update,fresh,high,rain,0.66,restricted,False,medium,0,none,0.0,0.4,20.33,23.53,22.0,5.39,0.0,0,1,0,1,6.0,0.0,1.07,False,4,False,0.75,0.7,0.135,decreasing,0.101,1
PM-SYN-071,2026-08-19T09:23:00+08:00,15m,30,25,normal_update,fresh,high,rain,0.66,restricted,False,medium,5,minor,0.333,0.4,23.0,23.8,30.0,5.57,13.0,0,0,0,0,4.0,0.099,1.1,False,6,False,0.75,0.7,0.101,increasing,0.051,1
PM-SYN-071,2026-08-19T09:25:00+08:00,15m,19,25,normal_update,fresh,high,rain,0.66,restricted,False,medium,0,none,0.333,0.2,23.67,23.13,30.0,4.43,-3.0,0,0,0,0,4.0,0.0,1.13,False,8,False,0.75,0.7,0.051,decreasing,0.044,1
PM-SYN-071,2026-08-19T09:27:00+08:00,15m,22,25,normal_update,fresh,high,rain,0.66,restricted,False,medium,0,none,0.333,0.2,23.67,23.2,30.0,4.43,-8.0,0,0,0,0,4.0,0.0,1.17,False,10,False,0.75,0.7,0.044,decreasing,0.062,1
PM-SYN-071,2026-08-19T09:29:00+08:00,15m,30,25,normal_update,fresh,high,rain,0.66,restricted,False,medium,5,minor,0.333,0.4,23.67,23.53,30.0,4.54,11.0,0,0,0,0,4.0,0.138,1.2,False,0,False,0.75,0.7,0.062,increasing,0.095,1
PM-SYN-071,2026-08-19T09:31:00+08:00,15m,28,25,normal_update,fresh,high,rain,0.66,restricted,False,medium,3,minor,0.667,0.6,26.67,23.93,30.0,4.49,6.0,0,0,0,0,4.0,0.025,1.23,False,2,False,0.75,0.7,0.095,stable,0.123,1
PM-SYN-071,2026-08-19T09:33:00+08:00,15m,23,25,normal_update,fresh,high,rain,0.66,restricted,False,medium,0,none,0.667,0.4,27.0,24.2,30.0,4.03,-7.0,0,0,0,0,2.0,0.0,1.27,False,4,False,0.75,0.7,0.123,decreasing,0.041,1
PM-SYN-071,2026-08-19T09:35:00+08:00,15m,24,25,normal_update,delayed,high,rain,0.66,restricted,False,medium,0,none,0.333,0.4,25.0,24.2,28.0,3.07,-4.0,0,0,0,0,2.0,0.0,1.3,False,6,False,0.75,0.7,0.041,decreasing,0.115,1
PM-SYN-071,2026-08-19T09:37:00+08:00,15m,32,25,normal_update,fresh,high,rain,0.66,restricted,False,medium,7,minor,0.333,0.6,26.33,24.6,32.0,3.44,9.0,0,0,0,0,2.0,0.165,1.33,False,8,False,0.75,0.7,0.115,increasing,0.098,1
PM-SYN-071,2026-08-19T09:39:00+08:00,15m,31,25,speeding,fresh,high,rain,0.66,restricted,False,medium,6,minor,0.667,0.6,29.0,25.47,32.0,3.61,7.0,0,0,0,0,4.0,0.142,1.37,False,10,False,0.75,0.7,0.098,increasing,0.167,1
PM-SYN-071,2026-08-19T09:41:00+08:00,15m,22,25,normal_update,fresh,high,rain,0.66,restricted,False,medium,0,none,0.667,0.4,28.33,25.53,32.0,4.22,-10.0,0,0,0,0,4.0,0.0,1.4,False,12,False,0.75,0.7,0.167,decreasing,0.054,1
PM-SYN-071,2026-08-19T09:43:00+08:00,15m,19,25,harsh_brake,fresh,high,rain,0.66,restricted,False,medium,0,none,0.333,0.4,24.0,24.87,31.0,5.08,-12.0,1,0,1,0,4.0,0.026,1.43,False,14,False,0.75,0.7,0.054,stable,0.121,0
PM-SYN-071,2026-08-19T09:45:00+08:00,15m,27,25,normal_update,fresh,high,rain,0.66,restricted,False,medium,2,minor,0.333,0.6,22.67,24.53,27.0,5.04,5.0,1,0,1,0,4.0,0.039,1.47,False,16,False,0.75,0.7,0.121,stable,0.162,0
PM-SYN-071,2026-08-19T09:47:00+08:00,15m,24,25,normal_update,fresh,high,rain,0.66,restricted,False,medium,0,none,0.333,0.4,23.33,24.67,27.0,4.13,5.0,1,0,1,0,4.0,0.0,1.5,False,18,False,0.75,0.7,0.162,decreasing,0.108,0
PM-SYN-071,2026-08-19T09:49:00+08:00,15m,19,25,normal_update,fresh,high,rain,0.66,restricted,False,medium,0,none,0.333,0.2,23.33,24.8,27.0,3.06,-8.0,1,0,1,0,4.0,0.0,1.53,False,20,False,0.75,0.7,0.108,stable,0.111,0
PM-SYN-071,2026-08-19T09:51:00+08:00,15m,22,25,normal_update,fresh,high,rain,0.66,restricted,False,medium,0,none,0.0,0.2,21.67,24.8,24.0,3.06,-2.0,1,0,1,0,4.0,0.0,1.57,False,22,False,0.75,0.7,0.111,stable,0.13,0
PM-SYN-071,2026-08-19T09:53:00+08:00,15m,21,25,normal_update,fresh,high,rain,0.66,restricted,False,medium,0,none,0.0,0.2,20.67,24.2,22.0,2.73,2.0,0,0,0,0,4.0,0.0,1.6,False,24,False,0.75,0.7,0.13,decreasing,0.04,0
PM-SYN-071,2026-08-19T09:55:00+08:00,15m,21,25,normal_update,fresh,high,rain,0.66,restricted,False,medium,0,none,0.0,0.0,21.33,24.33,22.0,1.62,-1.0,0,0,0,0,4.0,0.0,1.63,False,26,False,0.75,0.7,0.04,decreasing,0.075,0
PM-SYN-071,2026-08-19T09:57:00+08:00,15m,24,25,normal_update,fresh,high,rain,0.66,restricted,False,medium,0,none,0.0,0.0,22.0,24.47,24.0,1.62,3.0,0,0,0,0,4.0,0.0,1.67,False,28,False,0.75,0.7,0.075,decreasing,0.065,0
PM-SYN-071,2026-08-19T09:59:00+08:00,15m,20,25,normal_update,delayed,high,rain,0.66,restricted,False,medium,0,none,0.0,0.0,21.67,23.8,24.0,1.36,-1.0,0,0,0,0,4.0,0.0,1.7,False,30,False,0.75,0.7,0.065,decreasing,0.034,0
PM-SYN-071,2026-08-19T10:01:00+08:00,15m,23,25,normal_update,fresh,high,rain,0.66,restricted,False,medium,0,none,0.0,0.0,22.33,23.47,24.0,1.47,-1.0,0,0,0,0,4.0,0.0,1.73,False,32,False,0.75,0.7,0.034,stable,0.061,0
PM-SYN-071,2026-08-19T10:03:00+08:00,15m,24,25,harsh_brake,fresh,high,rain,0.66,restricted,False,medium,0,none,0.0,0.0,22.33,23.53,24.0,1.62,4.0,1,0,1,0,6.0,0.019,1.77,False,34,False,0.75,0.7,0.061,stable,0.073,0
PM-SYN-071,2026-08-19T10:05:00+08:00,15m,21,25,harsh_brake,fresh,high,rain,0.66,restricted,False,medium,0,none,0.0,0.0,22.67,23.33,24.0,1.62,-2.0,2,0,2,0,8.0,0.087,1.8,False,36,False,0.75,0.7,0.073,increasing,0.109,1
PM-SYN-071,2026-08-19T10:07:00+08:00,15m,22,25,normal_update,fresh,high,rain,0.66,restricted,False,medium,0,none,0.0,0.0,22.33,22.67,24.0,1.41,-2.0,2,0,2,0,8.0,0.051,1.83,False,0,False,0.75,0.7,0.109,increasing,0.083,1
PM-SYN-071,2026-08-19T10:09:00+08:00,15m,20,25,normal_update,fresh,high,rain,0.66,restricted,False,medium,0,none,0.0,0.0,21.0,21.93,22.0,1.41,-1.0,2,0,2,0,6.0,0.077,1.87,False,2,False,0.75,0.7,0.083,increasing,0.116,1
PM-SYN-071,2026-08-19T10:11:00+08:00,15m,25,25,normal_update,fresh,high,rain,0.66,restricted,False,medium,0,none,0.0,0.0,22.33,22.13,25.0,1.85,3.0,2,0,2,0,6.0,0.044,1.9,False,4,False,0.75,0.7,0.116,increasing,0.107,1
PM-SYN-071,2026-08-19T10:13:00+08:00,15m,24,25,normal_update,fresh,high,rain,0.66,restricted,False,medium,0,none,0.0,0.0,23.0,22.47,25.0,1.85,4.0,1,0,1,0,4.0,0.0,1.93,False,0,True,0.75,0.7,0.107,stable,0.119,1
PM-SYN-071,2026-08-19T10:15:00+08:00,15m,35,25,normal_update,delayed,high,rain,0.66,restricted,False,medium,10,minor,0.333,0.2,28.0,23.0,35.0,5.19,10.0,0,0,0,0,4.0,0.281,1.97,False,0,False,0.75,0.7,0.119,increasing,0.042,1
PM-SYN-071,2026-08-19T10:17:00+08:00,15m,25,25,normal_update,fresh,high,rain,0.66,restricted,False,medium,0,none,0.333,0.2,28.0,23.07,35.0,4.96,1.0,0,0,0,0,4.0,0.0,2.0,False,2,False,0.75,0.7,0.042,decreasing,0.032,1
PM-SYN-071,2026-08-19T10:19:00+08:00,15m,22,25,normal_update,fresh,high,rain,0.66,restricted,False,medium,0,none,0.333,0.2,27.33,23.27,35.0,4.53,-13.0,0,0,0,0,4.0,0.0,2.03,False,4,False,0.75,0.7,0.032,stable,0.083,1
PM-SYN-071,2026-08-19T10:21:00+08:00,15m,20,25,normal_update,fresh,high,rain,0.66,restricted,False,medium,0,none,0.0,0.2,22.33,23.13,25.0,5.19,-5.0,0,0,0,0,4.0,0.0,2.07,False,6,False,0.75,0.7,0.083,decreasing,0.099,1
PM-SYN-071,2026-08-19T10:23:00+08:00,15m,25,25,normal_update,fresh,high,rain,0.66,restricted,False,medium,0,none,0.0,0.2,22.33,23.4,25.0,5.16,3.0,0,0,0,0,4.0,0.0,2.1,False,0,False,0.75,0.7,0.099,decreasing,0.039,1
PM-SYN-071,2026-08-19T10:25:00+08:00,15m,23,25,normal_update,stale,high,rain,0.66,restricted,False,medium,0,none,0.0,0.0,22.67,23.53,25.0,1.9,3.0,0,0,0,0,4.0,0.0,2.13,False,2,False,0.75,0.7,0.039,stable,0.035,1
PM-SYN-071,2026-08-19T10:27:00+08:00,15m,22,25,normal_update,fresh,high,rain,0.66,restricted,False,medium,0,none,0.0,0.0,23.33,23.4,25.0,1.62,-3.0,0,0,0,0,4.0,0.0,2.17,False,4,False,0.75,0.7,0.035,stable,0.034,1
PM-SYN-071,2026-08-19T10:29:00+08:00,15m,18,25,harsh_brake,fresh,high,rain,0.66,restricted,False,medium,0,none,0.0,0.0,21.0,23.27,23.0,2.42,-5.0,1,0,1,0,6.0,0.046,2.2,False,6,False,0.75,0.7,0.034,increasing,0.09,0
PM-SYN-071,2026-08-19T10:31:00+08:00,15m,26,25,normal_update,stale,high,rain,0.66,restricted,False,medium,1,minor,0.333,0.2,22.0,23.47,26.0,2.79,4.0,1,0,1,0,6.0,0.03,2.23,False,8,False,0.75,0.7,0.09,stable,0.056,0
PM-SYN-071,2026-08-19T10:33:00+08:00,15m,26,25,normal_update,fresh,high,rain,0.66,restricted,False,medium,1,minor,0.667,0.4,23.33,23.6,26.0,2.97,8.0,1,0,1,0,4.0,0.064,2.27,False,10,False,0.75,0.7,0.056,increasing,0.154,0
PM-SYN-071,2026-08-19T10:35:00+08:00,15m,26,25,normal_update,fresh,high,rain,0.66,restricted,False,medium,1,minor,1.0,0.6,26.0,23.93,26.0,3.2,0.0,1,0,1,0,2.0,0.0,2.3,False,12,False,0.75,0.7,0.154,stable,0.148,0
PM-SYN-071,2026-08-19T10:37:00+08:00,15m,35,25,harsh_brake,fresh,high,rain,0.66,restricted,False,medium,10,minor,1.0,0.8,29.0,24.8,35.0,5.38,9.0,2,0,2,0,4.0,0.412,2.33,False,14,False,0.75,0.7,0.148,increasing,0.238,0
PM-SYN-071,2026-08-19T10:39:00+08:00,15m,37,25,normal_update,fresh,high,rain,0.66,restricted,False,medium,12,moderate,1.0,1.0,32.67,25.93,37.0,4.94,11.0,1,0,1,0,4.0,0.322,2.37,False,16,False,0.75,0.7,0.238,increasing,0.242,1
